identifier,name_english,name_korean,name_key_derived,name_key_derived_is_official,localized_names,source_file,source_line,color_raw,raw_fields,country_tag,country_type,tier,capital_state_key,culture_keys,religion_key,definition_comment
ELX,,엘리시움 신성제국 연방,Elx,false,"{""korean"":""엘리시움 신성제국 연방""}",common/country_definitions/00_countries.txt,15,"[83,247,252]","{""color"":[83,247,252],""country_type"":""recognized"",""tier"":""empire"",""cultures"":[""ilrenxhiel""],""capital"":""STATE_RARHELIYA""}",ELX,recognized,empire,STATE_RARHELIYA,"[""ilrenxhiel""]",,엘리시움 신성제국 연방
AXT,,아스텔란트 왕국,Axt,false,"{""korean"":""아스텔란트 왕국""}",common/country_definitions/00_countries.txt,26,"[34,122,49]","{""color"":[34,122,49],""country_type"":""unrecognized"",""tier"":""kingdom"",""cultures"":[""ilrenxhiel""],""capital"":""STATE_ANXHTELRANTH""}",AXT,unrecognized,kingdom,STATE_ANXHTELRANTH,"[""ilrenxhiel""]",,아스텔란트 왕국
ISV,,이스벨리야 공국,Isv,false,"{""korean"":""이스벨리야 공국""}",common/country_definitions/00_countries.txt,37,"[154,238,156]","{""color"":[154,238,156],""country_type"":""unrecognized"",""tier"":""principality"",""cultures"":[""ilrenxhiel""],""capital"":""STATE_ISVELRIYA""}",ISV,unrecognized,principality,STATE_ISVELRIYA,"[""ilrenxhiel""]",,이스벨리야 공국
ION,,이오니트 공국,Ion,false,"{""korean"":""이오니트 공국""}",common/country_definitions/00_countries.txt,48,"[226,80,135]","{""color"":[226,80,135],""country_type"":""unrecognized"",""tier"":""principality"",""cultures"":[""ilrenxhiel""],""capital"":""STATE_IOHNITH""}",ION,unrecognized,principality,STATE_IOHNITH,"[""ilrenxhiel""]",,이오니트 공국
PIY,,피예르토 왕국,Piy,false,"{""korean"":""피예르토 왕국""}",common/country_definitions/00_countries.txt,59,"[43,92,136]","{""color"":[43,92,136],""country_type"":""unrecognized"",""tier"":""kingdom"",""cultures"":[""ilrenxhiel""],""capital"":""STATE_PIYERHTO""}",PIY,unrecognized,kingdom,STATE_PIYERHTO,"[""ilrenxhiel""]",,피예르토 왕국
NIX,,니스첼란트 왕국,Nix,false,"{""korean"":""니스첼란트 왕국""}",common/country_definitions/00_countries.txt,70,"[122,34,67]","{""color"":[122,34,67],""country_type"":""unrecognized"",""tier"":""kingdom"",""cultures"":[""ilrenxhiel""],""capital"":""STATE_NIXHTSELRANTH""}",NIX,unrecognized,kingdom,STATE_NIXHTSELRANTH,"[""ilrenxhiel""]",,니스첼란트 왕국
EHE,,에헬라시야 연방왕국,Ehe,false,"{""korean"":""에헬라시야 연방왕국""}",common/country_definitions/00_countries.txt,81,"[86,197,107]","{""color"":[86,197,107],""country_type"":""recognized"",""tier"":""empire"",""cultures"":[""ilrenxhiel""],""capital"":""STATE_RIOXHUTATH""}",EHE,recognized,empire,STATE_RIOXHUTATH,"[""ilrenxhiel""]",,에헬라시야 연방왕국
ASL,,아슬라야 왕국,Asl,false,"{""korean"":""아슬라야 왕국""}",common/country_definitions/00_countries.txt,92,"[167,217,114]","{""color"":[167,217,114],""country_type"":""unrecognized"",""tier"":""kingdom"",""cultures"":[""ilrenxhiel""],""capital"":""STATE_RIXH""}",ASL,unrecognized,kingdom,STATE_RIXH,"[""ilrenxhiel""]",,아슬라야 왕국
KIY,,키예펠로츠 제국,Kiy,false,"{""korean"":""키예펠로츠 제국""}",common/country_definitions/00_countries.txt,103,"[234,130,144]","{""color"":[234,130,144],""country_type"":""recognized"",""tier"":""empire"",""cultures"":[""aspelriel""],""capital"":""STATE_KIYEFELROTS""}",KIY,recognized,empire,STATE_KIYEFELROTS,"[""aspelriel""]",,키예펠로츠 제국
APA,,아파첼라스 제국 연방,Apa,false,"{""korean"":""아파첼라스 제국 연방""}",common/country_definitions/00_countries.txt,111,"[199,219,105]","{""color"":[199,219,105],""country_type"":""recognized"",""tier"":""empire"",""cultures"":[""aspelriel""],""capital"":""STATE_AKAVANAH""}",APA,recognized,empire,STATE_AKAVANAH,"[""aspelriel""]",,아파첼라스 제국 연방
SPE,,스펠리츠 제국,Spe,false,"{""korean"":""스펠리츠 제국""}",common/country_definitions/00_countries.txt,119,"[204,40,40]","{""color"":[204,40,40],""country_type"":""recognized"",""tier"":""empire"",""cultures"":[""aspelriel""],""capital"":""STATE_SPELRITS""}",SPE,recognized,empire,STATE_SPELRITS,"[""aspelriel""]",,스펠리츠 제국
GRI,,그리엔드 공화국,Gri,false,"{""korean"":""그리엔드 공화국""}",common/country_definitions/00_countries.txt,127,"[20,21,184]","{""color"":[20,21,184],""country_type"":""recognized"",""tier"":""kingdom"",""cultures"":[""griaziel""],""capital"":""STATE_GRIENDH""}",GRI,recognized,kingdom,STATE_GRIENDH,"[""griaziel""]",,그리엔드 공화국
RAF,,라프첼란트 왕국,Raf,false,"{""korean"":""라프첼란트 왕국""}",common/country_definitions/00_countries.txt,135,"[77,63,237]","{""color"":[77,63,237],""country_type"":""unrecognized"",""tier"":""kingdom"",""cultures"":[""ilrenxhiel""],""capital"":""STATE_AFANXHINIAH""}",RAF,unrecognized,kingdom,STATE_AFANXHINIAH,"[""ilrenxhiel""]",,라프첼란트 왕국
RIX,,리스란트 왕국,Rix,false,"{""korean"":""리스란트 왕국""}",common/country_definitions/00_countries.txt,143,"[162,94,163]","{""color"":[162,94,163],""country_type"":""unrecognized"",""tier"":""kingdom"",""cultures"":[""griaziel""],""capital"":""STATE_RIXHRANTH""}",RIX,unrecognized,kingdom,STATE_RIXHRANTH,"[""griaziel""]",,리스란트 왕국
KRP,,카르펠라니아 왕국,Krp,false,"{""korean"":""카르펠라니아 왕국""}",common/country_definitions/00_countries.txt,151,"[158,131,175]","{""color"":[158,131,175],""country_type"":""unrecognized"",""tier"":""kingdom"",""cultures"":[""aspelriel""],""capital"":""STATE_KARFELRANIAH""}",KRP,unrecognized,kingdom,STATE_KARFELRANIAH,"[""aspelriel""]",,카르펠라니아 왕국
HAP,,하플라츠 왕국,Hap,false,"{""korean"":""하플라츠 왕국""}",common/country_definitions/00_countries.txt,159,"[36,93,194]","{""color"":[36,93,194],""country_type"":""unrecognized"",""tier"":""kingdom"",""cultures"":[""aspelriel""],""capital"":""STATE_HAPLRATS""}",HAP,unrecognized,kingdom,STATE_HAPLRATS,"[""aspelriel""]",,하플라츠 왕국
RXT,,류스텔라니아 연합왕국,Rxt,false,"{""korean"":""류스텔라니아 연합왕국""}",common/country_definitions/00_countries.txt,167,"[217,170,114]","{""color"":[217,170,114],""country_type"":""recognized"",""tier"":""kingdom"",""cultures"":[""ilrenxhiel""],""capital"":""STATE_RYUXHTELRONTH""}",RXT,recognized,kingdom,STATE_RYUXHTELRONTH,"[""ilrenxhiel""]",,류스텔라니아 연합왕국
OHE,,오헬리야 공화국,Ohe,false,"{""korean"":""오헬리야 공화국""}",common/country_definitions/00_countries.txt,175,"[175,131,156]","{""color"":[175,131,156],""country_type"":""unrecognized"",""tier"":""kingdom"",""cultures"":[""dyuelroniel""],""captial"":""STATE_AHELRONIAH""}",OHE,unrecognized,kingdom,,"[""dyuelroniel""]",,오헬리야 공화국
RHZ,,리히즐레니아 공화국,Rhz,false,"{""korean"":""리히즐레니아 공화국""}",common/country_definitions/00_countries.txt,183,"[235,244,135]","{""color"":[235,244,135],""country_type"":""recognized"",""tier"":""kingdom"",""cultures"":[""dyuelroniel""],""capital"":""STATE_RIHIZERTH""}",RHZ,recognized,kingdom,STATE_RIHIZERTH,"[""dyuelroniel""]",,리히즐레니아 공화국
RPT,,레판트 연방공화국,Rpt,false,"{""korean"":""레판트 연방공화국""}",common/country_definitions/00_countries.txt,191,"[108,109,168]","{""color"":[108,109,168],""country_tpye"":""recognized"",""tier"":""kingdom"",""cultures"":[""dyuelroniel""],""capital"":""STATE_REFANTH""}",RPT,,kingdom,STATE_REFANTH,"[""dyuelroniel""]",,레판트 연방공화국
AMR,,아마르니아 왕국,Amr,false,"{""korean"":""아마르니아 왕국""}",common/country_definitions/00_countries.txt,199,"[217,209,114]","{""color"":[217,209,114],""country_tpye"":""recognized"",""tier"":""kingdom"",""cultures"":[""ilrenxhiel""],""captial"":""STATE_AMARHNIAH""}",AMR,,kingdom,,"[""ilrenxhiel""]",,아마르니아 왕국
KRR,,대한-라이오니온 연방,Krr,false,"{""korean"":""대한-라이오니온 연방""}",common/country_definitions/00_countries.txt,209,"[151,196,209]","{""color"":[151,196,209],""country_type"":""recognized"",""tier"":""empire"",""cultures"":[""korean"",""ilrenxhiel""],""capital"":""STATE_SHINSEOUL""}",KRR,recognized,empire,STATE_SHINSEOUL,"[""korean"",""ilrenxhiel""]",,
TER,,테르체아 왕국,Ter,false,"{""korean"":""테르체아 왕국""}",common/country_definitions/00_countries.txt,220,"[171,89,39]","{""color"":[171,89,39],""country_type"":""unrecognized"",""tier"":""kingdom"",""cultures"":[""grazunta""],""capital"":""STATE_TERHCZEAH""}",TER,unrecognized,kingdom,STATE_TERHCZEAH,"[""grazunta""]",,테르체아 라이반국
VEX,,베스젤라츠 부족연합,Vex,false,"{""korean"":""베스젤라츠 부족연합""}",common/country_definitions/00_countries.txt,228,"[229,236,47]","{""color"":[229,236,47],""country_type"":""unrecognized"",""tier"":""principality"",""cultures"":[""grazunta""],""capital"":""STATE_VEXHZELATS""}",VEX,unrecognized,principality,STATE_VEXHZELATS,"[""grazunta""]",,베스젤라츠 부족연합
GRN,,그랑블루츠 미수복 지대,Grn,false,"{""korean"":""그랑블루츠 미수복 지대""}",common/country_definitions/00_countries.txt,236,"[135,46,99]","{""color"":[135,46,99],""country_type"":""decentralized"",""tier"":""principality"",""cultures"":[""grazunta""],""capital"":""STATE_DONIAH_GRANGBLRUTS""}",GRN,decentralized,principality,STATE_DONIAH_GRANGBLRUTS,"[""grazunta""]",,그랑블루츠 야만인 지대
IMS,,중앙 세나스 미수복 지대,Ims,false,"{""korean"":""중앙 세나스 미수복 지대""}",common/country_definitions/00_countries.txt,246,"[1,17,156]","{""color"":[1,17,156],""country_type"":""decentralized"",""cultures"":[""ilrenxhiel""],""capital"":""STATE_SHUTHFAL""}",IMS,decentralized,,STATE_SHUTHFAL,"[""ilrenxhiel""]",,중앙 세나스 미수복 지대
VBA,,고원 서부 미수복 지대,Vba,false,"{""korean"":""고원 서부 미수복 지대""}",common/country_definitions/00_countries.txt,253,"[0,10,41]","{""color"":[0,10,41],""country_type"":""decentralized"",""cultures"":[""ilrenxhiel""],""capital"":""STATE_AHALRANENTH""}",VBA,decentralized,,STATE_AHALRANENTH,"[""ilrenxhiel""]",,고원 서부 미수복 지대
EBA,,고원 동부 미수복 지대,Eba,false,"{""korean"":""고원 동부 미수복 지대""}",common/country_definitions/00_countries.txt,260,"[68,125,44]","{""color"":[68,125,44],""country_type"":""decentralized"",""cultures"":[""ilrenxhiel""],""capital"":""STATE_RUTORINVERKH""}",EBA,decentralized,,STATE_RUTORINVERKH,"[""ilrenxhiel""]",,고원 동부 미수복 지대
