culture_key,name_group,name_token,sequence,localized_names
ilrenxhiel,male_common_first_names,Elrakaxh,0,"{""korean"":""엘라카스""}"
ilrenxhiel,male_common_first_names,Elriots,1,"{""korean"":""엘리오츠""}"
ilrenxhiel,male_common_first_names,Ellirits,2,"{""korean"":""엘리리츠""}"
ilrenxhiel,male_common_first_names,Esrits,3,"{""korean"":""에스리츠""}"
ilrenxhiel,male_common_first_names,Aikhrith,4,"{""korean"":""아이크리트""}"
ilrenxhiel,male_common_first_names,Asvents,5,"{""korean"":""아스벤츠""}"
ilrenxhiel,male_common_first_names,Sheirits,6,"{""korean"":""셰이리츠""}"
ilrenxhiel,male_common_first_names,Hailrenits,7,"{""korean"":""하일레니츠""}"
ilrenxhiel,male_common_first_names,Hailrets,8,"{""korean"":""하일레츠""}"
ilrenxhiel,male_common_first_names,Dyurevits,9,"{""korean"":""듀레비츠""}"
ilrenxhiel,male_common_first_names,Erkaxh,10,"{""korean"":""에르카스""}"
ilrenxhiel,male_common_first_names,Erkats,11,"{""korean"":""에르카츠""}"
ilrenxhiel,male_common_first_names,Thiarth,12,"{""korean"":""티아르트""}"
ilrenxhiel,male_common_first_names,Kaelrots,13,"{""korean"":""카엘로츠""}"
ilrenxhiel,male_common_first_names,Zehin,14,"{""korean"":""제인""}"
ilrenxhiel,male_common_first_names,Vhelraits,15,"{""korean"":""벨라이츠""}"
ilrenxhiel,male_common_first_names,Perth,16,"{""korean"":""페르트""}"
ilrenxhiel,male_common_first_names,Edelren,17,"{""korean"":""에델렌""}"
ilrenxhiel,male_common_first_names,Zehint,18,"{""korean"":""제인트""}"
ilrenxhiel,male_common_first_names,Elrions,19,"{""korean"":""엘리온스""}"
ilrenxhiel,male_common_first_names,Yerkh,20,"{""korean"":""예르크""}"
ilrenxhiel,male_common_first_names,Kersterh,21,"{""korean"":""케르스테르""}"
ilrenxhiel,male_common_first_names,Zerphyts,22,"{""korean"":""제르피츠""}"
ilrenxhiel,male_common_first_names,Melreont,23,"{""korean"":""멜레온트""}"
ilrenxhiel,male_common_first_names,Zexherits,24,"{""korean"":""제셰리츠""}"
ilrenxhiel,male_common_first_names,Mertets,25,"{""korean"":""메르테츠""}"
ilrenxhiel,male_common_first_names,Enserth,26,"{""korean"":""엔세르트""}"
ilrenxhiel,male_common_first_names,Dernel,27,"{""korean"":""데르넬""}"
ilrenxhiel,male_common_first_names,Reien,28,"{""korean"":""레이엔""}"
ilrenxhiel,male_common_first_names,Xhemiel,29,"{""korean"":""셰미엘""}"
ilrenxhiel,male_common_first_names,Kevenits,30,"{""korean"":""케베니츠""}"
ilrenxhiel,male_common_first_names,Deyrits,31,"{""korean"":""데이리츠""}"
ilrenxhiel,male_common_first_names,Rekehn,32,"{""korean"":""레켄""}"
ilrenxhiel,male_common_first_names,Kerta,33,"{""korean"":""케르타""}"
ilrenxhiel,male_common_first_names,Herzent,34,"{""korean"":""헤르젠트""}"
ilrenxhiel,male_common_first_names,Endrits,35,"{""korean"":""엔드리츠""}"
ilrenxhiel,male_common_first_names,Henriats,36,"{""korean"":""헨리아츠""}"
ilrenxhiel,male_common_first_names,Nikelrits,37,"{""korean"":""니켈레츠""}"
ilrenxhiel,male_common_first_names,Kevern,38,"{""korean"":""케베른""}"
ilrenxhiel,male_common_first_names,Eriandh,39,"{""korean"":""에리안드""}"
ilrenxhiel,male_common_first_names,Zeits,40,"{""korean"":""제이츠""}"
ilrenxhiel,male_common_first_names,Eiot,41,"{""korean"":""에이어트""}"
ilrenxhiel,male_common_first_names,Ein,42,"{""korean"":""에인""}"
ilrenxhiel,male_common_first_names,Ertah,43,"{""korean"":""에르타""}"
ilrenxhiel,male_common_first_names,Tserth,44,"{""korean"":""체르트""}"
ilrenxhiel,male_common_first_names,Reits,45,"{""korean"":""레이츠""}"
ilrenxhiel,male_common_first_names,Merth,46,"{""korean"":""메르트""}"
ilrenxhiel,male_common_first_names,Erh,47,"{""korean"":""에르""}"
ilrenxhiel,male_common_first_names,Erfarth,48,"{""korean"":""에르파르트""}"
ilrenxhiel,male_common_first_names,Vernen,49,"{""korean"":""베르넨""}"
ilrenxhiel,male_common_first_names,Ereth,50,"{""korean"":""에르에트""}"
ilrenxhiel,male_common_first_names,Dernets,51,"{""korean"":""데르네츠""}"
ilrenxhiel,male_common_first_names,Zerts,52,"{""korean"":""제르츠""}"
ilrenxhiel,male_common_first_names,Perh,53,"{""korean"":""페르""}"
ilrenxhiel,male_common_first_names,Kerth,54,"{""korean"":""케르트""}"
ilrenxhiel,male_common_first_names,Termets,55,"{""korean"":""테르메츠""}"
ilrenxhiel,male_common_first_names,Reveht,56,"{""korean"":""레베트""}"
ilrenxhiel,male_common_first_names,Erzehn,57,"{""korean"":""에르젠""}"
ilrenxhiel,male_common_first_names,Krenoth,58,"{""korean"":""크레노트""}"
ilrenxhiel,male_common_first_names,Hyuelrth,59,"{""korean"":""휴엘르트""}"
ilrenxhiel,male_common_first_names,Renhreth,60,"{""korean"":""레느레트""}"
ilrenxhiel,male_common_first_names,Pernant,61,"{""korean"":""페르난트""}"
ilrenxhiel,male_common_first_names,Strevyun,62,"{""korean"":""스트레뷴""}"
ilrenxhiel,male_common_first_names,Zernents,63,"{""korean"":""제르넨츠""}"
ilrenxhiel,male_common_first_names,Retseanth,64,"{""korean"":""레체안트""}"
ilrenxhiel,male_common_first_names,Merakh,65,"{""korean"":""메아르크""}"
ilrenxhiel,male_common_first_names,Mekhts,66,"{""korean"":""메크츠""}"
ilrenxhiel,male_common_first_names,Skerth,67,"{""korean"":""스케르트""}"
ilrenxhiel,male_common_first_names,Derkent,68,"{""korean"":""데르켄트""}"
ilrenxhiel,male_common_first_names,Dekrats,69,"{""korean"":""데크라츠""}"
ilrenxhiel,male_common_first_names,Kerxh,70,"{""korean"":""케르스""}"
ilrenxhiel,male_common_first_names,Hehent,71,"{""korean"":""헤엔트""}"
ilrenxhiel,male_common_first_names,Rexherh,72,"{""korean"":""레세르""}"
ilrenxhiel,male_common_first_names,KErnetn,73,"{""korean"":""케르네튼""}"
ilrenxhiel,male_common_first_names,Reherh,74,"{""korean"":""레에르""}"
ilrenxhiel,male_common_first_names,Sterth,75,"{""korean"":""스테르트""}"
ilrenxhiel,male_common_first_names,Kentrth,76,"{""korean"":""켄트르트""}"
ilrenxhiel,male_common_first_names,Kerniah,77,"{""korean"":""케르니아""}"
ilrenxhiel,male_common_first_names,Ervets,78,"{""korean"":""에르베츠""}"
ilrenxhiel,male_common_first_names,Kernexh,79,"{""korean"":""케르네스""}"
ilrenxhiel,male_common_first_names,Relriots,80,"{""korean"":""렐리오츠""}"
ilrenxhiel,male_common_first_names,Eridien,81,"{""korean"":""에르디엔""}"
ilrenxhiel,male_common_first_names,Terneph,82,"{""korean"":""테르네프""}"
ilrenxhiel,male_common_first_names,Tairets,83,"{""korean"":""타이레츠""}"
ilrenxhiel,male_common_first_names,Roryanits,84,"{""korean"":""로랴니츠""}"
ilrenxhiel,male_common_first_names,Pertekh,85,"{""korean"":""페르테크""}"
ilrenxhiel,male_common_first_names,Heriont,86,"{""korean"":""헤리언트""}"
ilrenxhiel,male_common_first_names,Erehen,87,"{""korean"":""에르엔""}"
ilrenxhiel,male_common_first_names,Yuelrth,88,"{""korean"":""유엘르트""}"
ilrenxhiel,male_common_first_names,Yuarth,89,"{""korean"":""유아르트""}"
ilrenxhiel,male_common_first_names,Kerhtenh,90,"{""korean"":""케르테느""}"
ilrenxhiel,male_common_first_names,Perhkenth,91,"{""korean"":""페르켄트""}"
ilrenxhiel,male_common_first_names,Kerhikh,92,"{""korean"":""케르이크""}"
ilrenxhiel,male_common_first_names,Zeisth,93,"{""korean"":""제이스트""}"
ilrenxhiel,male_common_first_names,Merten,94,"{""korean"":""메르텐""}"
ilrenxhiel,male_common_first_names,Zestancz,95,"{""korean"":""제르탄츠""}"
ilrenxhiel,male_common_first_names,Herhats,96,"{""korean"":""헤르아츠""}"
ilrenxhiel,male_common_first_names,Kerkents,97,"{""korean"":""케르켄츠""}"
ilrenxhiel,male_common_first_names,Kernits,98,"{""korean"":""케르니츠""}"
ilrenxhiel,male_common_first_names,Sterts,99,"{""korean"":""스테르츠""}"
ilrenxhiel,male_common_first_names,Kerhern,100,"{""korean"":""케르헤른""}"
ilrenxhiel,male_common_first_names,Nerats,101,"{""korean"":""네르아츠""}"
ilrenxhiel,male_common_first_names,Zephrits,102,"{""korean"":""제프리츠""}"
ilrenxhiel,male_common_first_names,Hernarts,103,"{""korean"":""헤르나르츠""}"
ilrenxhiel,male_common_first_names,Riement,104,"{""korean"":""리에멘트""}"
ilrenxhiel,male_common_first_names,Phreth,105,"{""korean"":""프레트""}"
ilrenxhiel,male_common_first_names,Merxherh,106,"{""korean"":""메르셰르""}"
ilrenxhiel,female_common_first_names,Zehin,0,"{""korean"":""제인""}"
ilrenxhiel,noble_last_names,Dih_Ryuvlroczeah,0,"{""korean"":""디 류블로쳬아""}"
ilrenxhiel,noble_last_names,Dih_Ekthyvanah,1,"{""korean"":""디 엑티바나""}"
ilrenxhiel,noble_last_names,Dih_Hailreiyuem,2,"{""korean"":""디 하일레이움""}"
ilrenxhiel,noble_last_names,Dih_Kaelriniah,3,"{""korean"":""디 카엘리니아""}"
ilrenxhiel,noble_last_names,Dih_Ekkelrinverk,4,"{""korean"":""디 엑켈린베르크""}"
ilrenxhiel,noble_last_names,Dih_Akrenxhiah,5,"{""korean"":""디 아크렌시아""}"
ilrenxhiel,noble_last_names,Dih_Karota,6,"{""korean"":""디 카로타""}"
ilrenxhiel,common_last_names,Rehn_Graviroxh,0,"{""korean"":""렌 그라비로스""}"
ilrenxhiel,common_last_names,Rehn_Dyugarth,1,"{""korean"":""렌 듀가르트""}"
ilrenxhiel,common_last_names,Rehn_Grafilroxh,2,"{""korean"":""렌 그라필로스""}"
ilrenxhiel,common_last_names,Rehn_Dilreninsk,3,"{""korean"":""렌 딜레닌스크""}"
ilrenxhiel,common_last_names,Rehn_Diarnoth,4,"{""korean"":""렌 디아르노트""}"
ilrenxhiel,common_last_names,Rehn_Aalrith,5,"{""korean"":""렌 아알리트""}"
ilrenxhiel,common_last_names,Rehn_Diariots,6,"{""korean"":""렌 디아리오츠""}"
ilrenxhiel,common_last_names,Rehn_Ainkrath,7,"{""korean"":""렌 아인크라트""}"
ilrenxhiel,common_last_names,Rehn_Diarth,8,"{""korean"":""렌 디아르트""}"
ilrenxhiel,common_last_names,Rehn_Artits,9,"{""korean"":""렌 아르티츠""}"
ilrenxhiel,common_last_names,Rehn_Airiots,10,"{""korean"":""렌 아이리오츠""}"
ilrenxhiel,common_last_names,Rehn_Asiarith,11,"{""korean"":""렌 아시아리트""}"
ilrenxhiel,common_last_names,Rehn_Servinia,12,"{""korean"":""렌 세르비니아""}"
ilrenxhiel,common_last_names,Rehn_Arkatia,13,"{""korean"":""렌 아르카티아""}"
ilrenxhiel,common_last_names,Rehn_Yastrkh,14,"{""korean"":""렌 야스트르크""}"
ilrenxhiel,common_last_names,Rehn_Seivranth,15,"{""korean"":""렌 세이브란트""}"
ilrenxhiel,common_last_names,Rehn_Dearhrits,16,"{""korean"":""렌 데아르리츠""}"
ilrenxhiel,common_last_names,Xhehn_Serats,17,"{""korean"":""셴 세르아츠""}"
ilrenxhiel,common_last_names,Xhehn_Diarth,18,"{""korean"":""셴 디아르트""}"
ilrenxhiel,common_last_names,Xhehn_Ariarth,19,"{""korean"":""셴 아리아르트""}"
ilrenxhiel,common_last_names,Xhehn_Idariots,20,"{""korean"":""셴 이다리오츠""}"
ilrenxhiel,common_last_names,Xhehn_Dialriots,21,"{""korean"":""셴 디알리오츠""}"
ilrenxhiel,common_last_names,Xhehn_Saivhrits,22,"{""korean"":""셴 사이브리트""}"
ilrenxhiel,common_last_names,Xhehn_Zeriatits,23,"{""korean"":""셴 제리아티츠""}"
ilrenxhiel,common_last_names,Xhehn_Phrats,24,"{""korean"":""셴 프라츠""}"
ilrenxhiel,common_last_names,Xhehn_Servinath,25,"{""korean"":""셴 세르비나트""}"
ilrenxhiel,common_last_names,Cehn_Idaorth,26,"{""korean"":""셴 이다오르트""}"
ilrenxhiel,common_last_names,Cehn_Akhriath,27,"{""korean"":""셴 아크리아트""}"
ilrenxhiel,common_last_names,Cehn_Hailrits,28,"{""korean"":""셴 하일리츠""}"
ilrenxhiel,common_last_names,Cehn_Dialrioth,29,"{""korean"":""셴 디알리오트""}"
ilrenxhiel,common_last_names,Cehn_Zeilriniah,30,"{""korean"":""셴 제일리니아""}"
ilrenxhiel,common_last_names,Cehn_Arhdionts,31,"{""korean"":""셴 아르디온츠""}"
ilrenxhiel,common_last_names,Cehn_Akhration,32,"{""korean"":""셴 아크라티온""}"
ilrenxhiel,common_last_names,Cehn_Dealriots,33,"{""korean"":""셴 데알리오츠""}"
ilrenxhiel,common_last_names,Cehn_Pershilrah,34,"{""korean"":""셴 페르실라""}"
ilrenxhiel,common_last_names,Cehn_Daialrioth,35,"{""korean"":""셴 다이알리오트""}"
ilrenxhiel,common_last_names,Cehn_Servianth,36,"{""korean"":""셴 세르비안트""}"
ilrenxhiel,common_last_names,Cehn_Dikhrits,37,"{""korean"":""셴 디크리츠""}"
ilrenxhiel,common_last_names,Cehn_Heiverth,38,"{""korean"":""셴 헤이베르트""}"
ilrenxhiel,common_last_names,Cehn_Czerninth,39,"{""korean"":""셴 체르닌트""}"
ilrenxhiel,common_last_names,Cehn_Akhranth,40,"{""korean"":""셴 아크란트""}"
ilrenxhiel,common_last_names,Cehn_Railranth,41,"{""korean"":""셴 라일란트""}"
ilrenxhiel,common_last_names,Cehn_Dialriots,42,"{""korean"":""셴 디알리오츠""}"
ilrenxhiel,common_last_names,Cehn_Yuurits,43,"{""korean"":""셴 유우리츠""}"
ilrenxhiel,common_last_names,Cehn_Czerphiah,44,"{""korean"":""셴 체르피아""}"
ilrenxhiel,common_last_names,Cehn_Zernianth,45,"{""korean"":""셴 제르니안트""}"
ilrenxhiel,common_last_names,Cehn_Katarhxhith,46,"{""korean"":""셴 카타르시트""}"
ilrenxhiel,common_last_names,Czehn_Zernith,47,"{""korean"":""쳰 제르니트""}"
ilrenxhiel,common_last_names,Czehn_Vernian,48,"{""korean"":""쳰 베르니안""}"
ilrenxhiel,common_last_names,Czehn_Verniath,49,"{""korean"":""쳰 베르니아트""}"
ilrenxhiel,common_last_names,Czehn_Vruneth,50,"{""korean"":""쳰 브루네트""}"
ilrenxhiel,common_last_names,Czehn_Vyuerits,51,"{""korean"":""쳰 뷰에리츠""}"
ilrenxhiel,common_last_names,Czehn_Zernianth,52,"{""korean"":""쳰 제르니안트""}"
ilrenxhiel,common_last_names,Czehn_Zyuelrith,53,"{""korean"":""쳰 쥬엘리트""}"
ilrenxhiel,common_last_names,Czehn_Zerniah,54,"{""korean"":""쳰 제르니아""}"
ilrenxhiel,common_last_names,Czehn_,55,{}
ilrenxhiel,common_last_names,Zailrits,56,{}
ilrenxhiel,common_last_names,Czehn_Dyuelrohn,57,"{""korean"":""쳰 듀엘론""}"
ilrenxhiel,common_last_names,Czehn_Dyuelriniah,58,"{""korean"":""쳰 듀엘리니아""}"
ilrenxhiel,common_last_names,Czehn_Derhakith,59,"{""korean"":""쳰 데르아키트""}"
ilrenxhiel,common_last_names,Czehn_Zerkoph,60,"{""korean"":""쳰 제르코프""}"
ilrenxhiel,common_last_names,Czehn_Gersenth,61,"{""korean"":""쳰 게르센트""}"
ilrenxhiel,common_last_names,Czehn_Germeth,62,"{""korean"":""쳰 게르메트""}"
ilrenxhiel,common_last_names,Czehn_Renhmeth,63,"{""korean"":""쳰 레느메트""}"
aspelriel,male_common_first_names,Elrakaxh,0,"{""korean"":""엘라카스""}"
aspelriel,male_common_first_names,Elriots,1,"{""korean"":""엘리오츠""}"
aspelriel,male_common_first_names,Ellirits,2,"{""korean"":""엘리리츠""}"
aspelriel,male_common_first_names,Esrits,3,"{""korean"":""에스리츠""}"
aspelriel,male_common_first_names,Aikhrith,4,"{""korean"":""아이크리트""}"
aspelriel,male_common_first_names,Asvents,5,"{""korean"":""아스벤츠""}"
aspelriel,male_common_first_names,Sheirits,6,"{""korean"":""셰이리츠""}"
aspelriel,male_common_first_names,Hailrenits,7,"{""korean"":""하일레니츠""}"
aspelriel,male_common_first_names,Hailrets,8,"{""korean"":""하일레츠""}"
aspelriel,male_common_first_names,Dyurevits,9,"{""korean"":""듀레비츠""}"
aspelriel,male_common_first_names,Erkaxh,10,"{""korean"":""에르카스""}"
aspelriel,male_common_first_names,Erkats,11,"{""korean"":""에르카츠""}"
aspelriel,male_common_first_names,Thiarth,12,"{""korean"":""티아르트""}"
aspelriel,male_common_first_names,Kaelrots,13,"{""korean"":""카엘로츠""}"
aspelriel,male_common_first_names,Zehin,14,"{""korean"":""제인""}"
aspelriel,male_common_first_names,Vhelraits,15,"{""korean"":""벨라이츠""}"
aspelriel,male_common_first_names,Perth,16,"{""korean"":""페르트""}"
aspelriel,male_common_first_names,Edelren,17,"{""korean"":""에델렌""}"
aspelriel,male_common_first_names,Zehint,18,"{""korean"":""제인트""}"
aspelriel,male_common_first_names,Elrions,19,"{""korean"":""엘리온스""}"
aspelriel,male_common_first_names,Yerkh,20,"{""korean"":""예르크""}"
aspelriel,male_common_first_names,Kersterh,21,"{""korean"":""케르스테르""}"
aspelriel,male_common_first_names,Zerphyts,22,"{""korean"":""제르피츠""}"
aspelriel,male_common_first_names,Melreont,23,"{""korean"":""멜레온트""}"
aspelriel,male_common_first_names,Zexherits,24,"{""korean"":""제셰리츠""}"
aspelriel,male_common_first_names,Mertets,25,"{""korean"":""메르테츠""}"
aspelriel,male_common_first_names,Enserth,26,"{""korean"":""엔세르트""}"
aspelriel,male_common_first_names,Dernel,27,"{""korean"":""데르넬""}"
aspelriel,male_common_first_names,Reien,28,"{""korean"":""레이엔""}"
aspelriel,male_common_first_names,Xhemiel,29,"{""korean"":""셰미엘""}"
aspelriel,male_common_first_names,Kevenits,30,"{""korean"":""케베니츠""}"
aspelriel,male_common_first_names,Deyrits,31,"{""korean"":""데이리츠""}"
aspelriel,male_common_first_names,Rekehn,32,"{""korean"":""레켄""}"
aspelriel,male_common_first_names,Kerta,33,"{""korean"":""케르타""}"
aspelriel,male_common_first_names,Herzent,34,"{""korean"":""헤르젠트""}"
aspelriel,male_common_first_names,Endrits,35,"{""korean"":""엔드리츠""}"
aspelriel,male_common_first_names,Henriats,36,"{""korean"":""헨리아츠""}"
aspelriel,male_common_first_names,Nikelrits,37,"{""korean"":""니켈레츠""}"
aspelriel,male_common_first_names,Kevern,38,"{""korean"":""케베른""}"
aspelriel,male_common_first_names,Eriandh,39,"{""korean"":""에리안드""}"
aspelriel,male_common_first_names,Zeits,40,"{""korean"":""제이츠""}"
aspelriel,male_common_first_names,Eiot,41,"{""korean"":""에이어트""}"
aspelriel,male_common_first_names,Ein,42,"{""korean"":""에인""}"
aspelriel,male_common_first_names,Ertah,43,"{""korean"":""에르타""}"
aspelriel,male_common_first_names,Tserth,44,"{""korean"":""체르트""}"
aspelriel,male_common_first_names,Reits,45,"{""korean"":""레이츠""}"
aspelriel,male_common_first_names,Merth,46,"{""korean"":""메르트""}"
aspelriel,male_common_first_names,Erh,47,"{""korean"":""에르""}"
aspelriel,male_common_first_names,Erfarth,48,"{""korean"":""에르파르트""}"
aspelriel,male_common_first_names,Vernen,49,"{""korean"":""베르넨""}"
aspelriel,male_common_first_names,Ereth,50,"{""korean"":""에르에트""}"
aspelriel,male_common_first_names,Dernets,51,"{""korean"":""데르네츠""}"
aspelriel,male_common_first_names,Zerts,52,"{""korean"":""제르츠""}"
aspelriel,male_common_first_names,Perh,53,"{""korean"":""페르""}"
aspelriel,male_common_first_names,Kerth,54,"{""korean"":""케르트""}"
aspelriel,male_common_first_names,Termets,55,"{""korean"":""테르메츠""}"
aspelriel,male_common_first_names,Reveht,56,"{""korean"":""레베트""}"
aspelriel,male_common_first_names,Erzehn,57,"{""korean"":""에르젠""}"
aspelriel,male_common_first_names,Krenoth,58,"{""korean"":""크레노트""}"
aspelriel,male_common_first_names,Hyuelrth,59,"{""korean"":""휴엘르트""}"
aspelriel,male_common_first_names,Renhreth,60,"{""korean"":""레느레트""}"
aspelriel,male_common_first_names,Pernant,61,"{""korean"":""페르난트""}"
aspelriel,male_common_first_names,Strevyun,62,"{""korean"":""스트레뷴""}"
aspelriel,male_common_first_names,Zernents,63,"{""korean"":""제르넨츠""}"
aspelriel,male_common_first_names,Retseanth,64,"{""korean"":""레체안트""}"
aspelriel,male_common_first_names,Merakh,65,"{""korean"":""메아르크""}"
aspelriel,male_common_first_names,Mekhts,66,"{""korean"":""메크츠""}"
aspelriel,male_common_first_names,Skerth,67,"{""korean"":""스케르트""}"
aspelriel,male_common_first_names,Derkent,68,"{""korean"":""데르켄트""}"
aspelriel,male_common_first_names,Dekrats,69,"{""korean"":""데크라츠""}"
aspelriel,male_common_first_names,Kerxh,70,"{""korean"":""케르스""}"
aspelriel,male_common_first_names,Hehent,71,"{""korean"":""헤엔트""}"
aspelriel,male_common_first_names,Rexherh,72,"{""korean"":""레세르""}"
aspelriel,male_common_first_names,KErnetn,73,"{""korean"":""케르네튼""}"
aspelriel,male_common_first_names,Reherh,74,"{""korean"":""레에르""}"
aspelriel,male_common_first_names,Sterth,75,"{""korean"":""스테르트""}"
aspelriel,male_common_first_names,Kentrth,76,"{""korean"":""켄트르트""}"
aspelriel,male_common_first_names,Kerniah,77,"{""korean"":""케르니아""}"
aspelriel,male_common_first_names,Ervets,78,"{""korean"":""에르베츠""}"
aspelriel,male_common_first_names,Kernexh,79,"{""korean"":""케르네스""}"
aspelriel,male_common_first_names,Relriots,80,"{""korean"":""렐리오츠""}"
aspelriel,male_common_first_names,Eridien,81,"{""korean"":""에르디엔""}"
aspelriel,male_common_first_names,Terneph,82,"{""korean"":""테르네프""}"
aspelriel,male_common_first_names,Tairets,83,"{""korean"":""타이레츠""}"
aspelriel,male_common_first_names,Roryanits,84,"{""korean"":""로랴니츠""}"
aspelriel,male_common_first_names,Pertekh,85,"{""korean"":""페르테크""}"
aspelriel,male_common_first_names,Heriont,86,"{""korean"":""헤리언트""}"
aspelriel,male_common_first_names,Erehen,87,"{""korean"":""에르엔""}"
aspelriel,male_common_first_names,Yuelrth,88,"{""korean"":""유엘르트""}"
aspelriel,female_common_first_names,Zehin,0,"{""korean"":""제인""}"
aspelriel,noble_last_names,Dih_Ryuvlroczeah,0,"{""korean"":""디 류블로쳬아""}"
aspelriel,noble_last_names,Dih_Ekthyvanah,1,"{""korean"":""디 엑티바나""}"
aspelriel,noble_last_names,Dih_Hailreiyuem,2,"{""korean"":""디 하일레이움""}"
aspelriel,noble_last_names,Dih_Kaelriniah,3,"{""korean"":""디 카엘리니아""}"
aspelriel,noble_last_names,Dih_Ekkelrinverk,4,"{""korean"":""디 엑켈린베르크""}"
aspelriel,noble_last_names,Dih_Akrenxhiah,5,"{""korean"":""디 아크렌시아""}"
aspelriel,noble_last_names,Dih_Karota,6,"{""korean"":""디 카로타""}"
aspelriel,common_last_names,Rehn_Graviroxh,0,"{""korean"":""렌 그라비로스""}"
aspelriel,common_last_names,Rehn_Dyugarth,1,"{""korean"":""렌 듀가르트""}"
aspelriel,common_last_names,Rehn_Grafilroxh,2,"{""korean"":""렌 그라필로스""}"
aspelriel,common_last_names,Rehn_Dilreninsk,3,"{""korean"":""렌 딜레닌스크""}"
aspelriel,common_last_names,Rehn_Diarnoth,4,"{""korean"":""렌 디아르노트""}"
aspelriel,common_last_names,Rehn_Aalrith,5,"{""korean"":""렌 아알리트""}"
aspelriel,common_last_names,Rehn_Diariots,6,"{""korean"":""렌 디아리오츠""}"
aspelriel,common_last_names,Rehn_Ainkrath,7,"{""korean"":""렌 아인크라트""}"
aspelriel,common_last_names,Rehn_Diarth,8,"{""korean"":""렌 디아르트""}"
aspelriel,common_last_names,Rehn_Artits,9,"{""korean"":""렌 아르티츠""}"
aspelriel,common_last_names,Rehn_Airiots,10,"{""korean"":""렌 아이리오츠""}"
aspelriel,common_last_names,Rehn_Asiarith,11,"{""korean"":""렌 아시아리트""}"
aspelriel,common_last_names,Rehn_Servinia,12,"{""korean"":""렌 세르비니아""}"
aspelriel,common_last_names,Rehn_Arkatia,13,"{""korean"":""렌 아르카티아""}"
aspelriel,common_last_names,Rehn_Yastrkh,14,"{""korean"":""렌 야스트르크""}"
aspelriel,common_last_names,Rehn_Seivranth,15,"{""korean"":""렌 세이브란트""}"
aspelriel,common_last_names,Rehn_Dearhrits,16,"{""korean"":""렌 데아르리츠""}"
aspelriel,common_last_names,Xhehn_Serats,17,"{""korean"":""셴 세르아츠""}"
aspelriel,common_last_names,Xhehn_Diarth,18,"{""korean"":""셴 디아르트""}"
aspelriel,common_last_names,Xhehn_Ariarth,19,"{""korean"":""셴 아리아르트""}"
aspelriel,common_last_names,Xhehn_Idariots,20,"{""korean"":""셴 이다리오츠""}"
aspelriel,common_last_names,Xhehn_Dialriots,21,"{""korean"":""셴 디알리오츠""}"
aspelriel,common_last_names,Xhehn_Saivhrits,22,"{""korean"":""셴 사이브리트""}"
aspelriel,common_last_names,Xhehn_Zeriatits,23,"{""korean"":""셴 제리아티츠""}"
aspelriel,common_last_names,Xhehn_Phrats,24,"{""korean"":""셴 프라츠""}"
griaziel,male_common_first_names,Elrakaxh,0,"{""korean"":""엘라카스""}"
griaziel,male_common_first_names,Elriots,1,"{""korean"":""엘리오츠""}"
griaziel,male_common_first_names,Ellirits,2,"{""korean"":""엘리리츠""}"
griaziel,male_common_first_names,Esrits,3,"{""korean"":""에스리츠""}"
griaziel,male_common_first_names,Aikhrith,4,"{""korean"":""아이크리트""}"
griaziel,male_common_first_names,Asvents,5,"{""korean"":""아스벤츠""}"
griaziel,male_common_first_names,Sheirits,6,"{""korean"":""셰이리츠""}"
griaziel,male_common_first_names,Hailrenits,7,"{""korean"":""하일레니츠""}"
griaziel,male_common_first_names,Hailrets,8,"{""korean"":""하일레츠""}"
griaziel,male_common_first_names,Dyurevits,9,"{""korean"":""듀레비츠""}"
griaziel,male_common_first_names,Erkaxh,10,"{""korean"":""에르카스""}"
griaziel,male_common_first_names,Erkats,11,"{""korean"":""에르카츠""}"
griaziel,male_common_first_names,Thiarth,12,"{""korean"":""티아르트""}"
griaziel,male_common_first_names,Kaelrots,13,"{""korean"":""카엘로츠""}"
griaziel,male_common_first_names,Zehin,14,"{""korean"":""제인""}"
griaziel,male_common_first_names,Vhelraits,15,"{""korean"":""벨라이츠""}"
griaziel,male_common_first_names,Perth,16,"{""korean"":""페르트""}"
griaziel,male_common_first_names,Edelren,17,"{""korean"":""에델렌""}"
griaziel,male_common_first_names,Zehint,18,"{""korean"":""제인트""}"
griaziel,male_common_first_names,Elrions,19,"{""korean"":""엘리온스""}"
griaziel,male_common_first_names,Yerkh,20,"{""korean"":""예르크""}"
griaziel,male_common_first_names,Kersterh,21,"{""korean"":""케르스테르""}"
griaziel,male_common_first_names,Zerphyts,22,"{""korean"":""제르피츠""}"
griaziel,male_common_first_names,Melreont,23,"{""korean"":""멜레온트""}"
griaziel,male_common_first_names,Zexherits,24,"{""korean"":""제셰리츠""}"
griaziel,male_common_first_names,Mertets,25,"{""korean"":""메르테츠""}"
griaziel,male_common_first_names,Enserth,26,"{""korean"":""엔세르트""}"
griaziel,male_common_first_names,Dernel,27,"{""korean"":""데르넬""}"
griaziel,male_common_first_names,Reien,28,"{""korean"":""레이엔""}"
griaziel,male_common_first_names,Xhemiel,29,"{""korean"":""셰미엘""}"
griaziel,male_common_first_names,Kevenits,30,"{""korean"":""케베니츠""}"
griaziel,male_common_first_names,Deyrits,31,"{""korean"":""데이리츠""}"
griaziel,male_common_first_names,Rekehn,32,"{""korean"":""레켄""}"
griaziel,male_common_first_names,Kerta,33,"{""korean"":""케르타""}"
griaziel,male_common_first_names,Herzent,34,"{""korean"":""헤르젠트""}"
griaziel,male_common_first_names,Endrits,35,"{""korean"":""엔드리츠""}"
griaziel,male_common_first_names,Henriats,36,"{""korean"":""헨리아츠""}"
griaziel,male_common_first_names,Nikelrits,37,"{""korean"":""니켈레츠""}"
griaziel,male_common_first_names,Kevern,38,"{""korean"":""케베른""}"
griaziel,male_common_first_names,Eriandh,39,"{""korean"":""에리안드""}"
griaziel,male_common_first_names,Zeits,40,"{""korean"":""제이츠""}"
griaziel,male_common_first_names,Eiot,41,"{""korean"":""에이어트""}"
griaziel,male_common_first_names,Ein,42,"{""korean"":""에인""}"
griaziel,male_common_first_names,Ertah,43,"{""korean"":""에르타""}"
griaziel,male_common_first_names,Tserth,44,"{""korean"":""체르트""}"
griaziel,male_common_first_names,Reits,45,"{""korean"":""레이츠""}"
griaziel,male_common_first_names,Merth,46,"{""korean"":""메르트""}"
griaziel,male_common_first_names,Erh,47,"{""korean"":""에르""}"
griaziel,male_common_first_names,Erfarth,48,"{""korean"":""에르파르트""}"
griaziel,male_common_first_names,Vernen,49,"{""korean"":""베르넨""}"
griaziel,male_common_first_names,Ereth,50,"{""korean"":""에르에트""}"
griaziel,male_common_first_names,Dernets,51,"{""korean"":""데르네츠""}"
griaziel,male_common_first_names,Zerts,52,"{""korean"":""제르츠""}"
griaziel,male_common_first_names,Perh,53,"{""korean"":""페르""}"
griaziel,male_common_first_names,Kerth,54,"{""korean"":""케르트""}"
griaziel,male_common_first_names,Termets,55,"{""korean"":""테르메츠""}"
griaziel,male_common_first_names,Reveht,56,"{""korean"":""레베트""}"
griaziel,male_common_first_names,Erzehn,57,"{""korean"":""에르젠""}"
griaziel,male_common_first_names,Krenoth,58,"{""korean"":""크레노트""}"
griaziel,male_common_first_names,Hyuelrth,59,"{""korean"":""휴엘르트""}"
griaziel,male_common_first_names,Renhreth,60,"{""korean"":""레느레트""}"
griaziel,male_common_first_names,Pernant,61,"{""korean"":""페르난트""}"
griaziel,male_common_first_names,Strevyun,62,"{""korean"":""스트레뷴""}"
griaziel,male_common_first_names,Zernents,63,"{""korean"":""제르넨츠""}"
griaziel,male_common_first_names,Retseanth,64,"{""korean"":""레체안트""}"
griaziel,male_common_first_names,Merakh,65,"{""korean"":""메아르크""}"
griaziel,male_common_first_names,Mekhts,66,"{""korean"":""메크츠""}"
griaziel,male_common_first_names,Skerth,67,"{""korean"":""스케르트""}"
griaziel,male_common_first_names,Derkent,68,"{""korean"":""데르켄트""}"
griaziel,male_common_first_names,Dekrats,69,"{""korean"":""데크라츠""}"
griaziel,male_common_first_names,Kerxh,70,"{""korean"":""케르스""}"
griaziel,male_common_first_names,Hehent,71,"{""korean"":""헤엔트""}"
griaziel,male_common_first_names,Rexherh,72,"{""korean"":""레세르""}"
griaziel,male_common_first_names,KErnetn,73,"{""korean"":""케르네튼""}"
griaziel,male_common_first_names,Reherh,74,"{""korean"":""레에르""}"
griaziel,male_common_first_names,Sterth,75,"{""korean"":""스테르트""}"
griaziel,male_common_first_names,Kentrth,76,"{""korean"":""켄트르트""}"
griaziel,male_common_first_names,Kerniah,77,"{""korean"":""케르니아""}"
griaziel,male_common_first_names,Ervets,78,"{""korean"":""에르베츠""}"
griaziel,male_common_first_names,Kernexh,79,"{""korean"":""케르네스""}"
griaziel,male_common_first_names,Relriots,80,"{""korean"":""렐리오츠""}"
griaziel,male_common_first_names,Eridien,81,"{""korean"":""에르디엔""}"
griaziel,male_common_first_names,Terneph,82,"{""korean"":""테르네프""}"
griaziel,male_common_first_names,Tairets,83,"{""korean"":""타이레츠""}"
griaziel,male_common_first_names,Roryanits,84,"{""korean"":""로랴니츠""}"
griaziel,male_common_first_names,Pertekh,85,"{""korean"":""페르테크""}"
griaziel,male_common_first_names,Heriont,86,"{""korean"":""헤리언트""}"
griaziel,male_common_first_names,Erehen,87,"{""korean"":""에르엔""}"
griaziel,male_common_first_names,Yuelrth,88,"{""korean"":""유엘르트""}"
griaziel,female_common_first_names,Zehin,0,"{""korean"":""제인""}"
griaziel,noble_last_names,Dih_Ryuvlroczeah,0,"{""korean"":""디 류블로쳬아""}"
griaziel,noble_last_names,Dih_Ekthyvanah,1,"{""korean"":""디 엑티바나""}"
griaziel,noble_last_names,Dih_Hailreiyuem,2,"{""korean"":""디 하일레이움""}"
griaziel,noble_last_names,Dih_Kaelriniah,3,"{""korean"":""디 카엘리니아""}"
griaziel,noble_last_names,Dih_Ekkelrinverk,4,"{""korean"":""디 엑켈린베르크""}"
griaziel,noble_last_names,Dih_Akrenxhiah,5,"{""korean"":""디 아크렌시아""}"
griaziel,noble_last_names,Dih_Karota,6,"{""korean"":""디 카로타""}"
griaziel,common_last_names,Rehn_Graviroxh,0,"{""korean"":""렌 그라비로스""}"
griaziel,common_last_names,Rehn_Dyugarth,1,"{""korean"":""렌 듀가르트""}"
griaziel,common_last_names,Rehn_Grafilroxh,2,"{""korean"":""렌 그라필로스""}"
griaziel,common_last_names,Rehn_Dilreninsk,3,"{""korean"":""렌 딜레닌스크""}"
griaziel,common_last_names,Rehn_Diarnoth,4,"{""korean"":""렌 디아르노트""}"
griaziel,common_last_names,Rehn_Aalrith,5,"{""korean"":""렌 아알리트""}"
griaziel,common_last_names,Rehn_Diariots,6,"{""korean"":""렌 디아리오츠""}"
griaziel,common_last_names,Rehn_Ainkrath,7,"{""korean"":""렌 아인크라트""}"
griaziel,common_last_names,Rehn_Diarth,8,"{""korean"":""렌 디아르트""}"
griaziel,common_last_names,Rehn_Artits,9,"{""korean"":""렌 아르티츠""}"
griaziel,common_last_names,Rehn_Airiots,10,"{""korean"":""렌 아이리오츠""}"
griaziel,common_last_names,Rehn_Asiarith,11,"{""korean"":""렌 아시아리트""}"
griaziel,common_last_names,Rehn_Servinia,12,"{""korean"":""렌 세르비니아""}"
griaziel,common_last_names,Rehn_Arkatia,13,"{""korean"":""렌 아르카티아""}"
griaziel,common_last_names,Rehn_Yastrkh,14,"{""korean"":""렌 야스트르크""}"
griaziel,common_last_names,Rehn_Seivranth,15,"{""korean"":""렌 세이브란트""}"
griaziel,common_last_names,Rehn_Dearhrits,16,"{""korean"":""렌 데아르리츠""}"
griaziel,common_last_names,Xhehn_Serats,17,"{""korean"":""셴 세르아츠""}"
griaziel,common_last_names,Xhehn_Diarth,18,"{""korean"":""셴 디아르트""}"
griaziel,common_last_names,Xhehn_Ariarth,19,"{""korean"":""셴 아리아르트""}"
griaziel,common_last_names,Xhehn_Idariots,20,"{""korean"":""셴 이다리오츠""}"
griaziel,common_last_names,Xhehn_Dialriots,21,"{""korean"":""셴 디알리오츠""}"
griaziel,common_last_names,Xhehn_Saivhrits,22,"{""korean"":""셴 사이브리트""}"
griaziel,common_last_names,Xhehn_Zeriatits,23,"{""korean"":""셴 제리아티츠""}"
griaziel,common_last_names,Xhehn_Phrats,24,"{""korean"":""셴 프라츠""}"
grazunta,male_common_first_names,Elrakaxh,0,"{""korean"":""엘라카스""}"
grazunta,male_common_first_names,Elriots,1,"{""korean"":""엘리오츠""}"
grazunta,male_common_first_names,Ellirits,2,"{""korean"":""엘리리츠""}"
grazunta,male_common_first_names,Esrits,3,"{""korean"":""에스리츠""}"
grazunta,male_common_first_names,Aikhrith,4,"{""korean"":""아이크리트""}"
grazunta,male_common_first_names,Asvents,5,"{""korean"":""아스벤츠""}"
grazunta,male_common_first_names,Sheirits,6,"{""korean"":""셰이리츠""}"
grazunta,male_common_first_names,Hailrenits,7,"{""korean"":""하일레니츠""}"
grazunta,male_common_first_names,Hailrets,8,"{""korean"":""하일레츠""}"
grazunta,male_common_first_names,Dyurevits,9,"{""korean"":""듀레비츠""}"
grazunta,male_common_first_names,Erkaxh,10,"{""korean"":""에르카스""}"
grazunta,male_common_first_names,Erkats,11,"{""korean"":""에르카츠""}"
grazunta,male_common_first_names,Thiarth,12,"{""korean"":""티아르트""}"
grazunta,male_common_first_names,Kaelrots,13,"{""korean"":""카엘로츠""}"
grazunta,male_common_first_names,Zehin,14,"{""korean"":""제인""}"
grazunta,male_common_first_names,Vhelraits,15,"{""korean"":""벨라이츠""}"
grazunta,male_common_first_names,Perth,16,"{""korean"":""페르트""}"
grazunta,male_common_first_names,Edelren,17,"{""korean"":""에델렌""}"
grazunta,male_common_first_names,Zehint,18,"{""korean"":""제인트""}"
grazunta,male_common_first_names,Elrions,19,"{""korean"":""엘리온스""}"
grazunta,male_common_first_names,Yerkh,20,"{""korean"":""예르크""}"
grazunta,male_common_first_names,Kersterh,21,"{""korean"":""케르스테르""}"
grazunta,male_common_first_names,Zerphyts,22,"{""korean"":""제르피츠""}"
grazunta,male_common_first_names,Melreont,23,"{""korean"":""멜레온트""}"
grazunta,male_common_first_names,Zexherits,24,"{""korean"":""제셰리츠""}"
grazunta,male_common_first_names,Mertets,25,"{""korean"":""메르테츠""}"
grazunta,male_common_first_names,Enserth,26,"{""korean"":""엔세르트""}"
grazunta,male_common_first_names,Dernel,27,"{""korean"":""데르넬""}"
grazunta,male_common_first_names,Reien,28,"{""korean"":""레이엔""}"
grazunta,male_common_first_names,Xhemiel,29,"{""korean"":""셰미엘""}"
grazunta,male_common_first_names,Kevenits,30,"{""korean"":""케베니츠""}"
grazunta,male_common_first_names,Deyrits,31,"{""korean"":""데이리츠""}"
grazunta,male_common_first_names,Rekehn,32,"{""korean"":""레켄""}"
grazunta,male_common_first_names,Kerta,33,"{""korean"":""케르타""}"
grazunta,male_common_first_names,Herzent,34,"{""korean"":""헤르젠트""}"
grazunta,male_common_first_names,Endrits,35,"{""korean"":""엔드리츠""}"
grazunta,male_common_first_names,Henriats,36,"{""korean"":""헨리아츠""}"
grazunta,male_common_first_names,Nikelrits,37,"{""korean"":""니켈레츠""}"
grazunta,male_common_first_names,Kevern,38,"{""korean"":""케베른""}"
grazunta,male_common_first_names,Eriandh,39,"{""korean"":""에리안드""}"
grazunta,male_common_first_names,Zeits,40,"{""korean"":""제이츠""}"
grazunta,male_common_first_names,Eiot,41,"{""korean"":""에이어트""}"
grazunta,male_common_first_names,Ein,42,"{""korean"":""에인""}"
grazunta,male_common_first_names,Ertah,43,"{""korean"":""에르타""}"
grazunta,male_common_first_names,Tserth,44,"{""korean"":""체르트""}"
grazunta,male_common_first_names,Reits,45,"{""korean"":""레이츠""}"
grazunta,male_common_first_names,Merth,46,"{""korean"":""메르트""}"
grazunta,male_common_first_names,Erh,47,"{""korean"":""에르""}"
grazunta,male_common_first_names,Erfarth,48,"{""korean"":""에르파르트""}"
grazunta,male_common_first_names,Vernen,49,"{""korean"":""베르넨""}"
grazunta,male_common_first_names,Ereth,50,"{""korean"":""에르에트""}"
grazunta,male_common_first_names,Dernets,51,"{""korean"":""데르네츠""}"
grazunta,male_common_first_names,Zerts,52,"{""korean"":""제르츠""}"
grazunta,male_common_first_names,Perh,53,"{""korean"":""페르""}"
grazunta,male_common_first_names,Kerth,54,"{""korean"":""케르트""}"
grazunta,male_common_first_names,Termets,55,"{""korean"":""테르메츠""}"
grazunta,male_common_first_names,Reveht,56,"{""korean"":""레베트""}"
grazunta,male_common_first_names,Erzehn,57,"{""korean"":""에르젠""}"
grazunta,male_common_first_names,Krenoth,58,"{""korean"":""크레노트""}"
grazunta,male_common_first_names,Hyuelrth,59,"{""korean"":""휴엘르트""}"
grazunta,male_common_first_names,Renhreth,60,"{""korean"":""레느레트""}"
grazunta,male_common_first_names,Pernant,61,"{""korean"":""페르난트""}"
grazunta,male_common_first_names,Strevyun,62,"{""korean"":""스트레뷴""}"
grazunta,male_common_first_names,Zernents,63,"{""korean"":""제르넨츠""}"
grazunta,male_common_first_names,Retseanth,64,"{""korean"":""레체안트""}"
grazunta,male_common_first_names,Merakh,65,"{""korean"":""메아르크""}"
grazunta,male_common_first_names,Mekhts,66,"{""korean"":""메크츠""}"
grazunta,male_common_first_names,Skerth,67,"{""korean"":""스케르트""}"
grazunta,male_common_first_names,Derkent,68,"{""korean"":""데르켄트""}"
grazunta,male_common_first_names,Dekrats,69,"{""korean"":""데크라츠""}"
grazunta,male_common_first_names,Kerxh,70,"{""korean"":""케르스""}"
grazunta,male_common_first_names,Hehent,71,"{""korean"":""헤엔트""}"
grazunta,male_common_first_names,Rexherh,72,"{""korean"":""레세르""}"
grazunta,male_common_first_names,KErnetn,73,"{""korean"":""케르네튼""}"
grazunta,male_common_first_names,Reherh,74,"{""korean"":""레에르""}"
grazunta,male_common_first_names,Sterth,75,"{""korean"":""스테르트""}"
grazunta,male_common_first_names,Kentrth,76,"{""korean"":""켄트르트""}"
grazunta,male_common_first_names,Kerniah,77,"{""korean"":""케르니아""}"
grazunta,male_common_first_names,Ervets,78,"{""korean"":""에르베츠""}"
grazunta,male_common_first_names,Kernexh,79,"{""korean"":""케르네스""}"
grazunta,male_common_first_names,Relriots,80,"{""korean"":""렐리오츠""}"
grazunta,male_common_first_names,Eridien,81,"{""korean"":""에르디엔""}"
grazunta,male_common_first_names,Terneph,82,"{""korean"":""테르네프""}"
grazunta,male_common_first_names,Tairets,83,"{""korean"":""타이레츠""}"
grazunta,male_common_first_names,Roryanits,84,"{""korean"":""로랴니츠""}"
grazunta,male_common_first_names,Pertekh,85,"{""korean"":""페르테크""}"
grazunta,male_common_first_names,Heriont,86,"{""korean"":""헤리언트""}"
grazunta,male_common_first_names,Erehen,87,"{""korean"":""에르엔""}"
grazunta,male_common_first_names,Yuelrth,88,"{""korean"":""유엘르트""}"
grazunta,female_common_first_names,Zehin,0,"{""korean"":""제인""}"
grazunta,noble_last_names,Dih_Ryuvlroczeah,0,"{""korean"":""디 류블로쳬아""}"
grazunta,noble_last_names,Dih_Ekthyvanah,1,"{""korean"":""디 엑티바나""}"
grazunta,noble_last_names,Dih_Hailreiyuem,2,"{""korean"":""디 하일레이움""}"
grazunta,noble_last_names,Dih_Kaelriniah,3,"{""korean"":""디 카엘리니아""}"
grazunta,noble_last_names,Dih_Ekkelrinverk,4,"{""korean"":""디 엑켈린베르크""}"
grazunta,noble_last_names,Dih_Akrenxhiah,5,"{""korean"":""디 아크렌시아""}"
grazunta,noble_last_names,Dih_Karota,6,"{""korean"":""디 카로타""}"
grazunta,common_last_names,Rehn_Graviroxh,0,"{""korean"":""렌 그라비로스""}"
grazunta,common_last_names,Rehn_Dyugarth,1,"{""korean"":""렌 듀가르트""}"
grazunta,common_last_names,Rehn_Grafilroxh,2,"{""korean"":""렌 그라필로스""}"
grazunta,common_last_names,Rehn_Dilreninsk,3,"{""korean"":""렌 딜레닌스크""}"
grazunta,common_last_names,Rehn_Diarnoth,4,"{""korean"":""렌 디아르노트""}"
grazunta,common_last_names,Rehn_Aalrith,5,"{""korean"":""렌 아알리트""}"
grazunta,common_last_names,Rehn_Diariots,6,"{""korean"":""렌 디아리오츠""}"
grazunta,common_last_names,Rehn_Ainkrath,7,"{""korean"":""렌 아인크라트""}"
grazunta,common_last_names,Rehn_Diarth,8,"{""korean"":""렌 디아르트""}"
grazunta,common_last_names,Rehn_Artits,9,"{""korean"":""렌 아르티츠""}"
grazunta,common_last_names,Rehn_Airiots,10,"{""korean"":""렌 아이리오츠""}"
grazunta,common_last_names,Rehn_Asiarith,11,"{""korean"":""렌 아시아리트""}"
grazunta,common_last_names,Rehn_Servinia,12,"{""korean"":""렌 세르비니아""}"
grazunta,common_last_names,Rehn_Arkatia,13,"{""korean"":""렌 아르카티아""}"
grazunta,common_last_names,Rehn_Yastrkh,14,"{""korean"":""렌 야스트르크""}"
grazunta,common_last_names,Rehn_Seivranth,15,"{""korean"":""렌 세이브란트""}"
grazunta,common_last_names,Rehn_Dearhrits,16,"{""korean"":""렌 데아르리츠""}"
grazunta,common_last_names,Xhehn_Serats,17,"{""korean"":""셴 세르아츠""}"
grazunta,common_last_names,Xhehn_Diarth,18,"{""korean"":""셴 디아르트""}"
grazunta,common_last_names,Xhehn_Ariarth,19,"{""korean"":""셴 아리아르트""}"
grazunta,common_last_names,Xhehn_Idariots,20,"{""korean"":""셴 이다리오츠""}"
grazunta,common_last_names,Xhehn_Dialriots,21,"{""korean"":""셴 디알리오츠""}"
grazunta,common_last_names,Xhehn_Saivhrits,22,"{""korean"":""셴 사이브리트""}"
grazunta,common_last_names,Xhehn_Zeriatits,23,"{""korean"":""셴 제리아티츠""}"
grazunta,common_last_names,Xhehn_Phrats,24,"{""korean"":""셴 프라츠""}"
dyuelroniel,male_common_first_names,Elrakaxh,0,"{""korean"":""엘라카스""}"
dyuelroniel,male_common_first_names,Elriots,1,"{""korean"":""엘리오츠""}"
dyuelroniel,male_common_first_names,Ellirits,2,"{""korean"":""엘리리츠""}"
dyuelroniel,male_common_first_names,Esrits,3,"{""korean"":""에스리츠""}"
dyuelroniel,male_common_first_names,Aikhrith,4,"{""korean"":""아이크리트""}"
dyuelroniel,male_common_first_names,Asvents,5,"{""korean"":""아스벤츠""}"
dyuelroniel,male_common_first_names,Sheirits,6,"{""korean"":""셰이리츠""}"
dyuelroniel,male_common_first_names,Hailrenits,7,"{""korean"":""하일레니츠""}"
dyuelroniel,male_common_first_names,Hailrets,8,"{""korean"":""하일레츠""}"
dyuelroniel,male_common_first_names,Dyurevits,9,"{""korean"":""듀레비츠""}"
dyuelroniel,male_common_first_names,Erkaxh,10,"{""korean"":""에르카스""}"
dyuelroniel,male_common_first_names,Erkats,11,"{""korean"":""에르카츠""}"
dyuelroniel,male_common_first_names,Thiarth,12,"{""korean"":""티아르트""}"
dyuelroniel,male_common_first_names,Kaelrots,13,"{""korean"":""카엘로츠""}"
dyuelroniel,male_common_first_names,Zehin,14,"{""korean"":""제인""}"
dyuelroniel,male_common_first_names,Vhelraits,15,"{""korean"":""벨라이츠""}"
dyuelroniel,male_common_first_names,Perth,16,"{""korean"":""페르트""}"
dyuelroniel,male_common_first_names,Edelren,17,"{""korean"":""에델렌""}"
dyuelroniel,male_common_first_names,Zehint,18,"{""korean"":""제인트""}"
dyuelroniel,male_common_first_names,Elrions,19,"{""korean"":""엘리온스""}"
dyuelroniel,male_common_first_names,Yerkh,20,"{""korean"":""예르크""}"
dyuelroniel,male_common_first_names,Kersterh,21,"{""korean"":""케르스테르""}"
dyuelroniel,male_common_first_names,Zerphyts,22,"{""korean"":""제르피츠""}"
dyuelroniel,male_common_first_names,Melreont,23,"{""korean"":""멜레온트""}"
dyuelroniel,male_common_first_names,Zexherits,24,"{""korean"":""제셰리츠""}"
dyuelroniel,male_common_first_names,Mertets,25,"{""korean"":""메르테츠""}"
dyuelroniel,male_common_first_names,Enserth,26,"{""korean"":""엔세르트""}"
dyuelroniel,male_common_first_names,Dernel,27,"{""korean"":""데르넬""}"
dyuelroniel,male_common_first_names,Reien,28,"{""korean"":""레이엔""}"
dyuelroniel,male_common_first_names,Xhemiel,29,"{""korean"":""셰미엘""}"
dyuelroniel,male_common_first_names,Kevenits,30,"{""korean"":""케베니츠""}"
dyuelroniel,male_common_first_names,Deyrits,31,"{""korean"":""데이리츠""}"
dyuelroniel,male_common_first_names,Rekehn,32,"{""korean"":""레켄""}"
dyuelroniel,male_common_first_names,Kerta,33,"{""korean"":""케르타""}"
dyuelroniel,male_common_first_names,Herzent,34,"{""korean"":""헤르젠트""}"
dyuelroniel,male_common_first_names,Endrits,35,"{""korean"":""엔드리츠""}"
dyuelroniel,male_common_first_names,Henriats,36,"{""korean"":""헨리아츠""}"
dyuelroniel,male_common_first_names,Nikelrits,37,"{""korean"":""니켈레츠""}"
dyuelroniel,male_common_first_names,Kevern,38,"{""korean"":""케베른""}"
dyuelroniel,male_common_first_names,Eriandh,39,"{""korean"":""에리안드""}"
dyuelroniel,male_common_first_names,Zeits,40,"{""korean"":""제이츠""}"
dyuelroniel,male_common_first_names,Eiot,41,"{""korean"":""에이어트""}"
dyuelroniel,male_common_first_names,Ein,42,"{""korean"":""에인""}"
dyuelroniel,male_common_first_names,Ertah,43,"{""korean"":""에르타""}"
dyuelroniel,male_common_first_names,Tserth,44,"{""korean"":""체르트""}"
dyuelroniel,male_common_first_names,Reits,45,"{""korean"":""레이츠""}"
dyuelroniel,male_common_first_names,Merth,46,"{""korean"":""메르트""}"
dyuelroniel,male_common_first_names,Erh,47,"{""korean"":""에르""}"
dyuelroniel,male_common_first_names,Erfarth,48,"{""korean"":""에르파르트""}"
dyuelroniel,male_common_first_names,Vernen,49,"{""korean"":""베르넨""}"
dyuelroniel,male_common_first_names,Ereth,50,"{""korean"":""에르에트""}"
dyuelroniel,male_common_first_names,Dernets,51,"{""korean"":""데르네츠""}"
dyuelroniel,male_common_first_names,Zerts,52,"{""korean"":""제르츠""}"
dyuelroniel,male_common_first_names,Perh,53,"{""korean"":""페르""}"
dyuelroniel,male_common_first_names,Kerth,54,"{""korean"":""케르트""}"
dyuelroniel,male_common_first_names,Termets,55,"{""korean"":""테르메츠""}"
dyuelroniel,male_common_first_names,Reveht,56,"{""korean"":""레베트""}"
dyuelroniel,male_common_first_names,Erzehn,57,"{""korean"":""에르젠""}"
dyuelroniel,male_common_first_names,Krenoth,58,"{""korean"":""크레노트""}"
dyuelroniel,male_common_first_names,Hyuelrth,59,"{""korean"":""휴엘르트""}"
dyuelroniel,male_common_first_names,Renhreth,60,"{""korean"":""레느레트""}"
dyuelroniel,male_common_first_names,Pernant,61,"{""korean"":""페르난트""}"
dyuelroniel,male_common_first_names,Strevyun,62,"{""korean"":""스트레뷴""}"
dyuelroniel,male_common_first_names,Zernents,63,"{""korean"":""제르넨츠""}"
dyuelroniel,male_common_first_names,Retseanth,64,"{""korean"":""레체안트""}"
dyuelroniel,male_common_first_names,Merakh,65,"{""korean"":""메아르크""}"
dyuelroniel,male_common_first_names,Mekhts,66,"{""korean"":""메크츠""}"
dyuelroniel,male_common_first_names,Skerth,67,"{""korean"":""스케르트""}"
dyuelroniel,male_common_first_names,Derkent,68,"{""korean"":""데르켄트""}"
dyuelroniel,male_common_first_names,Dekrats,69,"{""korean"":""데크라츠""}"
dyuelroniel,male_common_first_names,Kerxh,70,"{""korean"":""케르스""}"
dyuelroniel,male_common_first_names,Hehent,71,"{""korean"":""헤엔트""}"
dyuelroniel,male_common_first_names,Rexherh,72,"{""korean"":""레세르""}"
dyuelroniel,male_common_first_names,KErnetn,73,"{""korean"":""케르네튼""}"
dyuelroniel,male_common_first_names,Reherh,74,"{""korean"":""레에르""}"
dyuelroniel,male_common_first_names,Sterth,75,"{""korean"":""스테르트""}"
dyuelroniel,male_common_first_names,Kentrth,76,"{""korean"":""켄트르트""}"
dyuelroniel,male_common_first_names,Kerniah,77,"{""korean"":""케르니아""}"
dyuelroniel,male_common_first_names,Ervets,78,"{""korean"":""에르베츠""}"
dyuelroniel,male_common_first_names,Kernexh,79,"{""korean"":""케르네스""}"
dyuelroniel,male_common_first_names,Relriots,80,"{""korean"":""렐리오츠""}"
dyuelroniel,male_common_first_names,Eridien,81,"{""korean"":""에르디엔""}"
dyuelroniel,male_common_first_names,Terneph,82,"{""korean"":""테르네프""}"
dyuelroniel,male_common_first_names,Tairets,83,"{""korean"":""타이레츠""}"
dyuelroniel,male_common_first_names,Roryanits,84,"{""korean"":""로랴니츠""}"
dyuelroniel,male_common_first_names,Pertekh,85,"{""korean"":""페르테크""}"
dyuelroniel,male_common_first_names,Heriont,86,"{""korean"":""헤리언트""}"
dyuelroniel,male_common_first_names,Erehen,87,"{""korean"":""에르엔""}"
dyuelroniel,male_common_first_names,Yuelrth,88,"{""korean"":""유엘르트""}"
dyuelroniel,female_common_first_names,Zehin,0,"{""korean"":""제인""}"
dyuelroniel,noble_last_names,Dih_Ryuvlroczeah,0,"{""korean"":""디 류블로쳬아""}"
dyuelroniel,noble_last_names,Dih_Ekthyvanah,1,"{""korean"":""디 엑티바나""}"
dyuelroniel,noble_last_names,Dih_Hailreiyuem,2,"{""korean"":""디 하일레이움""}"
dyuelroniel,noble_last_names,Dih_Kaelriniah,3,"{""korean"":""디 카엘리니아""}"
dyuelroniel,noble_last_names,Dih_Ekkelrinverk,4,"{""korean"":""디 엑켈린베르크""}"
dyuelroniel,noble_last_names,Dih_Akrenxhiah,5,"{""korean"":""디 아크렌시아""}"
dyuelroniel,noble_last_names,Dih_Karota,6,"{""korean"":""디 카로타""}"
dyuelroniel,common_last_names,Rehn_Graviroxh,0,"{""korean"":""렌 그라비로스""}"
dyuelroniel,common_last_names,Rehn_Dyugarth,1,"{""korean"":""렌 듀가르트""}"
dyuelroniel,common_last_names,Rehn_Grafilroxh,2,"{""korean"":""렌 그라필로스""}"
dyuelroniel,common_last_names,Rehn_Dilreninsk,3,"{""korean"":""렌 딜레닌스크""}"
dyuelroniel,common_last_names,Rehn_Diarnoth,4,"{""korean"":""렌 디아르노트""}"
dyuelroniel,common_last_names,Rehn_Aalrith,5,"{""korean"":""렌 아알리트""}"
dyuelroniel,common_last_names,Rehn_Diariots,6,"{""korean"":""렌 디아리오츠""}"
dyuelroniel,common_last_names,Rehn_Ainkrath,7,"{""korean"":""렌 아인크라트""}"
dyuelroniel,common_last_names,Rehn_Diarth,8,"{""korean"":""렌 디아르트""}"
dyuelroniel,common_last_names,Rehn_Artits,9,"{""korean"":""렌 아르티츠""}"
dyuelroniel,common_last_names,Rehn_Airiots,10,"{""korean"":""렌 아이리오츠""}"
dyuelroniel,common_last_names,Rehn_Asiarith,11,"{""korean"":""렌 아시아리트""}"
dyuelroniel,common_last_names,Rehn_Servinia,12,"{""korean"":""렌 세르비니아""}"
dyuelroniel,common_last_names,Rehn_Arkatia,13,"{""korean"":""렌 아르카티아""}"
dyuelroniel,common_last_names,Rehn_Yastrkh,14,"{""korean"":""렌 야스트르크""}"
dyuelroniel,common_last_names,Rehn_Seivranth,15,"{""korean"":""렌 세이브란트""}"
dyuelroniel,common_last_names,Rehn_Dearhrits,16,"{""korean"":""렌 데아르리츠""}"
dyuelroniel,common_last_names,Xhehn_Serats,17,"{""korean"":""셴 세르아츠""}"
dyuelroniel,common_last_names,Xhehn_Diarth,18,"{""korean"":""셴 디아르트""}"
dyuelroniel,common_last_names,Xhehn_Ariarth,19,"{""korean"":""셴 아리아르트""}"
dyuelroniel,common_last_names,Xhehn_Idariots,20,"{""korean"":""셴 이다리오츠""}"
dyuelroniel,common_last_names,Xhehn_Dialriots,21,"{""korean"":""셴 디알리오츠""}"
dyuelroniel,common_last_names,Xhehn_Saivhrits,22,"{""korean"":""셴 사이브리트""}"
dyuelroniel,common_last_names,Xhehn_Zeriatits,23,"{""korean"":""셴 제리아티츠""}"
dyuelroniel,common_last_names,Xhehn_Phrats,24,"{""korean"":""셴 프라츠""}"
korean,male_common_first_names,Bak,0,{}
korean,male_common_first_names,Bong-haek,1,{}
korean,male_common_first_names,Chwa-chin,2,{}
korean,male_common_first_names,Gu,3,{}
korean,male_common_first_names,Han,4,{}
korean,male_common_first_names,Heong-gyo,5,{}
korean,male_common_first_names,Hong,6,{}
korean,male_common_first_names,Jeong,7,{}
korean,male_common_first_names,Jo,8,{}
korean,male_common_first_names,Kwon,9,{}
korean,male_common_first_names,Mung-geun,10,{}
korean,male_common_first_names,Ok,11,{}
korean,male_common_first_names,Sang-ok,12,{}
korean,male_common_first_names,Sang-yong,13,{}
korean,male_common_first_names,Sim,14,{}
korean,male_common_first_names,Yi,15,{}
korean,male_common_first_names,Yun,16,{}
korean,female_common_first_names,Bingheogak,0,{}
korean,female_common_first_names,Hwahyeop,1,{}
korean,female_common_first_names,Jeongildang,2,{}
korean,female_common_first_names,Seonhui,3,{}
korean,female_common_first_names,Sinjeong,4,{}
korean,female_common_first_names,Sunghee,5,{}
korean,female_common_first_names,Yeongsuhap,6,{}
korean,female_common_first_names,Yunjidang,7,{}
korean,male_noble_first_names,Bang-bo,0,{}
korean,male_noble_first_names,Byung-guk,1,{}
korean,male_noble_first_names,Byung-hak,2,{}
korean,male_noble_first_names,Byung-si,3,{}
korean,male_noble_first_names,Choi-ung,4,{}
korean,male_noble_first_names,Don-in,5,{}
korean,male_noble_first_names,Du-seon,6,{}
korean,male_noble_first_names,Ha-eung,7,{}
korean,male_noble_first_names,Hong-jip,8,{}
korean,male_noble_first_names,Hunggun,9,{}
korean,male_noble_first_names,Gyu-ho,10,{}
korean,male_noble_first_names,In-young,11,{}
korean,male_noble_first_names,Jeong-hui,12,{}
korean,male_noble_first_names,Jin,13,{}
korean,male_noble_first_names,Jo-sun,14,{}
korean,male_noble_first_names,Jung-yang,15,{}
korean,male_noble_first_names,Jwa-geun,16,{}
korean,male_noble_first_names,Kyung-jae,17,{}
korean,male_noble_first_names,Sang-hwang,18,{}
korean,male_noble_first_names,Sun-mok,19,{}
korean,male_noble_first_names,Sun-taek,20,{}
korean,male_noble_first_names,Won-yong,21,{}
korean,male_noble_first_names,Yong-sun,22,{}
korean,male_noble_first_names,Yu-won,23,{}
korean,male_regal_first_names,Byeon,0,{}
korean,male_regal_first_names,Cheok,1,{}
korean,male_regal_first_names,Geum,2,{}
korean,male_regal_first_names,Gong,3,{}
korean,male_regal_first_names,Hui,4,{}
korean,male_regal_first_names,Hwan,5,{}
korean,male_regal_first_names,Myeong-bok,6,{}
korean,male_regal_first_names,San,7,{}
korean,female_regal_first_names,Ja-yeong,0,{}
korean,female_regal_first_names,Jeungsun,1,{}
korean,female_regal_first_names,Hyoyu,2,{}
korean,female_regal_first_names,Ok-jeong,3,{}
korean,noble_last_names,Bak,0,{}
korean,noble_last_names,Chang,1,{}
korean,noble_last_names,Choe,2,{}
korean,noble_last_names,Gang,3,{}
korean,noble_last_names,Gim,4,{}
korean,noble_last_names,Gwon,5,{}
korean,noble_last_names,Han,6,{}
korean,noble_last_names,Hong,7,{}
korean,noble_last_names,Jo,8,{}
korean,noble_last_names,Kim,9,{}
korean,noble_last_names,Ko,10,{}
korean,noble_last_names,Min,11,{}
korean,noble_last_names,Moon,12,{}
korean,noble_last_names,Na,13,{}
korean,noble_last_names,Namgung,14,{}
korean,noble_last_names,Park,15,{}
korean,noble_last_names,Shin,16,{}
korean,noble_last_names,Seong,17,{}
korean,noble_last_names,Seok,18,{}
korean,noble_last_names,Song,19,{}
korean,noble_last_names,Won,20,{}
korean,noble_last_names,Yi,21,{}
korean,common_last_names,Bo,0,{}
korean,common_last_names,Ch_ok,1,{}
korean,common_last_names,Chung,2,{}
korean,common_last_names,Guk,3,{}
korean,common_last_names,Gyu,4,{}
korean,common_last_names,Haung,5,{}
korean,common_last_names,Hu,6,{}
korean,common_last_names,Hwan,7,{}
korean,common_last_names,Hyong,8,{}
korean,common_last_names,Im,9,{}
korean,common_last_names,Jip,10,{}
korean,common_last_names,Mok,11,{}
korean,common_last_names,Seo,12,{}
korean,common_last_names,Seon,13,{}
korean,common_last_names,Shinjong,14,{}
korean,common_last_names,Si,15,{}
korean,common_last_names,Sun,16,{}
korean,common_last_names,Taek,17,{}
korean,common_last_names,Yong,18,{}
