state_record_id,state_id,state_key,name_korean,province_count,present_province_count,missing_province_count,geometry_status,source_file,source_line
STATE_INTANINXHA@map_data/state_regions/03_south_senaxh.txt:16,403,STATE_INTANINXHA,인타닌샤,0,0,0,empty_definition,map_data/state_regions/03_south_senaxh.txt,16
STATE_ENTASOPELRIYA@map_data/state_regions/03_south_senaxh.txt:21,404,STATE_ENTASOPELRIYA,엔타소펠리야,0,0,0,empty_definition,map_data/state_regions/03_south_senaxh.txt,21
STATE_RIDORAVENTZVERKH@map_data/state_regions/03_south_senaxh.txt:36,407,STATE_RIDORAVENTZVERKH,리도라벤츠베르크,0,0,0,empty_definition,map_data/state_regions/03_south_senaxh.txt,36
STATE_KINTAINVERKH@map_data/state_regions/03_south_senaxh.txt:41,408,STATE_KINTAINVERKH,킨타인베르크,0,0,0,empty_definition,map_data/state_regions/03_south_senaxh.txt,41
STATE_MERDONVERKH@map_data/state_regions/03_south_senaxh.txt:46,409,STATE_MERDONVERKH,메르돈베르크,0,0,0,empty_definition,map_data/state_regions/03_south_senaxh.txt,46
STATE_PEISTRANTSVERKH@map_data/state_regions/03_south_senaxh.txt:51,410,STATE_PEISTRANTSVERKH,페이스트란츠베르크,0,0,0,empty_definition,map_data/state_regions/03_south_senaxh.txt,51
STATE_OSPOELRETANVERKH@map_data/state_regions/03_south_senaxh.txt:56,411,STATE_OSPOELRETANVERKH,오스포엘레탄베르크,0,0,0,empty_definition,map_data/state_regions/03_south_senaxh.txt,56
STATE_ZAIROVANSKH@map_data/state_regions/03_south_senaxh.txt:61,412,STATE_ZAIROVANSKH,자이로반스크,0,0,0,empty_definition,map_data/state_regions/03_south_senaxh.txt,61
STATE_IOSLRANTH@map_data/state_regions/03_south_senaxh.txt:66,413,STATE_IOSLRANTH,이오슬란트,0,0,0,empty_definition,map_data/state_regions/03_south_senaxh.txt,66
STATE_OPOTUXH@map_data/state_regions/03_south_senaxh.txt:71,414,STATE_OPOTUXH,오포투스,0,0,0,empty_definition,map_data/state_regions/03_south_senaxh.txt,71
STATE_KEVHSTREH@map_data/state_regions/03_south_senaxh.txt:76,416,STATE_KEVHSTREH,케브스트레,0,0,0,empty_definition,map_data/state_regions/03_south_senaxh.txt,76
STATE_KIVELRUSTREH@map_data/state_regions/03_south_senaxh.txt:81,417,STATE_KIVELRUSTREH,키벨루스트레,0,0,0,empty_definition,map_data/state_regions/03_south_senaxh.txt,81
STATE_RINORANIYUEM@map_data/state_regions/03_south_senaxh.txt:86,418,STATE_RINORANIYUEM,리노라니움,0,0,0,empty_definition,map_data/state_regions/03_south_senaxh.txt,86
STATE_GERVETANTZVERKH@map_data/state_regions/03_south_senaxh.txt:91,419,STATE_GERVETANTZVERKH,게르베탄츠베르크,0,0,0,empty_definition,map_data/state_regions/03_south_senaxh.txt,91
STATE_AFALRETAYUEM@map_data/state_regions/03_south_senaxh.txt:96,420,STATE_AFALRETAYUEM,아팔레타움,0,0,0,empty_definition,map_data/state_regions/03_south_senaxh.txt,96
STATE_PYUZENTAYUEM@map_data/state_regions/03_south_senaxh.txt:101,421,STATE_PYUZENTAYUEM,퓨젠타움,0,0,0,empty_definition,map_data/state_regions/03_south_senaxh.txt,101
STATE_INCZENXHIYUEM@map_data/state_regions/03_south_senaxh.txt:106,422,STATE_INCZENXHIYUEM,인첸시움,0,0,0,empty_definition,map_data/state_regions/03_south_senaxh.txt,106
STATE_INTOXHINIYUEM@map_data/state_regions/03_south_senaxh.txt:111,423,STATE_INTOXHINIYUEM,인토시니움,0,0,0,empty_definition,map_data/state_regions/03_south_senaxh.txt,111
STATE_TAFHKALRIYUEM@map_data/state_regions/03_south_senaxh.txt:116,424,STATE_TAFHKALRIYUEM,타프칼리움,0,0,0,empty_definition,map_data/state_regions/03_south_senaxh.txt,116
STATE_HAIYULRIYUEM@map_data/state_regions/03_south_senaxh.txt:121,425,STATE_HAIYULRIYUEM,하이율리움,0,0,0,empty_definition,map_data/state_regions/03_south_senaxh.txt,121
STATE_ZIELRIYUEM@map_data/state_regions/03_south_senaxh.txt:126,426,STATE_ZIELRIYUEM,지엘리움,0,0,0,empty_definition,map_data/state_regions/03_south_senaxh.txt,126
STATE_NAIXHIYUEM@map_data/state_regions/03_south_senaxh.txt:131,427,STATE_NAIXHIYUEM,나이시움,0,0,0,empty_definition,map_data/state_regions/03_south_senaxh.txt,131
STATE_NIVHROCZAL@map_data/state_regions/03_south_senaxh.txt:136,429,STATE_NIVHROCZAL,니브로찰,0,0,0,empty_definition,map_data/state_regions/03_south_senaxh.txt,136
STATE_KOPORHCZAL@map_data/state_regions/03_south_senaxh.txt:141,430,STATE_KOPORHCZAL,코포르찰,0,0,0,empty_definition,map_data/state_regions/03_south_senaxh.txt,141
STATE_SOPOSTANXHIYUEM@map_data/state_regions/03_south_senaxh.txt:146,431,STATE_SOPOSTANXHIYUEM,소포스탄시움,0,0,0,empty_definition,map_data/state_regions/03_south_senaxh.txt,146
STATE_INTANANHALRAHN@map_data/state_regions/03_south_senaxh.txt:151,432,STATE_INTANANHALRAHN,인타난할란,0,0,0,empty_definition,map_data/state_regions/03_south_senaxh.txt,151
STATE_NIOVASTANXHIYUEM@map_data/state_regions/03_south_senaxh.txt:156,433,STATE_NIOVASTANXHIYUEM,니오바스탄시움,0,0,0,empty_definition,map_data/state_regions/03_south_senaxh.txt,156
STATE_EKATERINVERKH@map_data/state_regions/03_south_senaxh.txt:161,434,STATE_EKATERINVERKH,에카테린베르크,0,0,0,empty_definition,map_data/state_regions/03_south_senaxh.txt,161
STATE_DOUDRAHN@map_data/state_regions/03_south_senaxh.txt:166,435,STATE_DOUDRAHN,도우드란,0,0,0,empty_definition,map_data/state_regions/03_south_senaxh.txt,166
STATE_NEVESEILRINSKH@map_data/state_regions/03_south_senaxh.txt:171,436,STATE_NEVESEILRINSKH,네베세일린스크,0,0,0,empty_definition,map_data/state_regions/03_south_senaxh.txt,171
STATE_KAVATERUHN@map_data/state_regions/03_south_senaxh.txt:176,437,STATE_KAVATERUHN,카바테룬,0,0,0,empty_definition,map_data/state_regions/03_south_senaxh.txt,176
STATE_KATAVILRETAYUEM@map_data/state_regions/03_south_senaxh.txt:181,438,STATE_KATAVILRETAYUEM,카타빌레타움,0,0,0,empty_definition,map_data/state_regions/03_south_senaxh.txt,181
STATE_ORDALRUHN@map_data/state_regions/03_south_senaxh.txt:186,439,STATE_ORDALRUHN,오르달룬,0,0,0,empty_definition,map_data/state_regions/03_south_senaxh.txt,186
STATE_GWANDONG@map_data/state_regions/03_south_senaxh.txt:191,440,STATE_GWANDONG,관동,0,0,0,empty_definition,map_data/state_regions/03_south_senaxh.txt,191
STATE_SEOLCHO@map_data/state_regions/03_south_senaxh.txt:196,441,STATE_SEOLCHO,설초,0,0,0,empty_definition,map_data/state_regions/03_south_senaxh.txt,196
STATE_GWANBUK@map_data/state_regions/03_south_senaxh.txt:201,442,STATE_GWANBUK,관북,0,0,0,empty_definition,map_data/state_regions/03_south_senaxh.txt,201
STATE_KANVELRICZAL@map_data/state_regions/03_south_senaxh.txt:206,443,STATE_KANVELRICZAL,칸벨리찰,0,0,0,empty_definition,map_data/state_regions/03_south_senaxh.txt,206
STATE_SANNAM@map_data/state_regions/04_south_west_senaxh.txt:1,500,STATE_SANNAM,산남,0,0,0,empty_definition,map_data/state_regions/04_south_west_senaxh.txt,1
STATE_SANSEO@map_data/state_regions/04_south_west_senaxh.txt:6,501,STATE_SANSEO,산서,0,0,0,empty_definition,map_data/state_regions/04_south_west_senaxh.txt,6
STATE_JUNGSAN@map_data/state_regions/04_south_west_senaxh.txt:11,502,STATE_JUNGSAN,중산,0,0,0,empty_definition,map_data/state_regions/04_south_west_senaxh.txt,11
STATE_GUJUNG@map_data/state_regions/04_south_west_senaxh.txt:16,503,STATE_GUJUNG,구중,0,0,0,empty_definition,map_data/state_regions/04_south_west_senaxh.txt,16
STATE_OHYEON@map_data/state_regions/04_south_west_senaxh.txt:21,504,STATE_OHYEON,오현,0,0,0,empty_definition,map_data/state_regions/04_south_west_senaxh.txt,21
STATE_GAMBYEOK@map_data/state_regions/04_south_west_senaxh.txt:26,505,STATE_GAMBYEOK,감벽,0,0,0,empty_definition,map_data/state_regions/04_south_west_senaxh.txt,26
STATE_HANAM@map_data/state_regions/04_south_west_senaxh.txt:31,506,STATE_HANAM,하남,0,0,0,empty_definition,map_data/state_regions/04_south_west_senaxh.txt,31
STATE_ZAKRIM@map_data/state_regions/04_south_west_senaxh.txt:36,507,STATE_ZAKRIM,작림,0,0,0,empty_definition,map_data/state_regions/04_south_west_senaxh.txt,36
STATE_GWANGCHEON@map_data/state_regions/04_south_west_senaxh.txt:41,508,STATE_GWANGCHEON,광천,0,0,0,empty_definition,map_data/state_regions/04_south_west_senaxh.txt,41
STATE_INDAN@map_data/state_regions/04_south_west_senaxh.txt:46,509,STATE_INDAN,인단,0,0,0,empty_definition,map_data/state_regions/04_south_west_senaxh.txt,46
STATE_SEORYEONG@map_data/state_regions/04_south_west_senaxh.txt:51,510,STATE_SEORYEONG,서령,0,0,0,empty_definition,map_data/state_regions/04_south_west_senaxh.txt,51
STATE_IEVANTOSRAHN@map_data/state_regions/04_south_west_senaxh.txt:56,511,STATE_IEVANTOSRAHN,이에반토스란,0,0,0,empty_definition,map_data/state_regions/04_south_west_senaxh.txt,56
STATE_KONPELRATENVERKH@map_data/state_regions/04_south_west_senaxh.txt:61,512,STATE_KONPELRATENVERKH,콘펠라텐베르크,0,0,0,empty_definition,map_data/state_regions/04_south_west_senaxh.txt,61
STATE_ROBUENAXH@map_data/state_regions/04_south_west_senaxh.txt:66,513,STATE_ROBUENAXH,로부에나스,0,0,0,empty_definition,map_data/state_regions/04_south_west_senaxh.txt,66
STATE_KANTONINAXH@map_data/state_regions/04_south_west_senaxh.txt:71,514,STATE_KANTONINAXH,칸토니나스,0,0,0,empty_definition,map_data/state_regions/04_south_west_senaxh.txt,71
STATE_RIELRATENCZELRANTH@map_data/state_regions/04_south_west_senaxh.txt:76,515,STATE_RIELRATENCZELRANTH,리엘라텐첼란트,0,0,0,empty_definition,map_data/state_regions/04_south_west_senaxh.txt,76
STATE_SCHUIVANSTOLRANTH@map_data/state_regions/04_south_west_senaxh.txt:81,516,STATE_SCHUIVANSTOLRANTH,슈이반스톨란트,0,0,0,empty_definition,map_data/state_regions/04_south_west_senaxh.txt,81
STATE_SOININDETENVERKH@map_data/state_regions/04_south_west_senaxh.txt:86,517,STATE_SOININDETENVERKH,소이닌데텐베르크,0,0,0,empty_definition,map_data/state_regions/04_south_west_senaxh.txt,86
STATE_HEIMVELRATENVERKH@map_data/state_regions/04_south_west_senaxh.txt:91,518,STATE_HEIMVELRATENVERKH,헤임벨라텐베르크,0,0,0,empty_definition,map_data/state_regions/04_south_west_senaxh.txt,91
STATE_VESTANCZATENVERKH@map_data/state_regions/04_south_west_senaxh.txt:96,519,STATE_VESTANCZATENVERKH,베스탄차텐베르크,0,0,0,empty_definition,map_data/state_regions/04_south_west_senaxh.txt,96
STATE_OPOITOLRACZAH@map_data/state_regions/04_south_west_senaxh.txt:101,520,STATE_OPOITOLRACZAH,오포이톨라차,0,0,0,empty_definition,map_data/state_regions/04_south_west_senaxh.txt,101
STATE_NIAVARETEN@map_data/state_regions/04_south_west_senaxh.txt:106,521,STATE_NIAVARETEN,니아바레텐,0,0,0,empty_definition,map_data/state_regions/04_south_west_senaxh.txt,106
STATE_OISTANRETEN@map_data/state_regions/04_south_west_senaxh.txt:111,522,STATE_OISTANRETEN,오이스탄레텐,0,0,0,empty_definition,map_data/state_regions/04_south_west_senaxh.txt,111
STATE_KENTOXHINERETEN@map_data/state_regions/04_south_west_senaxh.txt:116,523,STATE_KENTOXHINERETEN,켄토시네레텐,0,0,0,empty_definition,map_data/state_regions/04_south_west_senaxh.txt,116
STATE_SEIVELRARETEN@map_data/state_regions/04_south_west_senaxh.txt:121,524,STATE_SEIVELRARETEN,세이벨라레텐,0,0,0,empty_definition,map_data/state_regions/04_south_west_senaxh.txt,121
STATE_KAIVLRANKA@map_data/state_regions/04_south_west_senaxh.txt:126,525,STATE_KAIVLRANKA,카이블랑카,0,0,0,empty_definition,map_data/state_regions/04_south_west_senaxh.txt,126
STATE_ARVENTEN@map_data/state_regions/04_south_west_senaxh.txt:131,526,STATE_ARVENTEN,아르벤텐,0,0,0,empty_definition,map_data/state_regions/04_south_west_senaxh.txt,131
STATE_SORVENTEN@map_data/state_regions/04_south_west_senaxh.txt:136,527,STATE_SORVENTEN,소르벤텐,0,0,0,empty_definition,map_data/state_regions/04_south_west_senaxh.txt,136
STATE_RIVELRAVEN@map_data/state_regions/04_south_west_senaxh.txt:141,528,STATE_RIVELRAVEN,리벨라벤,0,0,0,empty_definition,map_data/state_regions/04_south_west_senaxh.txt,141
STATE_AINPETAXH@map_data/state_regions/04_south_west_senaxh.txt:146,529,STATE_AINPETAXH,아인페타스,0,0,0,empty_definition,map_data/state_regions/04_south_west_senaxh.txt,146
STATE_IDORORUXH@map_data/state_regions/04_south_west_senaxh.txt:151,530,STATE_IDORORUXH,이도로루스,0,0,0,empty_definition,map_data/state_regions/04_south_west_senaxh.txt,151
STATE_RIDURARURH@map_data/state_regions/04_south_west_senaxh.txt:156,531,STATE_RIDURARURH,리두라루르,0,0,0,empty_definition,map_data/state_regions/04_south_west_senaxh.txt,156
STATE_INTOVLRANKA@map_data/state_regions/04_south_west_senaxh.txt:161,532,STATE_INTOVLRANKA,인토블랑카,0,0,0,empty_definition,map_data/state_regions/04_south_west_senaxh.txt,161
STATE_AVHRAKENTAH@map_data/state_regions/04_south_west_senaxh.txt:166,533,STATE_AVHRAKENTAH,아브라켄타,0,0,0,empty_definition,map_data/state_regions/04_south_west_senaxh.txt,166
STATE_SOUDERAKEHN@map_data/state_regions/04_south_west_senaxh.txt:171,534,STATE_SOUDERAKEHN,소우데라켄,0,0,0,empty_definition,map_data/state_regions/04_south_west_senaxh.txt,171
STATE_NIHELRONIAH@map_data/state_regions/05_north_west_senaxh.txt:1,600,STATE_NIHELRONIAH,니헬로니아,0,0,0,empty_definition,map_data/state_regions/05_north_west_senaxh.txt,1
STATE_OISCZELRAH@map_data/state_regions/05_north_west_senaxh.txt:23,601,STATE_OISCZELRAH,오이스첼라,0,0,0,empty_definition,map_data/state_regions/05_north_west_senaxh.txt,23
STATE_KAVARHHAIM@map_data/state_regions/05_north_west_senaxh.txt:40,602,STATE_KAVARHHAIM,카바르하임,0,0,0,empty_definition,map_data/state_regions/05_north_west_senaxh.txt,40
STATE_RUTHVANAHAIM@map_data/state_regions/05_north_west_senaxh.txt:45,603,STATE_RUTHVANAHAIM,루트바나하임,0,0,0,empty_definition,map_data/state_regions/05_north_west_senaxh.txt,45
STATE_HEVHIRANAH@map_data/state_regions/05_north_west_senaxh.txt:50,604,STATE_HEVHIRANAH,헤브이라나,0,0,0,empty_definition,map_data/state_regions/05_north_west_senaxh.txt,50
STATE_ORHVELRIYA@map_data/state_regions/05_north_west_senaxh.txt:55,605,STATE_ORHVELRIYA,오르벨리야,0,0,0,empty_definition,map_data/state_regions/05_north_west_senaxh.txt,55
STATE_NESLRANIAH@map_data/state_regions/05_north_west_senaxh.txt:60,606,STATE_NESLRANIAH,네슬라니아,0,0,0,empty_definition,map_data/state_regions/05_north_west_senaxh.txt,60
STATE_KINTARANIAH@map_data/state_regions/05_north_west_senaxh.txt:65,607,STATE_KINTARANIAH,킨타라니아,0,0,0,empty_definition,map_data/state_regions/05_north_west_senaxh.txt,65
STATE_ANDARHSLRANYAH@map_data/state_regions/05_north_west_senaxh.txt:70,608,STATE_ANDARHSLRANYAH,안다르슬라냐,0,0,0,empty_definition,map_data/state_regions/05_north_west_senaxh.txt,70
STATE_AFHZENTANSKH@map_data/state_regions/05_north_west_senaxh.txt:75,609,STATE_AFHZENTANSKH,아프젠탄스크,0,0,0,empty_definition,map_data/state_regions/05_north_west_senaxh.txt,75
STATE_OVORALRITS@map_data/state_regions/05_north_west_senaxh.txt:80,610,STATE_OVORALRITS,오보랄리츠,0,0,0,empty_definition,map_data/state_regions/05_north_west_senaxh.txt,80
STATE_KINTANCZENPANTH@map_data/state_regions/05_north_west_senaxh.txt:85,611,STATE_KINTANCZENPANTH,킨탄첸판트,0,0,0,empty_definition,map_data/state_regions/05_north_west_senaxh.txt,85
STATE_SOVOROXH@map_data/state_regions/05_north_west_senaxh.txt:90,612,STATE_SOVOROXH,소보로스,0,0,0,empty_definition,map_data/state_regions/05_north_west_senaxh.txt,90
STATE_YUTAVENCZIAH@map_data/state_regions/05_north_west_senaxh.txt:95,613,STATE_YUTAVENCZIAH,유타벤치아,0,0,0,empty_definition,map_data/state_regions/05_north_west_senaxh.txt,95
STATE_INSVENGELRAH@map_data/state_regions/05_north_west_senaxh.txt:100,614,STATE_INSVENGELRAH,인스벤겔라,0,0,0,empty_definition,map_data/state_regions/05_north_west_senaxh.txt,100
STATE_AUSHEPEN@map_data/state_regions/05_north_west_senaxh.txt:105,615,STATE_AUSHEPEN,아우스헤펜,0,0,0,empty_definition,map_data/state_regions/05_north_west_senaxh.txt,105
STATE_KIVIHAXHI@map_data/state_regions/05_north_west_senaxh.txt:110,616,STATE_KIVIHAXHI,키비하시,0,0,0,empty_definition,map_data/state_regions/05_north_west_senaxh.txt,110
STATE_ONTALRONIAH@map_data/state_regions/05_north_west_senaxh.txt:115,617,STATE_ONTALRONIAH,온탈로니아,0,0,0,empty_definition,map_data/state_regions/05_north_west_senaxh.txt,115
STATE_AMARHNIAH@map_data/state_regions/05_north_west_senaxh.txt:134,618,STATE_AMARHNIAH,아마르니아,0,0,0,empty_definition,map_data/state_regions/05_north_west_senaxh.txt,134
STATE_ONTORINTANCZ@map_data/state_regions/05_north_west_senaxh.txt:153,619,STATE_ONTORINTANCZ,온토린탄츠,0,0,0,empty_definition,map_data/state_regions/05_north_west_senaxh.txt,153
STATE_AVARHCZAL@map_data/state_regions/05_north_west_senaxh.txt:172,620,STATE_AVARHCZAL,아바르찰,0,0,0,empty_definition,map_data/state_regions/05_north_west_senaxh.txt,172
STATE_SEINMARNIAH@map_data/state_regions/05_north_west_senaxh.txt:177,621,STATE_SEINMARNIAH,세인마르니아,0,0,0,empty_definition,map_data/state_regions/05_north_west_senaxh.txt,177
STATE_INTAXHENACZANTH@map_data/state_regions/05_north_west_senaxh.txt:182,622,STATE_INTAXHENACZANTH,인타셰나찬트,0,0,0,empty_definition,map_data/state_regions/05_north_west_senaxh.txt,182
STATE_KOVALRATHCZELRANTH@map_data/state_regions/05_north_west_senaxh.txt:187,623,STATE_KOVALRATHCZELRANTH,코발라트첼란트,0,0,0,empty_definition,map_data/state_regions/05_north_west_senaxh.txt,187
STATE_IPOLRATANCZELRANTH@map_data/state_regions/05_north_west_senaxh.txt:192,624,STATE_IPOLRATANCZELRANTH,이폴라탄첼란트,0,0,0,empty_definition,map_data/state_regions/05_north_west_senaxh.txt,192
STATE_KOVHHETALRANIYUEM@map_data/state_regions/05_north_west_senaxh.txt:197,625,STATE_KOVHHETALRANIYUEM,코브헤탈라니움,0,0,0,empty_definition,map_data/state_regions/05_north_west_senaxh.txt,197
STATE_NIDELHEPEHN@map_data/state_regions/05_north_west_senaxh.txt:202,626,STATE_NIDELHEPEHN,니델헤펜,0,0,0,empty_definition,map_data/state_regions/05_north_west_senaxh.txt,202
STATE_KUVALHARARIAH@map_data/state_regions/05_north_west_senaxh.txt:207,627,STATE_KUVALHARARIAH,쿠발하라리아,0,0,0,empty_definition,map_data/state_regions/05_north_west_senaxh.txt,207
STATE_NILROTOLRAYUEM@map_data/state_regions/05_north_west_senaxh.txt:212,628,STATE_NILROTOLRAYUEM,닐로톨라움,0,0,0,empty_definition,map_data/state_regions/05_north_west_senaxh.txt,212
STATE_IOSVERKH@map_data/state_regions/05_north_west_senaxh.txt:217,629,STATE_IOSVERKH,이오스베르크,0,0,0,empty_definition,map_data/state_regions/05_north_west_senaxh.txt,217
STATE_INTONINAXH@map_data/state_regions/05_north_west_senaxh.txt:222,630,STATE_INTONINAXH,인토니나스,0,0,0,empty_definition,map_data/state_regions/05_north_west_senaxh.txt,222
STATE_HAVANANXHI@map_data/state_regions/05_north_west_senaxh.txt:227,631,STATE_HAVANANXHI,하바난시,0,0,0,empty_definition,map_data/state_regions/05_north_west_senaxh.txt,227
STATE_AVHELRACZELRANTH@map_data/state_regions/05_north_west_senaxh.txt:232,632,STATE_AVHELRACZELRANTH,아브엘라첼란트,0,0,0,empty_definition,map_data/state_regions/05_north_west_senaxh.txt,232
STATE_HAILDESRAHM@map_data/state_regions/05_north_west_senaxh.txt:237,633,STATE_HAILDESRAHM,하일데스람,0,0,0,empty_definition,map_data/state_regions/05_north_west_senaxh.txt,237
STATE_SEIVISIUS@map_data/state_regions/05_north_west_senaxh.txt:242,634,STATE_SEIVISIUS,세이비시우스,0,0,0,empty_definition,map_data/state_regions/05_north_west_senaxh.txt,242
STATE_INSTOLRACZAH@map_data/state_regions/05_north_west_senaxh.txt:247,635,STATE_INSTOLRACZAH,인스톨라차,0,0,0,empty_definition,map_data/state_regions/05_north_west_senaxh.txt,247
STATE_ARVANAXHIUS@map_data/state_regions/05_north_west_senaxh.txt:252,636,STATE_ARVANAXHIUS,아르바나시우스,0,0,0,empty_definition,map_data/state_regions/05_north_west_senaxh.txt,252
STATE_KANTOXHIUS@map_data/state_regions/05_north_west_senaxh.txt:257,637,STATE_KANTOXHIUS,칸토시우스,0,0,0,empty_definition,map_data/state_regions/05_north_west_senaxh.txt,257
STATE_RODHVIXH@map_data/state_regions/05_north_west_senaxh.txt:262,638,STATE_RODHVIXH,로드비스,0,0,0,empty_definition,map_data/state_regions/05_north_west_senaxh.txt,262
STATE_DOVHRAMEXH@map_data/state_regions/05_north_west_senaxh.txt:267,639,STATE_DOVHRAMEXH,도브라메스,0,0,0,empty_definition,map_data/state_regions/05_north_west_senaxh.txt,267
STATE_RIVRAMEXH@map_data/state_regions/05_north_west_senaxh.txt:272,640,STATE_RIVRAMEXH,리브라메스,0,0,0,empty_definition,map_data/state_regions/05_north_west_senaxh.txt,272
STATE_WIXH@map_data/state_regions/05_north_west_senaxh.txt:277,641,STATE_WIXH,위스,0,0,0,empty_definition,map_data/state_regions/05_north_west_senaxh.txt,277
STATE_ANHALTH@map_data/state_regions/05_north_west_senaxh.txt:282,642,STATE_ANHALTH,안할트,0,0,0,empty_definition,map_data/state_regions/05_north_west_senaxh.txt,282
STATE_AKELRETZ@map_data/state_regions/05_north_west_senaxh.txt:287,643,STATE_AKELRETZ,아켈레츠,0,0,0,empty_definition,map_data/state_regions/05_north_west_senaxh.txt,287
STATE_NOURISRAM@map_data/state_regions/05_north_west_senaxh.txt:292,644,STATE_NOURISRAM,노우리스람,0,0,0,empty_definition,map_data/state_regions/05_north_west_senaxh.txt,292
STATE_EINSRAM@map_data/state_regions/05_north_west_senaxh.txt:297,645,STATE_EINSRAM,에인스람,0,0,0,empty_definition,map_data/state_regions/05_north_west_senaxh.txt,297
STATE_OVOSRAM@map_data/state_regions/05_north_west_senaxh.txt:302,646,STATE_OVOSRAM,오보스람,0,0,0,empty_definition,map_data/state_regions/05_north_west_senaxh.txt,302
STATE_DELRIXHRAM@map_data/state_regions/05_north_west_senaxh.txt:307,647,STATE_DELRIXHRAM,델리스람,0,0,0,empty_definition,map_data/state_regions/05_north_west_senaxh.txt,307
STATE_OVORISRAHM@map_data/state_regions/05_north_west_senaxh.txt:312,648,STATE_OVORISRAHM,오보리스람,0,0,0,empty_definition,map_data/state_regions/05_north_west_senaxh.txt,312
STATE_NIOTORANTH@map_data/state_regions/05_north_west_senaxh.txt:317,649,STATE_NIOTORANTH,니오토란트,0,0,0,empty_definition,map_data/state_regions/05_north_west_senaxh.txt,317
STATE_SEARULTH@map_data/state_regions/05_north_west_senaxh.txt:322,650,STATE_SEARULTH,세아룰트,0,0,0,empty_definition,map_data/state_regions/05_north_west_senaxh.txt,322
STATE_KIVARANTH@map_data/state_regions/05_north_west_senaxh.txt:327,651,STATE_KIVARANTH,키바란트,0,0,0,empty_definition,map_data/state_regions/05_north_west_senaxh.txt,327
STATE_NIDETENSRAHM@map_data/state_regions/05_north_west_senaxh.txt:332,652,STATE_NIDETENSRAHM,니데텐스람,0,0,0,empty_definition,map_data/state_regions/05_north_west_senaxh.txt,332
STATE_KOVOTENSRAHM@map_data/state_regions/05_north_west_senaxh.txt:337,653,STATE_KOVOTENSRAHM,코보텐스람,0,0,0,empty_definition,map_data/state_regions/05_north_west_senaxh.txt,337
STATE_EVELRILRANTH@map_data/state_regions/05_north_west_senaxh.txt:342,654,STATE_EVELRILRANTH,에벨릴란트,0,0,0,empty_definition,map_data/state_regions/05_north_west_senaxh.txt,342
STATE_NIELRILRANTH@map_data/state_regions/05_north_west_senaxh.txt:347,655,STATE_NIELRILRANTH,니엘릴란트,0,0,0,empty_definition,map_data/state_regions/05_north_west_senaxh.txt,347
STATE_AKAPETH@map_data/state_regions/05_north_west_senaxh.txt:352,656,STATE_AKAPETH,아카페트,0,0,0,empty_definition,map_data/state_regions/05_north_west_senaxh.txt,352
STATE_INTOPETH@map_data/state_regions/05_north_west_senaxh.txt:357,657,STATE_INTOPETH,인토페트,0,0,0,empty_definition,map_data/state_regions/05_north_west_senaxh.txt,357
STATE_NOLVAHAM@map_data/state_regions/05_north_west_senaxh.txt:362,658,STATE_NOLVAHAM,놀바함,0,0,0,empty_definition,map_data/state_regions/05_north_west_senaxh.txt,362
STATE_KAVAHAL@map_data/state_regions/05_north_west_senaxh.txt:367,659,STATE_KAVAHAL,카바할,0,0,0,empty_definition,map_data/state_regions/05_north_west_senaxh.txt,367
STATE_HAIMSVERN@map_data/state_regions/05_north_west_senaxh.txt:372,660,STATE_HAIMSVERN,하임스베른,0,0,0,empty_definition,map_data/state_regions/05_north_west_senaxh.txt,372
STATE_KOVOARETA@map_data/state_regions/05_north_west_senaxh.txt:377,661,STATE_KOVOARETA,코보아레타,0,0,0,empty_definition,map_data/state_regions/05_north_west_senaxh.txt,377
STATE_NIDOTORETAH@map_data/state_regions/05_north_west_senaxh.txt:382,662,STATE_NIDOTORETAH,니도토레타,0,0,0,empty_definition,map_data/state_regions/05_north_west_senaxh.txt,382
STATE_ANDETESVERN@map_data/state_regions/05_north_west_senaxh.txt:387,663,STATE_ANDETESVERN,안데테스베른,0,0,0,empty_definition,map_data/state_regions/05_north_west_senaxh.txt,387
STATE_APHRODICZE@map_data/state_regions/05_north_west_senaxh.txt:392,664,STATE_APHRODICZE,아프로디체,0,0,0,empty_definition,map_data/state_regions/05_north_west_senaxh.txt,392
STATE_NIDETEXHVERN@map_data/state_regions/05_north_west_senaxh.txt:397,665,STATE_NIDETEXHVERN,니데테스베른,0,0,0,empty_definition,map_data/state_regions/05_north_west_senaxh.txt,397
STATE_OSTESVERH@map_data/state_regions/05_north_west_senaxh.txt:402,666,STATE_OSTESVERH,오스테스베른,0,0,0,empty_definition,map_data/state_regions/05_north_west_senaxh.txt,402
STATE_INSDARCZEH@map_data/state_regions/05_north_west_senaxh.txt:407,667,STATE_INSDARCZEH,인스다르체,0,0,0,empty_definition,map_data/state_regions/05_north_west_senaxh.txt,407
STATE_CZEIMVEXH@map_data/state_regions/05_north_west_senaxh.txt:412,668,STATE_CZEIMVEXH,체임베스,0,0,0,empty_definition,map_data/state_regions/05_north_west_senaxh.txt,412
STATE_UVARS@map_data/state_regions/05_north_west_senaxh.txt:417,669,STATE_UVARS,우바르스,0,0,0,empty_definition,map_data/state_regions/05_north_west_senaxh.txt,417
STATE_TRAELRITANIAH@map_data/state_regions/05_north_west_senaxh.txt:422,670,STATE_TRAELRITANIAH,트라엘리타니아,0,0,0,empty_definition,map_data/state_regions/05_north_west_senaxh.txt,422
STATE_IMPEHTAXH@map_data/state_regions/06_rwikelven.txt:2,700,STATE_IMPEHTAXH,임페타스,0,0,0,empty_definition,map_data/state_regions/06_rwikelven.txt,2
STATE_KENARUXH@map_data/state_regions/06_rwikelven.txt:7,701,STATE_KENARUXH,케나루스,0,0,0,empty_definition,map_data/state_regions/06_rwikelven.txt,7
STATE_VAILRARUXH@map_data/state_regions/06_rwikelven.txt:12,702,STATE_VAILRARUXH,바일라루스,0,0,0,empty_definition,map_data/state_regions/06_rwikelven.txt,12
STATE_RIVERHTAXH@map_data/state_regions/06_rwikelven.txt:17,703,STATE_RIVERHTAXH,리베르타스,0,0,0,empty_definition,map_data/state_regions/06_rwikelven.txt,17
STATE_ENDAIL@map_data/state_regions/06_rwikelven.txt:22,704,STATE_ENDAIL,엔다일,0,0,0,empty_definition,map_data/state_regions/06_rwikelven.txt,22
STATE_RIKHXH@map_data/state_regions/06_rwikelven.txt:27,705,STATE_RIKHXH,리크스,0,0,0,empty_definition,map_data/state_regions/06_rwikelven.txt,27
STATE_RINDAON@map_data/state_regions/06_rwikelven.txt:32,706,STATE_RINDAON,린다온,0,0,0,empty_definition,map_data/state_regions/06_rwikelven.txt,32
STATE_CHINAXH@map_data/state_regions/06_rwikelven.txt:37,707,STATE_CHINAXH,치나스,0,0,0,empty_definition,map_data/state_regions/06_rwikelven.txt,37
STATE_RAINUXH@map_data/state_regions/06_rwikelven.txt:42,708,STATE_RAINUXH,라이누스,0,0,0,empty_definition,map_data/state_regions/06_rwikelven.txt,42
STATE_KEFEIH@map_data/state_regions/06_rwikelven.txt:47,709,STATE_KEFEIH,케페이,0,0,0,empty_definition,map_data/state_regions/06_rwikelven.txt,47
STATE_KESHUVITH@map_data/state_regions/06_rwikelven.txt:52,710,STATE_KESHUVITH,케슈비트,0,0,0,empty_definition,map_data/state_regions/06_rwikelven.txt,52
STATE_ANTON@map_data/state_regions/06_rwikelven.txt:57,711,STATE_ANTON,안톤,0,0,0,empty_definition,map_data/state_regions/06_rwikelven.txt,57
STATE_SAVITH@map_data/state_regions/06_rwikelven.txt:62,712,STATE_SAVITH,사비트,0,0,0,empty_definition,map_data/state_regions/06_rwikelven.txt,62
STATE_NAINEKTON@map_data/state_regions/06_rwikelven.txt:67,713,STATE_NAINEKTON,나이넥톤,0,0,0,empty_definition,map_data/state_regions/06_rwikelven.txt,67
STATE_KAITON@map_data/state_regions/06_rwikelven.txt:72,714,STATE_KAITON,카이톤,0,0,0,empty_definition,map_data/state_regions/06_rwikelven.txt,72
STATE_RIVEMUTH@map_data/state_regions/06_rwikelven.txt:77,715,STATE_RIVEMUTH,리베무트,0,0,0,empty_definition,map_data/state_regions/06_rwikelven.txt,77
STATE_INXHVENTH@map_data/state_regions/06_rwikelven.txt:82,716,STATE_INXHVENTH,인스벤트,0,0,0,empty_definition,map_data/state_regions/06_rwikelven.txt,82
STATE_RUSNITS@map_data/state_regions/06_rwikelven.txt:87,717,STATE_RUSNITS,루스니츠,0,0,0,empty_definition,map_data/state_regions/06_rwikelven.txt,87
STATE_RUXHENATON@map_data/state_regions/06_rwikelven.txt:92,718,STATE_RUXHENATON,루셰나톤,0,0,0,empty_definition,map_data/state_regions/06_rwikelven.txt,92
STATE_ANKAIUXH@map_data/state_regions/06_rwikelven.txt:97,719,STATE_ANKAIUXH,안카이우스,0,0,0,empty_definition,map_data/state_regions/06_rwikelven.txt,97
STATE_KIFEIH@map_data/state_regions/06_rwikelven.txt:102,720,STATE_KIFEIH,키페이,0,0,0,empty_definition,map_data/state_regions/06_rwikelven.txt,102
STATE_PARXHA@map_data/state_regions/06_rwikelven.txt:107,721,STATE_PARXHA,파르샤,0,0,0,empty_definition,map_data/state_regions/06_rwikelven.txt,107
STATE_HERXHA@map_data/state_regions/06_rwikelven.txt:112,722,STATE_HERXHA,헤르샤,0,0,0,empty_definition,map_data/state_regions/06_rwikelven.txt,112
STATE_BUKWON@map_data/state_regions/07_raionion_korea.txt:262,813,STATE_BUKWON,북원,0,0,0,empty_definition,map_data/state_regions/07_raionion_korea.txt,262
STATE_NAYEON@map_data/state_regions/07_raionion_korea.txt:279,814,STATE_NAYEON,나연,0,0,0,empty_definition,map_data/state_regions/07_raionion_korea.txt,279
STATE_IMUH@map_data/state_regions/07_raionion_korea.txt:296,815,STATE_IMUH,임우,0,0,0,empty_definition,map_data/state_regions/07_raionion_korea.txt,296
STATE_HWANGJU@map_data/state_regions/07_raionion_korea.txt:313,816,STATE_HWANGJU,황주,0,0,0,empty_definition,map_data/state_regions/07_raionion_korea.txt,313
STATE_SUDRAH@map_data/state_regions/07_raionion_korea.txt:364,819,STATE_SUDRAH,수드라,0,0,0,empty_definition,map_data/state_regions/07_raionion_korea.txt,364
STATE_MANTRAH@map_data/state_regions/07_raionion_korea.txt:381,820,STATE_MANTRAH,만트라,0,0,0,empty_definition,map_data/state_regions/07_raionion_korea.txt,381
STATE_AINDHRAH@map_data/state_regions/07_raionion_korea.txt:398,821,STATE_AINDHRAH,아인드라,0,0,0,empty_definition,map_data/state_regions/07_raionion_korea.txt,398
STATE_JUNGARH@map_data/state_regions/07_raionion_korea.txt:415,822,STATE_JUNGARH,준가르,0,0,0,empty_definition,map_data/state_regions/07_raionion_korea.txt,415
STATE_RIVHTARH@map_data/state_regions/07_raionion_korea.txt:432,823,STATE_RIVHTARH,리브타르,0,0,0,empty_definition,map_data/state_regions/07_raionion_korea.txt,432
STATE_JEONGJU@map_data/state_regions/07_raionion_korea.txt:449,824,STATE_JEONGJU,정주,0,0,0,empty_definition,map_data/state_regions/07_raionion_korea.txt,449
STATE_AMHWAN@map_data/state_regions/07_raionion_korea.txt:466,825,STATE_AMHWAN,암환,0,0,0,empty_definition,map_data/state_regions/07_raionion_korea.txt,466
STATE_SUJEON@map_data/state_regions/07_raionion_korea.txt:483,826,STATE_SUJEON,수전,0,0,0,empty_definition,map_data/state_regions/07_raionion_korea.txt,483
STATE_GWANBUK@map_data/state_regions/07_raionion_korea.txt:500,827,STATE_GWANBUK,관북,0,0,0,empty_definition,map_data/state_regions/07_raionion_korea.txt,500
STATE_GWANSEO@map_data/state_regions/07_raionion_korea.txt:517,828,STATE_GWANSEO,관서,0,0,0,empty_definition,map_data/state_regions/07_raionion_korea.txt,517
STATE_BUKGYE@map_data/state_regions/07_raionion_korea.txt:534,829,STATE_BUKGYE,북계,0,0,0,empty_definition,map_data/state_regions/07_raionion_korea.txt,534
STATE_JINJEON@map_data/state_regions/07_raionion_korea.txt:551,830,STATE_JINJEON,진전,0,0,0,empty_definition,map_data/state_regions/07_raionion_korea.txt,551
STATE_SEOGYEONG@map_data/state_regions/07_raionion_korea.txt:568,831,STATE_SEOGYEONG,서경,0,0,0,empty_definition,map_data/state_regions/07_raionion_korea.txt,568
STATE_GWANJUNG@map_data/state_regions/07_raionion_korea.txt:636,835,STATE_GWANJUNG,관중,0,0,0,empty_definition,map_data/state_regions/07_raionion_korea.txt,636
STATE_ZAFIAH_GARTEN@map_data/state_regions/08_raikan.txt:1,900,STATE_ZAFIAH_GARTEN,자피아 가르텐,0,0,0,empty_definition,map_data/state_regions/08_raikan.txt,1
STATE_VESTIAH_GATEN@map_data/state_regions/08_raikan.txt:6,901,STATE_VESTIAH_GATEN,베스티아 가르텐,0,0,0,empty_definition,map_data/state_regions/08_raikan.txt,6
STATE_SIONIRTEN@map_data/state_regions/08_raikan.txt:11,902,STATE_SIONIRTEN,시오니르텐,0,0,0,empty_definition,map_data/state_regions/08_raikan.txt,11
STATE_AKAVERTEN@map_data/state_regions/08_raikan.txt:16,903,STATE_AKAVERTEN,아카베르텐,0,0,0,empty_definition,map_data/state_regions/08_raikan.txt,16
STATE_ERHVARHTEN@map_data/state_regions/08_raikan.txt:21,904,STATE_ERHVARHTEN,에르바르텐,0,0,0,empty_definition,map_data/state_regions/08_raikan.txt,21
STATE_NIRHVETEHN@map_data/state_regions/08_raikan.txt:26,905,STATE_NIRHVETEHN,니르베텐,0,0,0,empty_definition,map_data/state_regions/08_raikan.txt,26
STATE_KAUPASTEHN@map_data/state_regions/08_raikan.txt:31,906,STATE_KAUPASTEHN,카우파스텐,0,0,0,empty_definition,map_data/state_regions/08_raikan.txt,31
STATE_NIEVELREL@map_data/state_regions/08_raikan.txt:36,907,STATE_NIEVELREL,니에벨렐,0,0,0,empty_definition,map_data/state_regions/08_raikan.txt,36
STATE_INSTARAPUXH@map_data/state_regions/08_raikan.txt:41,908,STATE_INSTARAPUXH,인스타라푸스,0,0,0,empty_definition,map_data/state_regions/08_raikan.txt,41
STATE_OAHSTAREL@map_data/state_regions/08_raikan.txt:46,909,STATE_OAHSTAREL,오아스타렐,0,0,0,empty_definition,map_data/state_regions/08_raikan.txt,46
STATE_KOFHPUXH@map_data/state_regions/08_raikan.txt:51,910,STATE_KOFHPUXH,코프푸스,0,0,0,empty_definition,map_data/state_regions/08_raikan.txt,51
STATE_AVAROLRAND@map_data/state_regions/08_raikan.txt:56,911,STATE_AVAROLRAND,아바롤란드,0,0,0,empty_definition,map_data/state_regions/08_raikan.txt,56
STATE_KINTAVALRATAH@map_data/state_regions/08_raikan.txt:61,912,STATE_KINTAVALRATAH,킨타발라타,0,0,0,empty_definition,map_data/state_regions/08_raikan.txt,61
STATE_PERTANTIXH@map_data/state_regions/08_raikan.txt:66,913,STATE_PERTANTIXH,페르탄티스,0,0,0,empty_definition,map_data/state_regions/08_raikan.txt,66
STATE_ZEVELRAVHTAH@map_data/state_regions/08_raikan.txt:71,914,STATE_ZEVELRAVHTAH,제벨라브타,0,0,0,empty_definition,map_data/state_regions/08_raikan.txt,71
STATE_NIOSHAVHRAH@map_data/state_regions/08_raikan.txt:76,915,STATE_NIOSHAVHRAH,니오샤브라,0,0,0,empty_definition,map_data/state_regions/08_raikan.txt,76
STATE_KAFHKAVHRAH@map_data/state_regions/08_raikan.txt:81,916,STATE_KAFHKAVHRAH,카프카브라,0,0,0,empty_definition,map_data/state_regions/08_raikan.txt,81
STATE_IOVERANAH@map_data/state_regions/08_raikan.txt:91,918,STATE_IOVERANAH,이오베라나,0,0,0,empty_definition,map_data/state_regions/08_raikan.txt,91
STATE_YARVATAH@map_data/state_regions/08_raikan.txt:96,919,STATE_YARVATAH,야르바타,0,0,0,empty_definition,map_data/state_regions/08_raikan.txt,96
STATE_NIDELRELRANDH@map_data/state_regions/08_raikan.txt:101,920,STATE_NIDELRELRANDH,니델렐란드,0,0,0,empty_definition,map_data/state_regions/08_raikan.txt,101
STATE_NUAVERELRANTH@map_data/state_regions/08_raikan.txt:106,921,STATE_NUAVERELRANTH,누아베렐란트,0,0,0,empty_definition,map_data/state_regions/08_raikan.txt,106
STATE_YUVHRATANAH@map_data/state_regions/08_raikan.txt:111,922,STATE_YUVHRATANAH,유브라타나,0,0,0,empty_definition,map_data/state_regions/08_raikan.txt,111
STATE_IOTANTANIAH@map_data/state_regions/08_raikan.txt:121,924,STATE_IOTANTANIAH,이오탄타니아,0,0,0,empty_definition,map_data/state_regions/08_raikan.txt,121
STATE_AVHRATANIAH@map_data/state_regions/08_raikan.txt:126,925,STATE_AVHRATANIAH,아브라타니아,0,0,0,empty_definition,map_data/state_regions/08_raikan.txt,126
STATE_SHUVERHTEHN@map_data/state_regions/08_raikan.txt:131,926,STATE_SHUVERHTEHN,슈베르텐,0,0,0,empty_definition,map_data/state_regions/08_raikan.txt,131
STATE_UAHVELRATANAH@map_data/state_regions/08_raikan.txt:136,927,STATE_UAHVELRATANAH,우아벨라타나,0,0,0,empty_definition,map_data/state_regions/08_raikan.txt,136
STATE_OSTELRELRANTH@map_data/state_regions/08_raikan.txt:141,928,STATE_OSTELRELRANTH,오스텔렐란트,0,0,0,empty_definition,map_data/state_regions/08_raikan.txt,141
STATE_HEEMVELRAH@map_data/state_regions/08_raikan.txt:146,929,STATE_HEEMVELRAH,헤엠벨라,0,0,0,empty_definition,map_data/state_regions/08_raikan.txt,146
STATE_KUPHVELRAH@map_data/state_regions/08_raikan.txt:156,931,STATE_KUPHVELRAH,쿠프벨라,0,0,0,empty_definition,map_data/state_regions/08_raikan.txt,156
STATE_IOSTAVELRAH@map_data/state_regions/08_raikan.txt:161,932,STATE_IOSTAVELRAH,이오스타벨라,0,0,0,empty_definition,map_data/state_regions/08_raikan.txt,161
STATE_INTACZAFELRAH@map_data/state_regions/08_raikan.txt:166,933,STATE_INTACZAFELRAH,인타차펠라,0,0,0,empty_definition,map_data/state_regions/08_raikan.txt,166
STATE_UMVELRAH@map_data/state_regions/08_raikan.txt:171,934,STATE_UMVELRAH,움벨라,0,0,0,empty_definition,map_data/state_regions/08_raikan.txt,171
STATE_KENTAAVELRAH@map_data/state_regions/08_raikan.txt:176,935,STATE_KENTAAVELRAH,켄타아벨라,0,0,0,empty_definition,map_data/state_regions/08_raikan.txt,176
STATE_IKAVELRATANTH@map_data/state_regions/08_raikan.txt:181,936,STATE_IKAVELRATANTH,이카벨라탄트,0,0,0,empty_definition,map_data/state_regions/08_raikan.txt,181
STATE_INTALRAXHE@map_data/state_regions/08_raikan.txt:186,937,STATE_INTALRAXHE,인탈라셰,0,0,0,empty_definition,map_data/state_regions/08_raikan.txt,186
STATE_RIVELRAXHE@map_data/state_regions/08_raikan.txt:191,938,STATE_RIVELRAXHE,리벨라셰,0,0,0,empty_definition,map_data/state_regions/08_raikan.txt,191
STATE_ROVONIRTEN@map_data/state_regions/08_raikan.txt:211,942,STATE_ROVONIRTEN,로보니르텐,0,0,0,empty_definition,map_data/state_regions/08_raikan.txt,211
STATE_ZIOLRANTEN@map_data/state_regions/08_raikan.txt:216,943,STATE_ZIOLRANTEN,지올란텐,0,0,0,empty_definition,map_data/state_regions/08_raikan.txt,216
STATE_SAILVERTEN@map_data/state_regions/08_raikan.txt:221,944,STATE_SAILVERTEN,사일베르텐,0,0,0,empty_definition,map_data/state_regions/08_raikan.txt,221
STATE_KONSRASTATI@map_data/state_regions/08_raikan.txt:226,945,STATE_KONSRASTATI,콘스라스타티,0,0,0,empty_definition,map_data/state_regions/08_raikan.txt,226
STATE_AUSTANAXHA@map_data/state_regions/08_raikan.txt:231,946,STATE_AUSTANAXHA,아우스타나샤,0,0,0,empty_definition,map_data/state_regions/08_raikan.txt,231
STATE_RIORISAKOS@map_data/state_regions/08_raikan.txt:236,947,STATE_RIORISAKOS,리오리사코스,0,0,0,empty_definition,map_data/state_regions/08_raikan.txt,236
STATE_AISTANYA@map_data/state_regions/08_raikan.txt:241,948,STATE_AISTANYA,아이스타냐,0,0,0,empty_definition,map_data/state_regions/08_raikan.txt,241
STATE_NAIROSTANIAH@map_data/state_regions/08_raikan.txt:246,949,STATE_NAIROSTANIAH,나이로스타니아,0,0,0,empty_definition,map_data/state_regions/08_raikan.txt,246
STATE_SOKOSTAVELRANA@map_data/state_regions/08_raikan.txt:251,950,STATE_SOKOSTAVELRANA,소코스타벨라나,0,0,0,empty_definition,map_data/state_regions/08_raikan.txt,251
STATE_RIUVELRATANA@map_data/state_regions/08_raikan.txt:256,951,STATE_RIUVELRATANA,리우벨라타나,0,0,0,empty_definition,map_data/state_regions/08_raikan.txt,256
STATE_AUSNABISHI@map_data/state_regions/08_raikan.txt:261,952,STATE_AUSNABISHI,아우스나비시,0,0,0,empty_definition,map_data/state_regions/08_raikan.txt,261
STATE_OELRUVELRAH@map_data/state_regions/08_raikan.txt:266,953,STATE_OELRUVELRAH,오엘루벨라,0,0,0,empty_definition,map_data/state_regions/08_raikan.txt,266
STATE_KANVARURATZ@map_data/state_regions/08_raikan.txt:271,954,STATE_KANVARURATZ,칸바루라츠,0,0,0,empty_definition,map_data/state_regions/08_raikan.txt,271
STATE_SOHEINVELRA@map_data/state_regions/08_raikan.txt:276,955,STATE_SOHEINVELRA,소헤인벨라,0,0,0,empty_definition,map_data/state_regions/08_raikan.txt,276
STATE_KOSTANCZAFELTH@map_data/state_regions/08_raikan.txt:281,956,STATE_KOSTANCZAFELTH,코스탄차펠트,0,0,0,empty_definition,map_data/state_regions/08_raikan.txt,281
STATE_OSTACZAFELRAH@map_data/state_regions/08_raikan.txt:286,957,STATE_OSTACZAFELRAH,오스타차펠라,0,0,0,empty_definition,map_data/state_regions/08_raikan.txt,286
STATE_SELRATAVELRAH@map_data/state_regions/08_raikan.txt:291,958,STATE_SELRATAVELRAH,셀라타벨라,0,0,0,empty_definition,map_data/state_regions/08_raikan.txt,291
STATE_HANOELRON@map_data/state_regions/09_hyaryet.txt:12,1002,STATE_HANOELRON,하노엘론,0,0,0,empty_definition,map_data/state_regions/09_hyaryet.txt,12
STATE_ZAFIAH_HAILRIXH@map_data/state_regions/09_hyaryet.txt:17,1003,STATE_ZAFIAH_HAILRIXH,자피아 하일리스,0,0,0,empty_definition,map_data/state_regions/09_hyaryet.txt,17
STATE_VESTIAH_HAILRIXH@map_data/state_regions/09_hyaryet.txt:22,1004,STATE_VESTIAH_HAILRIXH,베스티아 하일리스,0,0,0,empty_definition,map_data/state_regions/09_hyaryet.txt,22
STATE_NORTIAH_HAILRIXH@map_data/state_regions/09_hyaryet.txt:27,1005,STATE_NORTIAH_HAILRIXH,노르티아 하일리스,0,0,0,empty_definition,map_data/state_regions/09_hyaryet.txt,27
STATE_CZENTRAL_HYARYET@map_data/state_regions/09_hyaryet.txt:32,1006,STATE_CZENTRAL_HYARYET,첸트랄 햐롓,0,0,0,empty_definition,map_data/state_regions/09_hyaryet.txt,32
STATE_DONIAH_HYARYET@map_data/state_regions/09_hyaryet.txt:37,1007,STATE_DONIAH_HYARYET,도니아 햐롓,0,0,0,empty_definition,map_data/state_regions/09_hyaryet.txt,37
STATE_AKXHUKEHNTH@map_data/state_regions/09_hyaryet.txt:42,1008,STATE_AKXHUKEHNTH,악슈켄트,0,0,0,empty_definition,map_data/state_regions/09_hyaryet.txt,42
STATE_RIAXHTIZEH@map_data/state_regions/09_hyaryet.txt:47,1009,STATE_RIAXHTIZEH,리아스티제,0,0,0,empty_definition,map_data/state_regions/09_hyaryet.txt,47
STATE_SHURHVENTH@map_data/state_regions/09_hyaryet.txt:52,1010,STATE_SHURHVENTH,슈르벤트,0,0,0,empty_definition,map_data/state_regions/09_hyaryet.txt,52
STATE_RIXHUTEHN@map_data/state_regions/09_hyaryet.txt:57,1011,STATE_RIXHUTEHN,리슈텐,0,0,0,empty_definition,map_data/state_regions/09_hyaryet.txt,57
STATE_AKITEN@map_data/state_regions/09_hyaryet.txt:62,1012,STATE_AKITEN,아키텐,0,0,0,empty_definition,map_data/state_regions/09_hyaryet.txt,62
STATE_RAXHTANIAH@map_data/state_regions/09_hyaryet.txt:67,1013,STATE_RAXHTANIAH,라스타니아,0,0,0,empty_definition,map_data/state_regions/09_hyaryet.txt,67
STATE_FEVHRAIL@map_data/state_regions/09_hyaryet.txt:72,1014,STATE_FEVHRAIL,페브라일,0,0,0,empty_definition,map_data/state_regions/09_hyaryet.txt,72
STATE_DYUELRONIAH@map_data/state_regions/10_rwiaxhe.txt:2,1100,STATE_DYUELRONIAH,듀엘로니아,0,0,0,empty_definition,map_data/state_regions/10_rwiaxhe.txt,2
STATE_MEXHTSELRAH@map_data/state_regions/10_rwiaxhe.txt:7,1101,STATE_MEXHTSELRAH,메스첼라,0,0,0,empty_definition,map_data/state_regions/10_rwiaxhe.txt,7
STATE_VEXHELRONIAH@map_data/state_regions/10_rwiaxhe.txt:12,1102,STATE_VEXHELRONIAH,베스엘로니아,0,0,0,empty_definition,map_data/state_regions/10_rwiaxhe.txt,12
STATE_PERXHA@map_data/state_regions/10_rwiaxhe.txt:17,1103,STATE_PERXHA,페르샤,0,0,0,empty_definition,map_data/state_regions/10_rwiaxhe.txt,17
STATE_ARXHA@map_data/state_regions/10_rwiaxhe.txt:22,1104,STATE_ARXHA,아르샤,0,0,0,empty_definition,map_data/state_regions/10_rwiaxhe.txt,22
STATE_AIOLRANTH@map_data/state_regions/10_rwiaxhe.txt:27,1105,STATE_AIOLRANTH,아이올란트,0,0,0,empty_definition,map_data/state_regions/10_rwiaxhe.txt,27
STATE_ESPELRANTH@map_data/state_regions/10_rwiaxhe.txt:32,1106,STATE_ESPELRANTH,에스펠란트,0,0,0,empty_definition,map_data/state_regions/10_rwiaxhe.txt,32
STATE_INSEFELRIYUEM@map_data/state_regions/10_rwiaxhe.txt:37,1107,STATE_INSEFELRIYUEM,인세펠리움,0,0,0,empty_definition,map_data/state_regions/10_rwiaxhe.txt,37
STATE_AXHFELRANIAH@map_data/state_regions/10_rwiaxhe.txt:42,1108,STATE_AXHFELRANIAH,아스펠라니아,0,0,0,empty_definition,map_data/state_regions/10_rwiaxhe.txt,42
STATE_KAVAELRONIAH@map_data/state_regions/10_rwiaxhe.txt:47,1109,STATE_KAVAELRONIAH,카바엘로니아,0,0,0,empty_definition,map_data/state_regions/10_rwiaxhe.txt,47
STATE_KAPARATAELRONIAH@map_data/state_regions/10_rwiaxhe.txt:52,1110,STATE_KAPARATAELRONIAH,카파라타엘로니아,0,0,0,empty_definition,map_data/state_regions/10_rwiaxhe.txt,52
STATE_NIDETENELRONIAH@map_data/state_regions/10_rwiaxhe.txt:57,1111,STATE_NIDETENELRONIAH,니데텐엘로니아,0,0,0,empty_definition,map_data/state_regions/10_rwiaxhe.txt,57
STATE_CZETSELRONIAH@map_data/state_regions/10_rwiaxhe.txt:62,1112,STATE_CZETSELRONIAH,체첼로니아,0,0,0,empty_definition,map_data/state_regions/10_rwiaxhe.txt,62
STATE_KUVACZELRONIAH@map_data/state_regions/10_rwiaxhe.txt:67,1113,STATE_KUVACZELRONIAH,쿠바첼로니아,0,0,0,empty_definition,map_data/state_regions/10_rwiaxhe.txt,67
STATE_IVACZELRONIAH@map_data/state_regions/10_rwiaxhe.txt:72,1114,STATE_IVACZELRONIAH,이바첼로니아,0,0,0,empty_definition,map_data/state_regions/10_rwiaxhe.txt,72
STATE_IVICZELRANA@map_data/state_regions/10_rwiaxhe.txt:77,1115,STATE_IVICZELRANA,이비첼라나,0,0,0,empty_definition,map_data/state_regions/10_rwiaxhe.txt,77
STATE_INXHICZELRONIAH@map_data/state_regions/10_rwiaxhe.txt:82,1116,STATE_INXHICZELRONIAH,인시첼로니아,0,0,0,empty_definition,map_data/state_regions/10_rwiaxhe.txt,82
STATE_OVOCZELRONIAH@map_data/state_regions/10_rwiaxhe.txt:87,1117,STATE_OVOCZELRONIAH,오보첼로니아,0,0,0,empty_definition,map_data/state_regions/10_rwiaxhe.txt,87
STATE_INSNAH@map_data/state_regions/10_rwiaxhe.txt:92,1118,STATE_INSNAH,인스나,0,0,0,empty_definition,map_data/state_regions/10_rwiaxhe.txt,92
STATE_IVASNA@map_data/state_regions/10_rwiaxhe.txt:97,1119,STATE_IVASNA,이바스나,0,0,0,empty_definition,map_data/state_regions/10_rwiaxhe.txt,97
STATE_MIKEROVO@map_data/state_regions/10_rwiaxhe.txt:102,1120,STATE_MIKEROVO,미케로보,0,0,0,empty_definition,map_data/state_regions/10_rwiaxhe.txt,102
STATE_KOVOSNA@map_data/state_regions/10_rwiaxhe.txt:107,1121,STATE_KOVOSNA,코보스나,0,0,0,empty_definition,map_data/state_regions/10_rwiaxhe.txt,107
STATE_NIOLRASTANA@map_data/state_regions/10_rwiaxhe.txt:112,1122,STATE_NIOLRASTANA,니올라스타나,0,0,0,empty_definition,map_data/state_regions/10_rwiaxhe.txt,112
STATE_OLROSTANA@map_data/state_regions/10_rwiaxhe.txt:117,1123,STATE_OLROSTANA,올로스타나,0,0,0,empty_definition,map_data/state_regions/10_rwiaxhe.txt,117
STATE_KEVAYASHI@map_data/state_regions/10_rwiaxhe.txt:122,1124,STATE_KEVAYASHI,케바야시,0,0,0,empty_definition,map_data/state_regions/10_rwiaxhe.txt,122
STATE_IMANAGI@map_data/state_regions/10_rwiaxhe.txt:127,1125,STATE_IMANAGI,이마나기,0,0,0,empty_definition,map_data/state_regions/10_rwiaxhe.txt,127
STATE_MARONE@map_data/state_regions/10_rwiaxhe.txt:132,1126,STATE_MARONE,마로네,0,0,0,empty_definition,map_data/state_regions/10_rwiaxhe.txt,132
STATE_RIVAAHTAELRONIAH@map_data/state_regions/10_rwiaxhe.txt:137,1127,STATE_RIVAAHTAELRONIAH,리바아타엘로니아,0,0,0,empty_definition,map_data/state_regions/10_rwiaxhe.txt,137
STATE_NESTAHNELRONIAH@map_data/state_regions/10_rwiaxhe.txt:142,1128,STATE_NESTAHNELRONIAH,네스탄엘로니아,0,0,0,empty_definition,map_data/state_regions/10_rwiaxhe.txt,142
STATE_INSTANTSELRONIAH@map_data/state_regions/10_rwiaxhe.txt:147,1129,STATE_INSTANTSELRONIAH,인스탄첼로니아,0,0,0,empty_definition,map_data/state_regions/10_rwiaxhe.txt,147
STATE_OVORAELRONIAH@map_data/state_regions/10_rwiaxhe.txt:152,1130,STATE_OVORAELRONIAH,오보라엘로니아,0,0,0,empty_definition,map_data/state_regions/10_rwiaxhe.txt,152
STATE_KAVACZELRAH@map_data/state_regions/10_rwiaxhe.txt:157,1131,STATE_KAVACZELRAH,카바첼라,0,0,0,empty_definition,map_data/state_regions/10_rwiaxhe.txt,157
STATE_SUDETEHN@map_data/state_regions/10_rwiaxhe.txt:162,1132,STATE_SUDETEHN,수데텐,0,0,0,empty_definition,map_data/state_regions/10_rwiaxhe.txt,162
STATE_NIVHRACZELRAH@map_data/state_regions/10_rwiaxhe.txt:167,1133,STATE_NIVHRACZELRAH,니브라첼라,0,0,0,empty_definition,map_data/state_regions/10_rwiaxhe.txt,167
STATE_USCZELRAH@map_data/state_regions/10_rwiaxhe.txt:172,1134,STATE_USCZELRAH,우스첼라,0,0,0,empty_definition,map_data/state_regions/10_rwiaxhe.txt,172
STATE_ONPOCZELRAH@map_data/state_regions/10_rwiaxhe.txt:177,1135,STATE_ONPOCZELRAH,온포첼라,0,0,0,empty_definition,map_data/state_regions/10_rwiaxhe.txt,177
STATE_DYURHIRANAH@map_data/state_regions/10_rwiaxhe.txt:182,1137,STATE_DYURHIRANAH,듀르이라나,0,0,0,empty_definition,map_data/state_regions/10_rwiaxhe.txt,182
STATE_SAIRANAH@map_data/state_regions/10_rwiaxhe.txt:187,1138,STATE_SAIRANAH,사이라나,0,0,0,empty_definition,map_data/state_regions/10_rwiaxhe.txt,187
STATE_KAPALRUTHRANAH@map_data/state_regions/10_rwiaxhe.txt:192,1139,STATE_KAPALRUTHRANAH,카팔루트라나,0,0,0,empty_definition,map_data/state_regions/10_rwiaxhe.txt,192
STATE_SIOVELRANTH@map_data/state_regions/10_rwiaxhe.txt:197,1140,STATE_SIOVELRANTH,시오벨란트,0,0,0,empty_definition,map_data/state_regions/10_rwiaxhe.txt,197
STATE_NYURHVELRIAH@map_data/state_regions/10_rwiaxhe.txt:202,1141,STATE_NYURHVELRIAH,뉴르벨리아,0,0,0,empty_definition,map_data/state_regions/10_rwiaxhe.txt,202
STATE_RUSLRANIAH@map_data/state_regions/10_rwiaxhe.txt:207,1142,STATE_RUSLRANIAH,루슬라니아,0,0,0,empty_definition,map_data/state_regions/10_rwiaxhe.txt,207
STATE_INTORUTHRANAH@map_data/state_regions/10_rwiaxhe.txt:212,1143,STATE_INTORUTHRANAH,인토루트라나,0,0,0,empty_definition,map_data/state_regions/10_rwiaxhe.txt,212
STATE_YUSTAVISHI@map_data/state_regions/10_rwiaxhe.txt:217,1144,STATE_YUSTAVISHI,유스타비시,0,0,0,empty_definition,map_data/state_regions/10_rwiaxhe.txt,217
STATE_SENSHUDAI@map_data/state_regions/10_rwiaxhe.txt:222,1145,STATE_SENSHUDAI,센슈다이,0,0,0,empty_definition,map_data/state_regions/10_rwiaxhe.txt,222
STATE_SOVASHIA@map_data/state_regions/10_rwiaxhe.txt:227,1146,STATE_SOVASHIA,소바시아,0,0,0,empty_definition,map_data/state_regions/10_rwiaxhe.txt,227
STATE_NIROYAMA@map_data/state_regions/10_rwiaxhe.txt:232,1147,STATE_NIROYAMA,니로야마,0,0,0,empty_definition,map_data/state_regions/10_rwiaxhe.txt,232
STATE_KUROGI@map_data/state_regions/10_rwiaxhe.txt:237,1148,STATE_KUROGI,쿠로기,0,0,0,empty_definition,map_data/state_regions/10_rwiaxhe.txt,237
STATE_AMANE@map_data/state_regions/10_rwiaxhe.txt:242,1149,STATE_AMANE,아마네,0,0,0,empty_definition,map_data/state_regions/10_rwiaxhe.txt,242
STATE_YAMANE@map_data/state_regions/10_rwiaxhe.txt:247,1150,STATE_YAMANE,야마네,0,0,0,empty_definition,map_data/state_regions/10_rwiaxhe.txt,247
STATE_NIVASTANCZAH@map_data/state_regions/10_rwiaxhe.txt:252,1151,STATE_NIVASTANCZAH,니바스탄차,0,0,0,empty_definition,map_data/state_regions/10_rwiaxhe.txt,252
STATE_KAVATANCZAH@map_data/state_regions/10_rwiaxhe.txt:257,1152,STATE_KAVATANCZAH,카바탄차,0,0,0,empty_definition,map_data/state_regions/10_rwiaxhe.txt,257
STATE_KENISHIRO@map_data/state_regions/10_rwiaxhe.txt:262,1153,STATE_KENISHIRO,케니시로,0,0,0,empty_definition,map_data/state_regions/10_rwiaxhe.txt,262
STATE_NIOSHIRO@map_data/state_regions/10_rwiaxhe.txt:267,1154,STATE_NIOSHIRO,니오시로,0,0,0,empty_definition,map_data/state_regions/10_rwiaxhe.txt,267
STATE_KENBASHI@map_data/state_regions/10_rwiaxhe.txt:272,1155,STATE_KENBASHI,켄바시,0,0,0,empty_definition,map_data/state_regions/10_rwiaxhe.txt,272
STATE_NIABASHIA@map_data/state_regions/10_rwiaxhe.txt:277,1156,STATE_NIABASHIA,니아바시아,0,0,0,empty_definition,map_data/state_regions/10_rwiaxhe.txt,277
STATE_OSTANCZAH@map_data/state_regions/10_rwiaxhe.txt:282,1157,STATE_OSTANCZAH,오스탄차,0,0,0,empty_definition,map_data/state_regions/10_rwiaxhe.txt,282
STATE_INSTANCZAH@map_data/state_regions/10_rwiaxhe.txt:287,1158,STATE_INSTANCZAH,인스탄차,0,0,0,empty_definition,map_data/state_regions/10_rwiaxhe.txt,287
STATE_SEINTHRUXH@map_data/state_regions/10_rwiaxhe.txt:292,1159,STATE_SEINTHRUXH,세인트루스,0,0,0,empty_definition,map_data/state_regions/10_rwiaxhe.txt,292
STATE_RESHILRIANTH@map_data/state_regions/10_rwiaxhe.txt:297,1160,STATE_RESHILRIANTH,레실리안트,0,0,0,empty_definition,map_data/state_regions/10_rwiaxhe.txt,297
STATE_KOBONOSHIA@map_data/state_regions/10_rwiaxhe.txt:302,1161,STATE_KOBONOSHIA,코보노시아,0,0,0,empty_definition,map_data/state_regions/10_rwiaxhe.txt,302
STATE_NIVARTS@map_data/state_regions/10_rwiaxhe.txt:307,1162,STATE_NIVARTS,니바르츠,0,0,0,empty_definition,map_data/state_regions/10_rwiaxhe.txt,307
STATE_ENTAROSADA@map_data/state_regions/10_rwiaxhe.txt:312,1163,STATE_ENTAROSADA,엔타로사다,0,0,0,empty_definition,map_data/state_regions/10_rwiaxhe.txt,312
STATE_KIFLRANTOXHIAH@map_data/state_regions/10_rwiaxhe.txt:317,1164,STATE_KIFLRANTOXHIAH,키플란토시아,0,0,0,empty_definition,map_data/state_regions/10_rwiaxhe.txt,317
STATE_ISTRALRAXHIAH@map_data/state_regions/10_rwiaxhe.txt:322,1165,STATE_ISTRALRAXHIAH,인스트랄라시아,0,0,0,empty_definition,map_data/state_regions/10_rwiaxhe.txt,322
STATE_YUVELRIOXHIAH@map_data/state_regions/10_rwiaxhe.txt:327,1166,STATE_YUVELRIOXHIAH,유벨리오시아,0,0,0,empty_definition,map_data/state_regions/10_rwiaxhe.txt,327
STATE_IOBISHI@map_data/state_regions/10_rwiaxhe.txt:332,1167,STATE_IOBISHI,이오비시,0,0,0,empty_definition,map_data/state_regions/10_rwiaxhe.txt,332
STATE_RUTHNABISHI@map_data/state_regions/10_rwiaxhe.txt:337,1168,STATE_RUTHNABISHI,루트나비시,0,0,0,empty_definition,map_data/state_regions/10_rwiaxhe.txt,337
STATE_ROVWANA@map_data/state_regions/10_rwiaxhe.txt:342,1169,STATE_ROVWANA,로브와나,0,0,0,empty_definition,map_data/state_regions/10_rwiaxhe.txt,342
STATE_RESLRANYAH@map_data/state_regions/10_rwiaxhe.txt:347,1170,STATE_RESLRANYAH,레슬라냐,0,0,0,empty_definition,map_data/state_regions/10_rwiaxhe.txt,347
STATE_AVALRANIAH@map_data/state_regions/10_rwiaxhe.txt:352,1171,STATE_AVALRANIAH,아발라니아,0,0,0,empty_definition,map_data/state_regions/10_rwiaxhe.txt,352
STATE_KOFLRANAH@map_data/state_regions/10_rwiaxhe.txt:357,1172,STATE_KOFLRANAH,코플라나,0,0,0,empty_definition,map_data/state_regions/10_rwiaxhe.txt,357
STATE_YUSLRANIAH@map_data/state_regions/10_rwiaxhe.txt:362,1173,STATE_YUSLRANIAH,유슬라니아,0,0,0,empty_definition,map_data/state_regions/10_rwiaxhe.txt,362
STATE_NOSTAHN@map_data/state_regions/10_rwiaxhe.txt:367,1174,STATE_NOSTAHN,노스탄,0,0,0,empty_definition,map_data/state_regions/10_rwiaxhe.txt,367
STATE_AIOTAH@map_data/state_regions/10_rwiaxhe.txt:372,1175,STATE_AIOTAH,아이오타,0,0,0,empty_definition,map_data/state_regions/10_rwiaxhe.txt,372
STATE_KIPATAHN@map_data/state_regions/10_rwiaxhe.txt:377,1176,STATE_KIPATAHN,키파탄,0,0,0,empty_definition,map_data/state_regions/10_rwiaxhe.txt,377
STATE_OVTANIAH@map_data/state_regions/10_rwiaxhe.txt:382,1177,STATE_OVTANIAH,오브타니아,0,0,0,empty_definition,map_data/state_regions/10_rwiaxhe.txt,382
STATE_GERTANIAH@map_data/state_regions/10_rwiaxhe.txt:387,1178,STATE_GERTANIAH,게르타니아,0,0,0,empty_definition,map_data/state_regions/10_rwiaxhe.txt,387
STATE_ALTUBISHI@map_data/state_regions/10_rwiaxhe.txt:392,1179,STATE_ALTUBISHI,알투비시,0,0,0,empty_definition,map_data/state_regions/10_rwiaxhe.txt,392
STATE_SHUXHTAXHIAH@map_data/state_regions/10_rwiaxhe.txt:397,1180,STATE_SHUXHTAXHIAH,슈스타시아,0,0,0,empty_definition,map_data/state_regions/10_rwiaxhe.txt,397
STATE_IVOALRAXH@map_data/state_regions/10_rwiaxhe.txt:402,1181,STATE_IVOALRAXH,이보알라스,0,0,0,empty_definition,map_data/state_regions/10_rwiaxhe.txt,402
STATE_YUSHRIH@map_data/state_regions/10_rwiaxhe.txt:407,1182,STATE_YUSHRIH,유스리,0,0,0,empty_definition,map_data/state_regions/10_rwiaxhe.txt,407
STATE_SOSORI@map_data/state_regions/10_rwiaxhe.txt:412,1183,STATE_SOSORI,소소리,0,0,0,empty_definition,map_data/state_regions/10_rwiaxhe.txt,412
STATE_RIVRAH@map_data/state_regions/10_rwiaxhe.txt:417,1184,STATE_RIVRAH,리브라,0,0,0,empty_definition,map_data/state_regions/10_rwiaxhe.txt,417
STATE_VERCZEAH@map_data/state_regions/10_rwiaxhe.txt:422,1185,STATE_VERCZEAH,베르체아,0,0,0,empty_definition,map_data/state_regions/10_rwiaxhe.txt,422
STATE_KUTRAH@map_data/state_regions/10_rwiaxhe.txt:427,1186,STATE_KUTRAH,쿠트라,0,0,0,empty_definition,map_data/state_regions/10_rwiaxhe.txt,427
STATE_ANTORAH@map_data/state_regions/10_rwiaxhe.txt:432,1187,STATE_ANTORAH,안토라,0,0,0,empty_definition,map_data/state_regions/10_rwiaxhe.txt,432
STATE_PANTANION@map_data/state_regions/10_rwiaxhe.txt:437,1188,STATE_PANTANION,판타니온,0,0,0,empty_definition,map_data/state_regions/10_rwiaxhe.txt,437
STATE_KIPHTAON@map_data/state_regions/10_rwiaxhe.txt:442,1189,STATE_KIPHTAON,키프타온,0,0,0,empty_definition,map_data/state_regions/10_rwiaxhe.txt,442
STATE_ZENNION@map_data/state_regions/10_rwiaxhe.txt:447,1190,STATE_ZENNION,젠니온,0,0,0,empty_definition,map_data/state_regions/10_rwiaxhe.txt,447
STATE_IVOSTAXHIAH@map_data/state_regions/10_rwiaxhe.txt:452,1191,STATE_IVOSTAXHIAH,이보스타시아,0,0,0,empty_definition,map_data/state_regions/10_rwiaxhe.txt,452
STATE_NIVEXHAIAH@map_data/state_regions/10_rwiaxhe.txt:457,1192,STATE_NIVEXHAIAH,니베샤이아,0,0,0,empty_definition,map_data/state_regions/10_rwiaxhe.txt,457
STATE_AVAXHINION@map_data/state_regions/10_rwiaxhe.txt:462,1193,STATE_AVAXHINION,아바시니온,0,0,0,empty_definition,map_data/state_regions/10_rwiaxhe.txt,462
STATE_NIPHLRAXHA@map_data/state_regions/10_rwiaxhe.txt:467,1194,STATE_NIPHLRAXHA,니플라샤,0,0,0,empty_definition,map_data/state_regions/10_rwiaxhe.txt,467
STATE_KAPAXHTAXHIAH@map_data/state_regions/10_rwiaxhe.txt:472,1195,STATE_KAPAXHTAXHIAH,카파스타스니아,0,0,0,empty_definition,map_data/state_regions/10_rwiaxhe.txt,472
STATE_RIDURAXHIAH@map_data/state_regions/10_rwiaxhe.txt:477,1196,STATE_RIDURAXHIAH,리두라시아,0,0,0,empty_definition,map_data/state_regions/10_rwiaxhe.txt,477
STATE_ENOSTAXHIAH@map_data/state_regions/10_rwiaxhe.txt:482,1197,STATE_ENOSTAXHIAH,에노스타시아,0,0,0,empty_definition,map_data/state_regions/10_rwiaxhe.txt,482
STATE_KINPEXH@map_data/state_regions/10_rwiaxhe.txt:487,1198,STATE_KINPEXH,킨페스,0,0,0,empty_definition,map_data/state_regions/10_rwiaxhe.txt,487
STATE_AVASTAXHINIAH@map_data/state_regions/10_rwiaxhe.txt:492,1199,STATE_AVASTAXHINIAH,아바스타시니아,0,0,0,empty_definition,map_data/state_regions/10_rwiaxhe.txt,492
STATE_NOAVAXHIAH@map_data/state_regions/10_rwiaxhe.txt:497,1200,STATE_NOAVAXHIAH,노아바시아,0,0,0,empty_definition,map_data/state_regions/10_rwiaxhe.txt,497
STATE_NOSTAXHINIAH@map_data/state_regions/10_rwiaxhe.txt:502,1201,STATE_NOSTAXHINIAH,노스타시니아,0,0,0,empty_definition,map_data/state_regions/10_rwiaxhe.txt,502
STATE_ISTAXHINIAH@map_data/state_regions/10_rwiaxhe.txt:507,1202,STATE_ISTAXHINIAH,이스타시니아,0,0,0,empty_definition,map_data/state_regions/10_rwiaxhe.txt,507
STATE_OBHULRUXH@map_data/state_regions/10_rwiaxhe.txt:512,1203,STATE_OBHULRUXH,오뷸루스,0,0,0,empty_definition,map_data/state_regions/10_rwiaxhe.txt,512
STATE_IUXH@map_data/state_regions/10_rwiaxhe.txt:517,1204,STATE_IUXH,이우스,0,0,0,empty_definition,map_data/state_regions/10_rwiaxhe.txt,517
STATE_KIVUXH@map_data/state_regions/10_rwiaxhe.txt:522,1205,STATE_KIVUXH,키부스,0,0,0,empty_definition,map_data/state_regions/10_rwiaxhe.txt,522
STATE_AVAROSAH@map_data/state_regions/10_rwiaxhe.txt:527,1206,STATE_AVAROSAH,아바로사,0,0,0,empty_definition,map_data/state_regions/10_rwiaxhe.txt,527
STATE_INTAXH@map_data/state_regions/10_rwiaxhe.txt:532,1207,STATE_INTAXH,인타스,0,0,0,empty_definition,map_data/state_regions/10_rwiaxhe.txt,532
STATE_KIFROSAH@map_data/state_regions/10_rwiaxhe.txt:537,1208,STATE_KIFROSAH,키프로사,0,0,0,empty_definition,map_data/state_regions/10_rwiaxhe.txt,537
STATE_AVARERLRANTH@map_data/state_regions/10_rwiaxhe.txt:542,1209,STATE_AVARERLRANTH,아바레를란트,0,0,0,empty_definition,map_data/state_regions/10_rwiaxhe.txt,542
STATE_RIOLRANTH@map_data/state_regions/10_rwiaxhe.txt:547,1210,STATE_RIOLRANTH,리올란트,0,0,0,empty_definition,map_data/state_regions/10_rwiaxhe.txt,547
STATE_AVARHXHA@map_data/state_regions/10_rwiaxhe.txt:552,1211,STATE_AVARHXHA,아바르샤,0,0,0,empty_definition,map_data/state_regions/10_rwiaxhe.txt,552
STATE_AHUZHIAH@map_data/state_regions/10_rwiaxhe.txt:557,1212,STATE_AHUZHIAH,아후지아,0,0,0,empty_definition,map_data/state_regions/10_rwiaxhe.txt,557
STATE_NIRXHA@map_data/state_regions/10_rwiaxhe.txt:562,1213,STATE_NIRXHA,니르샤,0,0,0,empty_definition,map_data/state_regions/10_rwiaxhe.txt,562
STATE_UPLRAXHA@map_data/state_regions/10_rwiaxhe.txt:567,1214,STATE_UPLRAXHA,우플라샤,0,0,0,empty_definition,map_data/state_regions/10_rwiaxhe.txt,567
STATE_KUPHXHA@map_data/state_regions/10_rwiaxhe.txt:572,1215,STATE_KUPHXHA,쿠프샤,0,0,0,empty_definition,map_data/state_regions/10_rwiaxhe.txt,572
STATE_VISTAON@map_data/state_regions/10_rwiaxhe.txt:577,1216,STATE_VISTAON,비스타온,0,0,0,empty_definition,map_data/state_regions/10_rwiaxhe.txt,577
STATE_KIVELXHA@map_data/state_regions/10_rwiaxhe.txt:582,1217,STATE_KIVELXHA,키벨샤,0,0,0,empty_definition,map_data/state_regions/10_rwiaxhe.txt,582
STATE_TALRINIAH@map_data/state_regions/10_rwiaxhe.txt:587,1218,STATE_TALRINIAH,탈리니아,0,0,0,empty_definition,map_data/state_regions/10_rwiaxhe.txt,587
STATE_TALRIRANYAH@map_data/state_regions/10_rwiaxhe.txt:592,1219,STATE_TALRIRANYAH,탈리라냐,0,0,0,empty_definition,map_data/state_regions/10_rwiaxhe.txt,592
STATE_GAIAH@map_data/state_regions/11_ryuyen.txt:1,1250,STATE_GAIAH,가이아,0,0,0,empty_definition,map_data/state_regions/11_ryuyen.txt,1
STATE_KIVELRAGA@map_data/state_regions/11_ryuyen.txt:21,1254,STATE_KIVELRAGA,키벨라가,0,0,0,empty_definition,map_data/state_regions/11_ryuyen.txt,21
STATE_ABAIAH@map_data/state_regions/11_ryuyen.txt:26,1255,STATE_ABAIAH,아바이아,0,0,0,empty_definition,map_data/state_regions/11_ryuyen.txt,26
STATE_NIALDEROTS@map_data/state_regions/11_ryuyen.txt:31,1256,STATE_NIALDEROTS,니알데로츠,0,0,0,empty_definition,map_data/state_regions/11_ryuyen.txt,31
STATE_KOVATANEIM@map_data/state_regions/11_ryuyen.txt:36,1257,STATE_KOVATANEIM,코바타네임,0,0,0,empty_definition,map_data/state_regions/11_ryuyen.txt,36
STATE_SHUSTANEIM@map_data/state_regions/11_ryuyen.txt:41,1258,STATE_SHUSTANEIM,슈스타네임,0,0,0,empty_definition,map_data/state_regions/11_ryuyen.txt,41
STATE_STERODAH@map_data/state_regions/11_ryuyen.txt:46,1259,STATE_STERODAH,스테로다,0,0,0,empty_definition,map_data/state_regions/11_ryuyen.txt,46
STATE_NEALTO@map_data/state_regions/11_ryuyen.txt:51,1260,STATE_NEALTO,네알토,0,0,0,empty_definition,map_data/state_regions/11_ryuyen.txt,51
STATE_SHUSTAVH@map_data/state_regions/11_ryuyen.txt:56,1261,STATE_SHUSTAVH,슈스타브,0,0,0,empty_definition,map_data/state_regions/11_ryuyen.txt,56
STATE_IVELRUAVH@map_data/state_regions/11_ryuyen.txt:61,1262,STATE_IVELRUAVH,이벨루아브,0,0,0,empty_definition,map_data/state_regions/11_ryuyen.txt,61
STATE_KAVHRANTATOH@map_data/state_regions/11_ryuyen.txt:66,1263,STATE_KAVHRANTATOH,케브란타토,0,0,0,empty_definition,map_data/state_regions/11_ryuyen.txt,66
STATE_INXHITIAVH@map_data/state_regions/11_ryuyen.txt:71,1264,STATE_INXHITIAVH,인시티아브,0,0,0,empty_definition,map_data/state_regions/11_ryuyen.txt,71
STATE_NUDELVERKH@map_data/state_regions/11_ryuyen.txt:76,1265,STATE_NUDELVERKH,누델베르크,0,0,0,empty_definition,map_data/state_regions/11_ryuyen.txt,76
STATE_KUVARACZAVERKH@map_data/state_regions/11_ryuyen.txt:81,1266,STATE_KUVARACZAVERKH,쿠바라차베르크,0,0,0,empty_definition,map_data/state_regions/11_ryuyen.txt,81
STATE_PERDALVERKH@map_data/state_regions/11_ryuyen.txt:86,1267,STATE_PERDALVERKH,페르달베르크,0,0,0,empty_definition,map_data/state_regions/11_ryuyen.txt,86
STATE_KUPANXHIYUEM@map_data/state_regions/11_ryuyen.txt:91,1268,STATE_KUPANXHIYUEM,쿠판시움,0,0,0,empty_definition,map_data/state_regions/11_ryuyen.txt,91
STATE_INTOXHIYUEM@map_data/state_regions/11_ryuyen.txt:96,1269,STATE_INTOXHIYUEM,인토시움,0,0,0,empty_definition,map_data/state_regions/11_ryuyen.txt,96
STATE_KAPANTAHEIM@map_data/state_regions/11_ryuyen.txt:101,1270,STATE_KAPANTAHEIM,카판타헤임,0,0,0,empty_definition,map_data/state_regions/11_ryuyen.txt,101
STATE_KIOTOPAN@map_data/state_regions/11_ryuyen.txt:136,1277,STATE_KIOTOPAN,키오토판,0,0,0,empty_definition,map_data/state_regions/11_ryuyen.txt,136
STATE_RIODORIH@map_data/state_regions/11_ryuyen.txt:141,1278,STATE_RIODORIH,리오도리,0,0,0,empty_definition,map_data/state_regions/11_ryuyen.txt,141
STATE_USATERIMAH@map_data/state_regions/11_ryuyen.txt:146,1279,STATE_USATERIMAH,우사테리마,0,0,0,empty_definition,map_data/state_regions/11_ryuyen.txt,146
STATE_MAIDAHN@map_data/state_regions/11_ryuyen.txt:151,1280,STATE_MAIDAHN,마이단,0,0,0,empty_definition,map_data/state_regions/11_ryuyen.txt,151
STATE_ZERVELTUH@map_data/state_regions/11_ryuyen.txt:156,1281,STATE_ZERVELTUH,제르벨투,0,0,0,empty_definition,map_data/state_regions/11_ryuyen.txt,156
STATE_UENOSKAH@map_data/state_regions/11_ryuyen.txt:161,1282,STATE_UENOSKAH,우에노스카,0,0,0,empty_definition,map_data/state_regions/11_ryuyen.txt,161
STATE_INTOSILRAHM@map_data/state_regions/11_ryuyen.txt:166,1283,STATE_INTOSILRAHM,인토실람,0,0,0,empty_definition,map_data/state_regions/11_ryuyen.txt,166
STATE_PORTEAKALRATAH@map_data/state_regions/11_ryuyen.txt:171,1284,STATE_PORTEAKALRATAH,포르테아칼라타,0,0,0,empty_definition,map_data/state_regions/11_ryuyen.txt,171
STATE_GRIENDH@map_data/state_regions/12_siyraeion.txt:2,1300,STATE_GRIENDH,그리엔드,0,0,0,empty_definition,map_data/state_regions/12_siyraeion.txt,2
STATE_MYURELRATAH@map_data/state_regions/12_siyraeion.txt:45,1302,STATE_MYURELRATAH,뮤렐라타,0,0,0,empty_definition,map_data/state_regions/12_siyraeion.txt,45
STATE_PERTALRATAH@map_data/state_regions/12_siyraeion.txt:50,1303,STATE_PERTALRATAH,페르탈라타,0,0,0,empty_definition,map_data/state_regions/12_siyraeion.txt,50
STATE_CZERVAHA@map_data/state_regions/12_siyraeion.txt:55,1304,STATE_CZERVAHA,체르바하,0,0,0,empty_definition,map_data/state_regions/12_siyraeion.txt,55
STATE_EOSTAHN@map_data/state_regions/12_siyraeion.txt:60,1305,STATE_EOSTAHN,에오스탄,0,0,0,empty_definition,map_data/state_regions/12_siyraeion.txt,60
STATE_IVOXHENTH@map_data/state_regions/12_siyraeion.txt:65,1306,STATE_IVOXHENTH,이보스엔트,0,0,0,empty_definition,map_data/state_regions/12_siyraeion.txt,65
STATE_IAXHENDH@map_data/state_regions/12_siyraeion.txt:70,1307,STATE_IAXHENDH,이아스엔드,0,0,0,empty_definition,map_data/state_regions/12_siyraeion.txt,70
STATE_SOEVAENDH@map_data/state_regions/12_siyraeion.txt:75,1308,STATE_SOEVAENDH,소에바엔드,0,0,0,empty_definition,map_data/state_regions/12_siyraeion.txt,75
STATE_TERPANTH@map_data/state_regions/12_siyraeion.txt:80,1309,STATE_TERPANTH,테르판트,0,0,0,empty_definition,map_data/state_regions/12_siyraeion.txt,80
STATE_YUNARH@map_data/state_regions/12_siyraeion.txt:85,1310,STATE_YUNARH,유나르,0,0,0,empty_definition,map_data/state_regions/12_siyraeion.txt,85
STATE_SHUVELNARH@map_data/state_regions/12_siyraeion.txt:90,1311,STATE_SHUVELNARH,슈벨나르,0,0,0,empty_definition,map_data/state_regions/12_siyraeion.txt,90
STATE_ZEPARHNARH@map_data/state_regions/12_siyraeion.txt:95,1312,STATE_ZEPARHNARH,제파르나르,0,0,0,empty_definition,map_data/state_regions/12_siyraeion.txt,95
STATE_KUVERNARH@map_data/state_regions/12_siyraeion.txt:100,1313,STATE_KUVERNARH,쿠베르나르,0,0,0,empty_definition,map_data/state_regions/12_siyraeion.txt,100
STATE_SHYNARH@map_data/state_regions/12_siyraeion.txt:105,1314,STATE_SHYNARH,쉬나르,0,0,0,empty_definition,map_data/state_regions/12_siyraeion.txt,105
STATE_RAIHENTONIH@map_data/state_regions/12_siyraeion.txt:110,1315,STATE_RAIHENTONIH,라이헨토니,0,0,0,empty_definition,map_data/state_regions/12_siyraeion.txt,110
STATE_KANTOXHIUTS@map_data/state_regions/12_siyraeion.txt:115,1316,STATE_KANTOXHIUTS,칸토시우스,0,0,0,empty_definition,map_data/state_regions/12_siyraeion.txt,115
STATE_NAVANUXH@map_data/state_regions/12_siyraeion.txt:120,1317,STATE_NAVANUXH,나바누스,0,0,0,empty_definition,map_data/state_regions/12_siyraeion.txt,120
STATE_KAOSRAGA@map_data/state_regions/12_siyraeion.txt:125,1318,STATE_KAOSRAGA,카오스라가,0,0,0,empty_definition,map_data/state_regions/12_siyraeion.txt,125
STATE_HAINSVELRAKAH@map_data/state_regions/12_siyraeion.txt:130,1319,STATE_HAINSVELRAKAH,하인스벨라카,0,0,0,empty_definition,map_data/state_regions/12_siyraeion.txt,130
STATE_GARTELRUDAHN@map_data/state_regions/12_siyraeion.txt:135,1320,STATE_GARTELRUDAHN,가르텔루단,0,0,0,empty_definition,map_data/state_regions/12_siyraeion.txt,135
STATE_IHNELRUDAHN@map_data/state_regions/12_siyraeion.txt:140,1321,STATE_IHNELRUDAHN,인엘루단,0,0,0,empty_definition,map_data/state_regions/12_siyraeion.txt,140
STATE_KIVHRAIH@map_data/state_regions/12_siyraeion.txt:145,1322,STATE_KIVHRAIH,키브라이,0,0,0,empty_definition,map_data/state_regions/12_siyraeion.txt,145
STATE_UESTANCZAH@map_data/state_regions/12_siyraeion.txt:150,1323,STATE_UESTANCZAH,우에스탄차,0,0,0,empty_definition,map_data/state_regions/12_siyraeion.txt,150
STATE_IOSRAIH@map_data/state_regions/12_siyraeion.txt:155,1324,STATE_IOSRAIH,이오스라이,0,0,0,empty_definition,map_data/state_regions/12_siyraeion.txt,155
STATE_IVELHANTH@map_data/state_regions/12_siyraeion.txt:160,1325,STATE_IVELHANTH,이벨한트,0,0,0,empty_definition,map_data/state_regions/12_siyraeion.txt,160
STATE_IELROTH@map_data/state_regions/12_siyraeion.txt:165,1326,STATE_IELROTH,이엘로트,0,0,0,empty_definition,map_data/state_regions/12_siyraeion.txt,165
STATE_SOSTAHN@map_data/state_regions/12_siyraeion.txt:170,1327,STATE_SOSTAHN,소스탄,0,0,0,empty_definition,map_data/state_regions/12_siyraeion.txt,170
STATE_PERTANAH@map_data/state_regions/12_siyraeion.txt:175,1328,STATE_PERTANAH,페르타나,0,0,0,empty_definition,map_data/state_regions/12_siyraeion.txt,175
STATE_INELREOTH@map_data/state_regions/12_siyraeion.txt:180,1329,STATE_INELREOTH,이넬레오트,0,0,0,empty_definition,map_data/state_regions/12_siyraeion.txt,180
STATE_YUERAVOXH@map_data/state_regions/12_siyraeion.txt:185,1330,STATE_YUERAVOXH,유에라보스,0,0,0,empty_definition,map_data/state_regions/12_siyraeion.txt,185
STATE_EILRATHKALRAXH@map_data/state_regions/12_siyraeion.txt:190,1331,STATE_EILRATHKALRAXH,에일라트칼라스,0,0,0,empty_definition,map_data/state_regions/12_siyraeion.txt,190
STATE_ANTINATROXH@map_data/state_regions/12_siyraeion.txt:195,1332,STATE_ANTINATROXH,안티나트로스,0,0,0,empty_definition,map_data/state_regions/12_siyraeion.txt,195
STATE_KATEHHANTRAXH@map_data/state_regions/12_siyraeion.txt:200,1333,STATE_KATEHHANTRAXH,카테한트라스,0,0,0,empty_definition,map_data/state_regions/12_siyraeion.txt,200
STATE_ZELRAKALRAXH@map_data/state_regions/12_siyraeion.txt:205,1334,STATE_ZELRAKALRAXH,젤라칼라스,0,0,0,empty_definition,map_data/state_regions/12_siyraeion.txt,205
STATE_NIOTHKANTH@map_data/state_regions/12_siyraeion.txt:210,1335,STATE_NIOTHKANTH,니오트칸트,0,0,0,empty_definition,map_data/state_regions/12_siyraeion.txt,210
STATE_AVALRAXHIAH@map_data/state_regions/12_siyraeion.txt:215,1336,STATE_AVALRAXHIAH,아발라시아,0,0,0,empty_definition,map_data/state_regions/12_siyraeion.txt,215
STATE_TAVHRAHHANTH@map_data/state_regions/12_siyraeion.txt:220,1337,STATE_TAVHRAHHANTH,타브라한트,0,0,0,empty_definition,map_data/state_regions/12_siyraeion.txt,220
STATE_ZHUSTANTH@map_data/state_regions/12_siyraeion.txt:225,1338,STATE_ZHUSTANTH,쥬스탄트,0,0,0,empty_definition,map_data/state_regions/12_siyraeion.txt,225
STATE_YUVELRATAVAHA@map_data/state_regions/12_siyraeion.txt:230,1339,STATE_YUVELRATAVAHA,유벨라타바하,0,0,0,empty_definition,map_data/state_regions/12_siyraeion.txt,230
STATE_ITOROVAHA@map_data/state_regions/12_siyraeion.txt:235,1340,STATE_ITOROVAHA,이토로바하,0,0,0,empty_definition,map_data/state_regions/12_siyraeion.txt,235
STATE_KAIRONIH@map_data/state_regions/13_kerwishien.txt:1,1400,STATE_KAIRONIH,카이로니,0,0,0,empty_definition,map_data/state_regions/13_kerwishien.txt,1
STATE_KAISVELTZ@map_data/state_regions/13_kerwishien.txt:6,1401,STATE_KAISVELTZ,카이스벨츠,0,0,0,empty_definition,map_data/state_regions/13_kerwishien.txt,6
STATE_KINVELRONIH@map_data/state_regions/13_kerwishien.txt:11,1402,STATE_KINVELRONIH,킨벨로니아,0,0,0,empty_definition,map_data/state_regions/13_kerwishien.txt,11
STATE_KAIROSTELCZAH@map_data/state_regions/13_kerwishien.txt:16,1403,STATE_KAIROSTELCZAH,카이로스텔차,0,0,0,empty_definition,map_data/state_regions/13_kerwishien.txt,16
STATE_XHEILRONIH@map_data/state_regions/13_kerwishien.txt:21,1404,STATE_XHEILRONIH,셰일로니,0,0,0,empty_definition,map_data/state_regions/13_kerwishien.txt,21
STATE_KAINVELRONIH@map_data/state_regions/13_kerwishien.txt:26,1405,STATE_KAINVELRONIH,카인벨로니아,0,0,0,empty_definition,map_data/state_regions/13_kerwishien.txt,26
STATE_YUSLRONAH@map_data/state_regions/13_kerwishien.txt:31,1406,STATE_YUSLRONAH,유슬로나,0,0,0,empty_definition,map_data/state_regions/13_kerwishien.txt,31
STATE_KUPHRATALRONIH@map_data/state_regions/13_kerwishien.txt:36,1407,STATE_KUPHRATALRONIH,쿠프라탈로니아,0,0,0,empty_definition,map_data/state_regions/13_kerwishien.txt,36
STATE_XHIELVELRONIH@map_data/state_regions/13_kerwishien.txt:41,1408,STATE_XHIELVELRONIH,시에벨로니아,0,0,0,empty_definition,map_data/state_regions/13_kerwishien.txt,41
STATE_YUXHEVELRONIH@map_data/state_regions/13_kerwishien.txt:46,1409,STATE_YUXHEVELRONIH,유셰벨로니아,0,0,0,empty_definition,map_data/state_regions/13_kerwishien.txt,46
STATE_KILGARUZIAH@map_data/state_regions/13_kerwishien.txt:51,1410,STATE_KILGARUZIAH,킬가루지아,0,0,0,empty_definition,map_data/state_regions/13_kerwishien.txt,51
STATE_HARVANAH@map_data/state_regions/13_kerwishien.txt:56,1411,STATE_HARVANAH,하르바나,0,0,0,empty_definition,map_data/state_regions/13_kerwishien.txt,56
STATE_PATASAHN@map_data/state_regions/13_kerwishien.txt:61,1412,STATE_PATASAHN,파타산,0,0,0,empty_definition,map_data/state_regions/13_kerwishien.txt,61
STATE_KIVSATAH@map_data/state_regions/13_kerwishien.txt:66,1413,STATE_KIVSATAH,키브스타,0,0,0,empty_definition,map_data/state_regions/13_kerwishien.txt,66
STATE_SEINVHRANETH@map_data/state_regions/13_kerwishien.txt:71,1414,STATE_SEINVHRANETH,세인브라네트,0,0,0,empty_definition,map_data/state_regions/13_kerwishien.txt,71
STATE_KERTASAHN@map_data/state_regions/13_kerwishien.txt:76,1415,STATE_KERTASAHN,케르타산,0,0,0,empty_definition,map_data/state_regions/13_kerwishien.txt,76
STATE_OVELSTANCZAH@map_data/state_regions/13_kerwishien.txt:81,1416,STATE_OVELSTANCZAH,오벨스탄차,0,0,0,empty_definition,map_data/state_regions/13_kerwishien.txt,81
STATE_SEILRIDIHN@map_data/state_regions/13_kerwishien.txt:86,1417,STATE_SEILRIDIHN,세일리딘,0,0,0,empty_definition,map_data/state_regions/13_kerwishien.txt,86
STATE_MIZELROXH@map_data/state_regions/13_kerwishien.txt:91,1418,STATE_MIZELROXH,미젤로스,0,0,0,empty_definition,map_data/state_regions/13_kerwishien.txt,91
STATE_UHKASTAH@map_data/state_regions/13_kerwishien.txt:96,1419,STATE_UHKASTAH,우카스탄,0,0,0,empty_definition,map_data/state_regions/13_kerwishien.txt,96
STATE_KUXHPELRASATAH@map_data/state_regions/13_kerwishien.txt:101,1420,STATE_KUXHPELRASATAH,쿠스펠라사타,0,0,0,empty_definition,map_data/state_regions/13_kerwishien.txt,101
STATE_ESOPOSTAH@map_data/state_regions/13_kerwishien.txt:106,1421,STATE_ESOPOSTAH,에스포스타,0,0,0,empty_definition,map_data/state_regions/13_kerwishien.txt,106
STATE_XHOUSTAH@map_data/state_regions/13_kerwishien.txt:111,1422,STATE_XHOUSTAH,쇼우스타,0,0,0,empty_definition,map_data/state_regions/13_kerwishien.txt,111
STATE_ENDELNIRHSTAH@map_data/state_regions/13_kerwishien.txt:116,1423,STATE_ENDELNIRHSTAH,엔델니르스타,0,0,0,empty_definition,map_data/state_regions/13_kerwishien.txt,116
STATE_TERTASTAH@map_data/state_regions/13_kerwishien.txt:121,1424,STATE_TERTASTAH,테르타스타,0,0,0,empty_definition,map_data/state_regions/13_kerwishien.txt,121
STATE_CZENTELRUTASATAH@map_data/state_regions/13_kerwishien.txt:136,1427,STATE_CZENTELRUTASATAH,첸텔루타스타,0,0,0,empty_definition,map_data/state_regions/13_kerwishien.txt,136
STATE_RIAXH@map_data/state_regions/13_kerwishien.txt:141,1428,STATE_RIAXH,리아스,0,0,0,empty_definition,map_data/state_regions/13_kerwishien.txt,141
STATE_XHERIAXH@map_data/state_regions/13_kerwishien.txt:146,1429,STATE_XHERIAXH,셰리아스,0,0,0,empty_definition,map_data/state_regions/13_kerwishien.txt,146
STATE_SAZALRUAXH@map_data/state_regions/13_kerwishien.txt:151,1430,STATE_SAZALRUAXH,사잘루아스,0,0,0,empty_definition,map_data/state_regions/13_kerwishien.txt,151
STATE_HARGELROTAH@map_data/state_regions/13_kerwishien.txt:156,1431,STATE_HARGELROTAH,하르겔로타,0,0,0,empty_definition,map_data/state_regions/13_kerwishien.txt,156
STATE_ZERGELROTAH@map_data/state_regions/13_kerwishien.txt:161,1432,STATE_ZERGELROTAH,제르겔로타,0,0,0,empty_definition,map_data/state_regions/13_kerwishien.txt,161
STATE_ZIESNIAH@map_data/state_regions/13_kerwishien.txt:166,1433,STATE_ZIESNIAH,지에스니아,0,0,0,empty_definition,map_data/state_regions/13_kerwishien.txt,166
STATE_SHUEXHAVAH@map_data/state_regions/13_kerwishien.txt:171,1434,STATE_SHUEXHAVAH,슈에스아바,0,0,0,empty_definition,map_data/state_regions/13_kerwishien.txt,171
STATE_RIXHICZILRIAH@map_data/state_regions/13_kerwishien.txt:176,1435,STATE_RIXHICZILRIAH,리시칠리아,0,0,0,empty_definition,map_data/state_regions/13_kerwishien.txt,176
STATE_ANTONIUS@map_data/state_regions/13_kerwishien.txt:181,1436,STATE_ANTONIUS,안토니우스,0,0,0,empty_definition,map_data/state_regions/13_kerwishien.txt,181
STATE_DEIVHRASTAH@map_data/state_regions/13_kerwishien.txt:186,1437,STATE_DEIVHRASTAH,데이브라스타,0,0,0,empty_definition,map_data/state_regions/13_kerwishien.txt,186
STATE_KONTANTILCZ@map_data/state_regions/13_kerwishien.txt:191,1438,STATE_KONTANTILCZ,콘탄틸츠,0,0,0,empty_definition,map_data/state_regions/13_kerwishien.txt,191
STATE_KRAKATOAH@map_data/state_regions/13_kerwishien.txt:196,1439,STATE_KRAKATOAH,크라카토아,0,0,0,empty_definition,map_data/state_regions/13_kerwishien.txt,196
STATE_ZIRKAHNTOAH@map_data/state_regions/13_kerwishien.txt:201,1440,STATE_ZIRKAHNTOAH,지르칸토아,0,0,0,empty_definition,map_data/state_regions/13_kerwishien.txt,201
STATE_MURVANTOSK@map_data/state_regions/13_kerwishien.txt:206,1441,STATE_MURVANTOSK,무르반토스크,0,0,0,empty_definition,map_data/state_regions/13_kerwishien.txt,206
STATE_ZAILRUVRH@map_data/state_regions/13_kerwishien.txt:211,1442,STATE_ZAILRUVRH,자일루브르,0,0,0,empty_definition,map_data/state_regions/13_kerwishien.txt,211
STATE_VARVELRUVHTAH@map_data/state_regions/13_kerwishien.txt:216,1443,STATE_VARVELRUVHTAH,바르벨루브르,0,0,0,empty_definition,map_data/state_regions/13_kerwishien.txt,216
STATE_DOILRUVRH@map_data/state_regions/13_kerwishien.txt:221,1444,STATE_DOILRUVRH,도일루브르,0,0,0,empty_definition,map_data/state_regions/13_kerwishien.txt,221
STATE_YURNIVERXHITY@map_data/state_regions/13_kerwishien.txt:226,1445,STATE_YURNIVERXHITY,유르니베르시티,0,0,0,empty_definition,map_data/state_regions/13_kerwishien.txt,226
STATE_KAINSVELRIXHITY@map_data/state_regions/13_kerwishien.txt:231,1446,STATE_KAINSVELRIXHITY,카인스벨리시티,0,0,0,empty_definition,map_data/state_regions/13_kerwishien.txt,231
STATE_ANNERTH@map_data/state_regions/13_kerwishien.txt:236,1447,STATE_ANNERTH,안네르트,0,0,0,empty_definition,map_data/state_regions/13_kerwishien.txt,236
STATE_XHONERTH@map_data/state_regions/13_kerwishien.txt:241,1448,STATE_XHONERTH,쇼네르트,0,0,0,empty_definition,map_data/state_regions/13_kerwishien.txt,241
STATE_SAAHRDAH@map_data/state_regions/13_kerwishien.txt:246,1449,STATE_SAAHRDAH,사아르다,0,0,0,empty_definition,map_data/state_regions/13_kerwishien.txt,246
STATE_NAELROTH@map_data/state_regions/13_kerwishien.txt:251,1450,STATE_NAELROTH,나엘로트,0,0,0,empty_definition,map_data/state_regions/13_kerwishien.txt,251
STATE_ZHREPOXHTAYUEM@map_data/state_regions/13_kerwishien.txt:256,1451,STATE_ZHREPOXHTAYUEM,즈레포스타움,0,0,0,empty_definition,map_data/state_regions/13_kerwishien.txt,256
STATE_KORSTERHCZVOLRAH@map_data/state_regions/13_kerwishien.txt:261,1452,STATE_KORSTERHCZVOLRAH,코르스테르츠볼라,0,0,0,empty_definition,map_data/state_regions/13_kerwishien.txt,261
STATE_INDETERSVORN@map_data/state_regions/13_kerwishien.txt:266,1453,STATE_INDETERSVORN,인데테르스보른,0,0,0,empty_definition,map_data/state_regions/13_kerwishien.txt,266
STATE_RIARHDOH@map_data/state_regions/13_kerwishien.txt:271,1454,STATE_RIARHDOH,리아르도,0,0,0,empty_definition,map_data/state_regions/13_kerwishien.txt,271
STATE_SAINTH@map_data/state_regions/13_kerwishien.txt:276,1455,STATE_SAINTH,사인트,0,0,0,empty_definition,map_data/state_regions/13_kerwishien.txt,276
STATE_VAILZHYEKH@map_data/state_regions/13_kerwishien.txt:281,1456,STATE_VAILZHYEKH,바일즈예크,0,0,0,empty_definition,map_data/state_regions/13_kerwishien.txt,281
STATE_ZIOSVAINTH@map_data/state_regions/13_kerwishien.txt:286,1457,STATE_ZIOSVAINTH,지오스바인트,0,0,0,empty_definition,map_data/state_regions/13_kerwishien.txt,286
STATE_PALRAKUXHVERKH@map_data/state_regions/13_kerwishien.txt:291,1458,STATE_PALRAKUXHVERKH,팔라쿠스베르크,0,0,0,empty_definition,map_data/state_regions/13_kerwishien.txt,291
STATE_AUPSHEVANTH@map_data/state_regions/13_kerwishien.txt:296,1459,STATE_AUPSHEVANTH,아우프스에반트,0,0,0,empty_definition,map_data/state_regions/13_kerwishien.txt,296
STATE_SIREVANTH@map_data/state_regions/13_kerwishien.txt:301,1460,STATE_SIREVANTH,시레반트,0,0,0,empty_definition,map_data/state_regions/13_kerwishien.txt,301
STATE_KINSTERILRUXH@map_data/state_regions/13_kerwishien.txt:321,1464,STATE_KINSTERILRUXH,킨스테릴루스,0,0,0,empty_definition,map_data/state_regions/13_kerwishien.txt,321
STATE_ANZELRHNIAH@map_data/state_regions/13_kerwishien.txt:326,1465,STATE_ANZELRHNIAH,안젤르니아,0,0,0,empty_definition,map_data/state_regions/13_kerwishien.txt,326
STATE_YUFOTEXH@map_data/state_regions/13_kerwishien.txt:331,1466,STATE_YUFOTEXH,유포테스,0,0,0,empty_definition,map_data/state_regions/13_kerwishien.txt,331
STATE_KIRZELRUNIAH@map_data/state_regions/13_kerwishien.txt:336,1467,STATE_KIRZELRUNIAH,키르젤루니아,0,0,0,empty_definition,map_data/state_regions/13_kerwishien.txt,336
STATE_YERHVELRAH@map_data/state_regions/13_kerwishien.txt:341,1468,STATE_YERHVELRAH,유르벨라,0,0,0,empty_definition,map_data/state_regions/13_kerwishien.txt,341
STATE_KHREMNEILRUXH@map_data/state_regions/13_kerwishien.txt:346,1469,STATE_KHREMNEILRUXH,크렘네일루스,0,0,0,empty_definition,map_data/state_regions/13_kerwishien.txt,346
STATE_KEIFELROXH@map_data/state_regions/13_kerwishien.txt:351,1470,STATE_KEIFELROXH,케이펠로스,0,0,0,empty_definition,map_data/state_regions/13_kerwishien.txt,351
STATE_MEXHTELROXH@map_data/state_regions/13_kerwishien.txt:356,1471,STATE_MEXHTELROXH,메스텔로스,0,0,0,empty_definition,map_data/state_regions/13_kerwishien.txt,356
STATE_KIZELRUVELTH@map_data/state_regions/13_kerwishien.txt:361,1472,STATE_KIZELRUVELTH,키젤루벨트,0,0,0,empty_definition,map_data/state_regions/13_kerwishien.txt,361
STATE_ZERVELTH@map_data/state_regions/13_kerwishien.txt:366,1473,STATE_ZERVELTH,제르벨트,0,0,0,empty_definition,map_data/state_regions/13_kerwishien.txt,366
STATE_YULRINSK@map_data/state_regions/13_kerwishien.txt:371,1474,STATE_YULRINSK,율린스크,0,0,0,empty_definition,map_data/state_regions/13_kerwishien.txt,371
STATE_KARDALRUXH@map_data/state_regions/13_kerwishien.txt:376,1475,STATE_KARDALRUXH,카르달루스,0,0,0,empty_definition,map_data/state_regions/13_kerwishien.txt,376
STATE_ENDILROXH@map_data/state_regions/13_kerwishien.txt:381,1476,STATE_ENDILROXH,엔딜로스,0,0,0,empty_definition,map_data/state_regions/13_kerwishien.txt,381
STATE_VEXHTELROXH@map_data/state_regions/13_kerwishien.txt:386,1477,STATE_VEXHTELROXH,베스텔로스,0,0,0,empty_definition,map_data/state_regions/13_kerwishien.txt,386
STATE_OXHILROXH@map_data/state_regions/13_kerwishien.txt:391,1478,STATE_OXHILROXH,오스일로스,0,0,0,empty_definition,map_data/state_regions/13_kerwishien.txt,391
STATE_SAILROXH@map_data/state_regions/13_kerwishien.txt:396,1479,STATE_SAILROXH,사일로스,0,0,0,empty_definition,map_data/state_regions/13_kerwishien.txt,396
STATE_GRUHNVELROXH@map_data/state_regions/13_kerwishien.txt:401,1480,STATE_GRUHNVELROXH,그룬벨로스,0,0,0,empty_definition,map_data/state_regions/13_kerwishien.txt,401
STATE_NORELROXH@map_data/state_regions/13_kerwishien.txt:406,1481,STATE_NORELROXH,노렐로스,0,0,0,empty_definition,map_data/state_regions/13_kerwishien.txt,406
STATE_VHWELRANVERKH@map_data/state_regions/13_kerwishien.txt:411,1482,STATE_VHWELRANVERKH,브웰란베르크,0,0,0,empty_definition,map_data/state_regions/13_kerwishien.txt,411
STATE_AVERDHVERKH@map_data/state_regions/13_kerwishien.txt:426,1485,STATE_AVERDHVERKH,아베르드베르크,0,0,0,empty_definition,map_data/state_regions/13_kerwishien.txt,426
STATE_ASRINVERKH@map_data/state_regions/13_kerwishien.txt:431,1486,STATE_ASRINVERKH,아스린베르크,0,0,0,empty_definition,map_data/state_regions/13_kerwishien.txt,431
STATE_ESTANVERKH@map_data/state_regions/13_kerwishien.txt:436,1487,STATE_ESTANVERKH,에스탄베르크,0,0,0,empty_definition,map_data/state_regions/13_kerwishien.txt,436
STATE_KEFELRONIAH@map_data/state_regions/13_kerwishien.txt:441,1488,STATE_KEFELRONIAH,케펠로니아,0,0,0,empty_definition,map_data/state_regions/13_kerwishien.txt,441
STATE_ISTELVELROTS@map_data/state_regions/13_kerwishien.txt:446,1489,STATE_ISTELVELROTS,이스텔벨로츠,0,0,0,empty_definition,map_data/state_regions/13_kerwishien.txt,446
STATE_NORETELVELRAROTS@map_data/state_regions/13_kerwishien.txt:451,1490,STATE_NORETELVELRAROTS,노레텔벨라로츠,0,0,0,empty_definition,map_data/state_regions/13_kerwishien.txt,451
STATE_RESTOLRIAH@map_data/state_regions/13_kerwishien.txt:456,1491,STATE_RESTOLRIAH,레스톨리아,0,0,0,empty_definition,map_data/state_regions/13_kerwishien.txt,456
STATE_SIRVENDALVERKH@map_data/state_regions/13_kerwishien.txt:461,1492,STATE_SIRVENDALVERKH,시르벤달베르크,0,0,0,empty_definition,map_data/state_regions/13_kerwishien.txt,461
STATE_AISDANTSVERKH@map_data/state_regions/13_kerwishien.txt:466,1493,STATE_AISDANTSVERKH,아이스단츠베르크,0,0,0,empty_definition,map_data/state_regions/13_kerwishien.txt,466
STATE_REVLRUPAH@map_data/state_regions/13_kerwishien.txt:471,1494,STATE_REVLRUPAH,레블루파,0,0,0,empty_definition,map_data/state_regions/13_kerwishien.txt,471
STATE_KAISEPHSONAH@map_data/state_regions/13_kerwishien.txt:476,1495,STATE_KAISEPHSONAH,카이세프소나,0,0,0,empty_definition,map_data/state_regions/13_kerwishien.txt,476
STATE_INSPHSONAH@map_data/state_regions/13_kerwishien.txt:481,1496,STATE_INSPHSONAH,인스프소나,0,0,0,empty_definition,map_data/state_regions/13_kerwishien.txt,481
STATE_SHUNIHISVERKH@map_data/state_regions/13_kerwishien.txt:486,1497,STATE_SHUNIHISVERKH,슈니히스베르크,0,0,0,empty_definition,map_data/state_regions/13_kerwishien.txt,486
STATE_SEAHVALRANDORH@map_data/state_regions/13_kerwishien.txt:491,1498,STATE_SEAHVALRANDORH,세아발란도르,0,0,0,empty_definition,map_data/state_regions/13_kerwishien.txt,491
STATE_STELVENDRUH@map_data/state_regions/13_kerwishien.txt:496,1499,STATE_STELVENDRUH,스텔벤드루,0,0,0,empty_definition,map_data/state_regions/13_kerwishien.txt,496
STATE_KALREAHDORH@map_data/state_regions/13_kerwishien.txt:501,1500,STATE_KALREAHDORH,칼레아도르,0,0,0,empty_definition,map_data/state_regions/13_kerwishien.txt,501
STATE_YURHPOTH@map_data/state_regions/13_kerwishien.txt:506,1501,STATE_YURHPOTH,유르토프,0,0,0,empty_definition,map_data/state_regions/13_kerwishien.txt,506
STATE_EAST_AVALRONTH@map_data/state_regions/13_kerwishien.txt:511,1502,STATE_EAST_AVALRONTH,오스텐아발론트,0,0,0,empty_definition,map_data/state_regions/13_kerwishien.txt,511
STATE_WEST_AVALRONTH@map_data/state_regions/13_kerwishien.txt:516,1503,STATE_WEST_AVALRONTH,베스텐아발론트,0,0,0,empty_definition,map_data/state_regions/13_kerwishien.txt,516
STATE_KUPANHVERKH@map_data/state_regions/13_kerwishien.txt:521,1504,STATE_KUPANHVERKH,쿠판베르크,0,0,0,empty_definition,map_data/state_regions/13_kerwishien.txt,521
STATE_TIOTUHN@map_data/state_regions/13_kerwishien.txt:526,1505,STATE_TIOTUHN,티오툰,0,0,0,empty_definition,map_data/state_regions/13_kerwishien.txt,526
STATE_ZERLRANFIL@map_data/state_regions/13_kerwishien.txt:531,1506,STATE_ZERLRANFIL,제를란필,0,0,0,empty_definition,map_data/state_regions/13_kerwishien.txt,531
STATE_YUSELRATAH@map_data/state_regions/13_kerwishien.txt:536,1507,STATE_YUSELRATAH,유셀라타,0,0,0,empty_definition,map_data/state_regions/13_kerwishien.txt,536
STATE_VIONILRAFIL@map_data/state_regions/13_kerwishien.txt:541,1508,STATE_VIONILRAFIL,비오닐라필,0,0,0,empty_definition,map_data/state_regions/13_kerwishien.txt,541
STATE_NIDELTEVHRAITH@map_data/state_regions/13_kerwishien.txt:546,1509,STATE_NIDELTEVHRAITH,니델테브라이트,0,0,0,empty_definition,map_data/state_regions/13_kerwishien.txt,546
STATE_SARHHALRANVELRUTAH@map_data/state_regions/13_kerwishien.txt:551,1510,STATE_SARHHALRANVELRUTAH,사르할란벨루타,0,0,0,empty_definition,map_data/state_regions/13_kerwishien.txt,551
STATE_KOSRAVELTH@map_data/state_regions/13_kerwishien.txt:556,1511,STATE_KOSRAVELTH,코스라벨트,0,0,0,empty_definition,map_data/state_regions/13_kerwishien.txt,556
STATE_NILRIUTIAH@map_data/state_regions/13_kerwishien.txt:561,1512,STATE_NILRIUTIAH,닐리우티아,0,0,0,empty_definition,map_data/state_regions/13_kerwishien.txt,561
STATE_SARAUTIAH@map_data/state_regions/13_kerwishien.txt:566,1513,STATE_SARAUTIAH,사라우티아,0,0,0,empty_definition,map_data/state_regions/13_kerwishien.txt,566
STATE_KEVHRAHAIM@map_data/state_regions/13_kerwishien.txt:571,1514,STATE_KEVHRAHAIM,케브라하임,0,0,0,empty_definition,map_data/state_regions/13_kerwishien.txt,571
STATE_KAVELRIRONTH@map_data/state_regions/13_kerwishien.txt:576,1515,STATE_KAVELRIRONTH,카벨리론트,0,0,0,empty_definition,map_data/state_regions/13_kerwishien.txt,576
STATE_REVEZLRANTH@map_data/state_regions/13_kerwishien.txt:581,1516,STATE_REVEZLRANTH,레베즐란트,0,0,0,empty_definition,map_data/state_regions/13_kerwishien.txt,581
STATE_ANZHULRANTH@map_data/state_regions/13_kerwishien.txt:586,1517,STATE_ANZHULRANTH,안쥴란트,0,0,0,empty_definition,map_data/state_regions/13_kerwishien.txt,586
STATE_ZERNIAH@map_data/state_regions/13_kerwishien.txt:591,1518,STATE_ZERNIAH,제르니아,0,0,0,empty_definition,map_data/state_regions/13_kerwishien.txt,591
STATE_CZYUELRONTH@map_data/state_regions/13_kerwishien.txt:596,1519,STATE_CZYUELRONTH,츄엘론트,0,0,0,empty_definition,map_data/state_regions/13_kerwishien.txt,596
STATE_REINVEXH@map_data/state_regions/13_kerwishien.txt:601,1520,STATE_REINVEXH,레인베스,0,0,0,empty_definition,map_data/state_regions/13_kerwishien.txt,601
STATE_YUZELRHNIAH@map_data/state_regions/13_kerwishien.txt:606,1521,STATE_YUZELRHNIAH,유젤르니아,0,0,0,empty_definition,map_data/state_regions/13_kerwishien.txt,606
STATE_IMPOTEXH@map_data/state_regions/13_kerwishien.txt:611,1522,STATE_IMPOTEXH,임포테스,0,0,0,empty_definition,map_data/state_regions/13_kerwishien.txt,611
STATE_VESTRIVUATH@map_data/state_regions/13_kerwishien.txt:616,1523,STATE_VESTRIVUATH,베스트리부아트,0,0,0,empty_definition,map_data/state_regions/13_kerwishien.txt,616
STATE_OSTAKELSCHUKENTH@map_data/state_regions/13_kerwishien.txt:621,1524,STATE_OSTAKELSCHUKENTH,오스타켈슈켄트,0,0,0,empty_definition,map_data/state_regions/13_kerwishien.txt,621
STATE_EAHRATAH@map_data/state_regions/13_kerwishien.txt:626,1525,STATE_EAHRATAH,에아라타,0,0,0,empty_definition,map_data/state_regions/13_kerwishien.txt,626
STATE_RIESELRANTO@map_data/state_regions/16_yuretrika.txt:307,1718,STATE_RIESELRANTO,리에셀란토,15,13,2,partial,map_data/state_regions/16_yuretrika.txt,307
STATE_AILRUUENTH@map_data/state_regions/19_shyuroen.txt:647,1938,STATE_AILRUUENTH,아일루우엔트,10,9,1,partial,map_data/state_regions/19_shyuroen.txt,647
STATE_AIVELRENNERANTH@map_data/state_regions/21_xhiryuenderh.txt:35,2112,STATE_AIVELRENNERANTH,아이벨렌네란트,28,26,2,partial,map_data/state_regions/21_xhiryuenderh.txt,35
STATE_VADANTANTH@map_data/state_regions/21_xhiryuenderh.txt:188,2121,STATE_VADANTANTH,바단탄트,17,16,1,partial,map_data/state_regions/21_xhiryuenderh.txt,188
STATE_AINTOVOLRA@map_data/state_regions/21_xhiryuenderh.txt:1735,2212,STATE_AINTOVOLRA,아인토볼라,0,0,0,empty_definition,map_data/state_regions/21_xhiryuenderh.txt,1735
STATE_NIDOTORAXHEMAHN@map_data/state_regions/27_south_pole_island_chains.txt:21,2803,STATE_NIDOTORAXHEMAHN,니도토라셰만,20,19,1,partial,map_data/state_regions/27_south_pole_island_chains.txt,21
