source_file,source_line,field_path,identifier_type,identifier,raw_token
common/country_definitions/00_countries.txt,23,ELX/capital,state,STATE_RARHELIYA,STATE_RARHELIYA
common/country_definitions/00_countries.txt,34,AXT/capital,state,STATE_ANXHTELRANTH,STATE_ANXHTELRANTH
common/country_definitions/00_countries.txt,45,ISV/capital,state,STATE_ISVELRIYA,STATE_ISVELRIYA
common/country_definitions/00_countries.txt,56,ION/capital,state,STATE_IOHNITH,STATE_IOHNITH
common/country_definitions/00_countries.txt,67,PIY/capital,state,STATE_PIYERHTO,STATE_PIYERHTO
common/country_definitions/00_countries.txt,78,NIX/capital,state,STATE_NIXHTSELRANTH,STATE_NIXHTSELRANTH
common/country_definitions/00_countries.txt,89,EHE/capital,state,STATE_RIOXHUTATH,STATE_RIOXHUTATH
common/country_definitions/00_countries.txt,100,ASL/capital,state,STATE_RIXH,STATE_RIXH
common/country_definitions/00_countries.txt,108,KIY/capital,state,STATE_KIYEFELROTS,STATE_KIYEFELROTS
common/country_definitions/00_countries.txt,116,APA/capital,state,STATE_AKAVANAH,STATE_AKAVANAH
common/country_definitions/00_countries.txt,124,SPE/capital,state,STATE_SPELRITS,STATE_SPELRITS
common/country_definitions/00_countries.txt,132,GRI/capital,state,STATE_GRIENDH,STATE_GRIENDH
common/country_definitions/00_countries.txt,140,RAF/capital,state,STATE_AFANXHINIAH,STATE_AFANXHINIAH
common/country_definitions/00_countries.txt,148,RIX/capital,state,STATE_RIXHRANTH,STATE_RIXHRANTH
common/country_definitions/00_countries.txt,156,KRP/capital,state,STATE_KARFELRANIAH,STATE_KARFELRANIAH
common/country_definitions/00_countries.txt,164,HAP/capital,state,STATE_HAPLRATS,STATE_HAPLRATS
common/country_definitions/00_countries.txt,172,RXT/capital,state,STATE_RYUXHTELRONTH,STATE_RYUXHTELRONTH
common/country_definitions/00_countries.txt,180,OHE/captial,state,STATE_AHELRONIAH,STATE_AHELRONIAH
common/country_definitions/00_countries.txt,188,RHZ/capital,state,STATE_RIHIZERTH,STATE_RIHIZERTH
common/country_definitions/00_countries.txt,196,RPT/capital,state,STATE_REFANTH,STATE_REFANTH
common/country_definitions/00_countries.txt,204,AMR/captial,state,STATE_AMARHNIAH,STATE_AMARHNIAH
common/country_definitions/00_countries.txt,214,KRR/capital,state,STATE_SHINSEOUL,STATE_SHINSEOUL
common/country_definitions/00_countries.txt,225,TER/capital,state,STATE_TERHCZEAH,STATE_TERHCZEAH
common/country_definitions/00_countries.txt,233,VEX/capital,state,STATE_VEXHZELATS,STATE_VEXHZELATS
common/country_definitions/00_countries.txt,241,GRN/capital,state,STATE_DONIAH_GRANGBLRUTS,STATE_DONIAH_GRANGBLRUTS
common/country_definitions/00_countries.txt,250,IMS/capital,state,STATE_SHUTHFAL,STATE_SHUTHFAL
common/country_definitions/00_countries.txt,257,VBA/capital,state,STATE_AHALRANENTH,STATE_AHALRANENTH
common/country_definitions/00_countries.txt,264,EBA/capital,state,STATE_RUTORINVERKH,STATE_RUTORINVERKH
common/history/characters/ELX - Elrixhiyuem.txt,2,CHARACTERS/<key>,country,ELX,c:ELX
common/history/countries/ELX - Elrixhiyuem.txt,2,COUNTRIES/<key>,country,ELX,c:ELX
common/history/countries/IMS - Imshi.txt,2,COUNTRIES/<key>,country,IMS,c:IMS
common/history/population/ELX - Senaxh.txt,2,POPULATION/<key>,country,ELX,c:ELX
common/history/population/IMS - Imshi.txt,2,POPULATION/<key>,country,IMS,c:IMS
common/history/population/VBA - Vestia Babarian Ariel.txt,2,POPULATION/<key>,country,VBA,c:VBA
common/strategic_regions/traiah_continent_strategic_regions.txt,14,region_seivranth_strategic_region/states/[],state,STATE_RARHELIYA,STATE_RARHELIYA
common/strategic_regions/traiah_continent_strategic_regions.txt,14,region_seivranth_strategic_region/states/[],state,STATE_RYUVLROCZEAH,STATE_RYUVLROCZEAH
common/strategic_regions/traiah_continent_strategic_regions.txt,14,region_seivranth_strategic_region/states/[],state,STATE_AKTYVANA,STATE_AKTYVANA
common/strategic_regions/traiah_continent_strategic_regions.txt,14,region_seivranth_strategic_region/states/[],state,STATE_HAILREIYUEM,STATE_HAILREIYUEM
common/strategic_regions/traiah_continent_strategic_regions.txt,14,region_seivranth_strategic_region/states/[],state,STATE_KAELRINIAH,STATE_KAELRINIAH
common/strategic_regions/traiah_continent_strategic_regions.txt,14,region_seivranth_strategic_region/states/[],state,STATE_EKKELRINVERKH,STATE_EKKELRINVERKH
common/strategic_regions/traiah_continent_strategic_regions.txt,14,region_seivranth_strategic_region/states/[],state,STATE_INXHIYUEM,STATE_INXHIYUEM
common/strategic_regions/traiah_continent_strategic_regions.txt,14,region_seivranth_strategic_region/states/[],state,STATE_RELRAVHRINTH,STATE_RELRAVHRINTH
common/strategic_regions/traiah_continent_strategic_regions.txt,14,region_seivranth_strategic_region/states/[],state,STATE_ARIVH,STATE_ARIVH
common/strategic_regions/traiah_continent_strategic_regions.txt,14,region_seivranth_strategic_region/states/[],state,STATE_INXHELRIYUEM_ATHVANH,STATE_INXHELRIYUEM_ATHVANH
common/strategic_regions/traiah_continent_strategic_regions.txt,14,region_seivranth_strategic_region/states/[],state,STATE_RUVELRINION,STATE_RUVELRINION
common/strategic_regions/traiah_continent_strategic_regions.txt,14,region_seivranth_strategic_region/states/[],state,STATE_YUSELRENEYUEM,STATE_YUSELRENEYUEM
common/strategic_regions/traiah_continent_strategic_regions.txt,14,region_seivranth_strategic_region/states/[],state,STATE_RISVOAH,STATE_RISVOAH
common/strategic_regions/traiah_continent_strategic_regions.txt,14,region_seivranth_strategic_region/states/[],state,STATE_EKKENXHIYUEM,STATE_EKKENXHIYUEM
common/strategic_regions/traiah_continent_strategic_regions.txt,14,region_seivranth_strategic_region/states/[],state,STATE_KRAMXHUTH,STATE_KRAMXHUTH
common/strategic_regions/traiah_continent_strategic_regions.txt,14,region_seivranth_strategic_region/states/[],state,STATE_EKKELRIYUEM,STATE_EKKELRIYUEM
common/strategic_regions/traiah_continent_strategic_regions.txt,14,region_seivranth_strategic_region/states/[],state,STATE_XHEIMVHRANTH,STATE_XHEIMVHRANTH
common/strategic_regions/traiah_continent_strategic_regions.txt,14,region_seivranth_strategic_region/states/[],state,STATE_EKKELRIYUEM,STATE_EKKELRIYUEM
common/strategic_regions/traiah_continent_strategic_regions.txt,14,region_seivranth_strategic_region/states/[],state,STATE_RANELRANTH,STATE_RANELRANTH
common/strategic_regions/traiah_continent_strategic_regions.txt,14,region_seivranth_strategic_region/states/[],state,STATE_RIOXHUTATH,STATE_RIOXHUTATH
common/strategic_regions/traiah_continent_strategic_regions.txt,14,region_seivranth_strategic_region/states/[],state,STATE_RANPATCZAN,STATE_RANPATCZAN
common/strategic_regions/traiah_continent_strategic_regions.txt,14,region_seivranth_strategic_region/states/[],state,STATE_AUXTHREH,STATE_AUXTHREH
common/strategic_regions/traiah_continent_strategic_regions.txt,14,region_seivranth_strategic_region/states/[],state,STATE_RANKAXH,STATE_RANKAXH
common/strategic_regions/traiah_continent_strategic_regions.txt,14,region_seivranth_strategic_region/states/[],state,STATE_XHEVHRANTH,STATE_XHEVHRANTH
common/strategic_regions/traiah_continent_strategic_regions.txt,14,region_seivranth_strategic_region/states/[],state,STATE_IKILRONTH,STATE_IKILRONTH
common/strategic_regions/traiah_continent_strategic_regions.txt,14,region_seivranth_strategic_region/states/[],state,STATE_GEKELRITH,STATE_GEKELRITH
common/strategic_regions/traiah_continent_strategic_regions.txt,14,region_seivranth_strategic_region/states/[],state,STATE_OSTATH,STATE_OSTATH
common/strategic_regions/traiah_continent_strategic_regions.txt,14,region_seivranth_strategic_region/states/[],state,STATE_RYUVAXHTELRANTH,STATE_RYUVAXHTELRANTH
common/strategic_regions/traiah_continent_strategic_regions.txt,14,region_seivranth_strategic_region/states/[],state,STATE_RUTELRINVERKH,STATE_RUTELRINVERKH
common/strategic_regions/traiah_continent_strategic_regions.txt,14,region_seivranth_strategic_region/states/[],state,STATE_XHIVELRHTO,STATE_XHIVELRHTO
common/strategic_regions/traiah_continent_strategic_regions.txt,14,region_seivranth_strategic_region/states/[],state,STATE_IKIVANTS,STATE_IKIVANTS
common/strategic_regions/traiah_continent_strategic_regions.txt,14,region_seivranth_strategic_region/states/[],state,STATE_RITOELRANTH,STATE_RITOELRANTH
common/strategic_regions/traiah_continent_strategic_regions.txt,14,region_seivranth_strategic_region/states/[],state,STATE_RAFAELRANTH,STATE_RAFAELRANTH
common/strategic_regions/traiah_continent_strategic_regions.txt,14,region_seivranth_strategic_region/states/[],state,STATE_ROTELRANTH,STATE_ROTELRANTH
common/strategic_regions/traiah_continent_strategic_regions.txt,14,region_seivranth_strategic_region/states/[],state,STATE_KARIXHUSH,STATE_KARIXHUSH
common/strategic_regions/traiah_continent_strategic_regions.txt,14,region_seivranth_strategic_region/states/[],state,STATE_AVAXHTANINVERKH,STATE_AVAXHTANINVERKH
common/strategic_regions/traiah_continent_strategic_regions.txt,14,region_seivranth_strategic_region/states/[],state,STATE_AXHTELRANTH,STATE_AXHTELRANTH
common/strategic_regions/traiah_continent_strategic_regions.txt,14,region_seivranth_strategic_region/states/[],state,STATE_ISVELRIYA,STATE_ISVELRIYA
common/strategic_regions/traiah_continent_strategic_regions.txt,14,region_seivranth_strategic_region/states/[],state,STATE_IOHNITH,STATE_IOHNITH
common/strategic_regions/traiah_continent_strategic_regions.txt,14,region_seivranth_strategic_region/states/[],state,STATE_PIYERHTO,STATE_PIYERHTO
common/strategic_regions/traiah_continent_strategic_regions.txt,14,region_seivranth_strategic_region/states/[],state,STATE_NIXHTSELRANTH,STATE_NIXHTSELRANTH
common/strategic_regions/traiah_continent_strategic_regions.txt,14,region_seivranth_strategic_region/states/[],state,STATE_RIXH,STATE_RIXH
common/strategic_regions/traiah_continent_strategic_regions.txt,14,region_seivranth_strategic_region/states/[],state,STATE_SHUTHFAL,STATE_SHUTHFAL
common/strategic_regions/traiah_continent_strategic_regions.txt,14,region_seivranth_strategic_region/states/[],state,STATE_KUPALHACZAL,STATE_KUPALHACZAL
common/strategic_regions/traiah_continent_strategic_regions.txt,14,region_seivranth_strategic_region/states/[],state,STATE_KAMPFCZAL,STATE_KAMPFCZAL
common/strategic_regions/traiah_continent_strategic_regions.txt,14,region_seivranth_strategic_region/states/[],state,STATE_AVHTSELANTH,STATE_AVHTSELANTH
common/strategic_regions/traiah_continent_strategic_regions.txt,14,region_seivranth_strategic_region/states/[],state,STATE_RUTOTORIYUEM,STATE_RUTOTORIYUEM
common/strategic_regions/traiah_continent_strategic_regions.txt,14,region_seivranth_strategic_region/states/[],state,STATE_SEPLFARIYUEM,STATE_SEPLFARIYUEM
common/strategic_regions/traiah_continent_strategic_regions.txt,14,region_seivranth_strategic_region/states/[],state,STATE_IVELRELRANTH,STATE_IVELRELRANTH
common/strategic_regions/traiah_continent_strategic_regions.txt,14,region_seivranth_strategic_region/states/[],state,STATE_INNANXHIYUEM,STATE_INNANXHIYUEM
common/strategic_regions/traiah_continent_strategic_regions.txt,14,region_seivranth_strategic_region/states/[],state,STATE_OVELRAXHIYUEM,STATE_OVELRAXHIYUEM
common/strategic_regions/traiah_continent_strategic_regions.txt,14,region_seivranth_strategic_region/states/[],state,STATE_AKALRIXHIYUEM,STATE_AKALRIXHIYUEM
common/strategic_regions/traiah_continent_strategic_regions.txt,14,region_seivranth_strategic_region/states/[],state,STATE_AHALRANENTH,STATE_AHALRANENTH
common/strategic_regions/traiah_continent_strategic_regions.txt,14,region_seivranth_strategic_region/states/[],state,STATE_KARFALRANTH,STATE_KARFALRANTH
common/strategic_regions/traiah_continent_strategic_regions.txt,14,region_seivranth_strategic_region/states/[],state,STATE_TOTARANTH,STATE_TOTARANTH
common/strategic_regions/traiah_continent_strategic_regions.txt,14,region_seivranth_strategic_region/states/[],state,STATE_RAXHVELRANYA,STATE_RAXHVELRANYA
common/strategic_regions/traiah_continent_strategic_regions.txt,14,region_seivranth_strategic_region/states/[],state,STATE_AVAROXH,STATE_AVAROXH
common/strategic_regions/traiah_continent_strategic_regions.txt,14,region_seivranth_strategic_region/states/[],state,STATE_KERIVIXH,STATE_KERIVIXH
common/strategic_regions/traiah_continent_strategic_regions.txt,14,region_seivranth_strategic_region/states/[],state,STATE_VILRUNIAH,STATE_VILRUNIAH
common/strategic_regions/traiah_continent_strategic_regions.txt,14,region_seivranth_strategic_region/states/[],state,STATE_RERUHNIAH,STATE_RERUHNIAH
common/strategic_regions/traiah_continent_strategic_regions.txt,14,region_seivranth_strategic_region/states/[],state,STATE_RUNACZAL,STATE_RUNACZAL
common/strategic_regions/traiah_continent_strategic_regions.txt,14,region_seivranth_strategic_region/states/[],state,STATE_SATALRONIAH,STATE_SATALRONIAH
common/strategic_regions/traiah_continent_strategic_regions.txt,14,region_seivranth_strategic_region/states/[],state,STATE_KEILRAYA,STATE_KEILRAYA
common/strategic_regions/traiah_continent_strategic_regions.txt,14,region_seivranth_strategic_region/states/[],state,STATE_SCHUVELRUNAHN,STATE_SCHUVELRUNAHN
common/strategic_regions/traiah_continent_strategic_regions.txt,14,region_seivranth_strategic_region/states/[],state,STATE_SAVALRANAH,STATE_SAVALRANAH
common/strategic_regions/traiah_continent_strategic_regions.txt,14,region_seivranth_strategic_region/states/[],state,STATE_YUVALRIOTH,STATE_YUVALRIOTH
common/strategic_regions/traiah_continent_strategic_regions.txt,14,region_seivranth_strategic_region/states/[],state,STATE_ROFOPELRIYA,STATE_ROFOPELRIYA
common/strategic_regions/traiah_continent_strategic_regions.txt,14,region_seivranth_strategic_region/states/[],state,STATE_SCHUTELRANTH,STATE_SCHUTELRANTH
common/strategic_regions/traiah_continent_strategic_regions.txt,14,region_seivranth_strategic_region/states/[],state,STATE_KAFHVELRIYA,STATE_KAFHVELRIYA
common/strategic_regions/traiah_continent_strategic_regions.txt,14,region_seivranth_strategic_region/states/[],state,STATE_RUTORINVERKH,STATE_RUTORINVERKH
common/strategic_regions/traiah_continent_strategic_regions.txt,14,region_seivranth_strategic_region/states/[],state,STATE_KAVARANTH,STATE_KAVARANTH
common/strategic_regions/traiah_continent_strategic_regions.txt,14,region_seivranth_strategic_region/states/[],state,STATE_RIVELRANTH,STATE_RIVELRANTH
common/strategic_regions/traiah_continent_strategic_regions.txt,14,region_seivranth_strategic_region/states/[],state,STATE_OSTRANTH,STATE_OSTRANTH
common/strategic_regions/traiah_continent_strategic_regions.txt,14,region_seivranth_strategic_region/states/[],state,STATE_NORTHRANTH,STATE_NORTHRANTH
common/strategic_regions/traiah_continent_strategic_regions.txt,14,region_seivranth_strategic_region/states/[],state,STATE_XHUKELRITH,STATE_XHUKELRITH
common/strategic_regions/traiah_continent_strategic_regions.txt,14,region_seivranth_strategic_region/states/[],state,STATE_ANXHTELRANTH,STATE_ANXHTELRANTH
common/strategic_regions/traiah_continent_strategic_regions.txt,14,region_seivranth_strategic_region/states/[],state,STATE_KANVERKH,STATE_KANVERKH
common/strategic_regions/traiah_continent_strategic_regions.txt,14,region_seivranth_strategic_region/states/[],state,STATE_SCHUTHKHVERKH,STATE_SCHUTHKHVERKH
common/strategic_regions/traiah_continent_strategic_regions.txt,14,region_seivranth_strategic_region/states/[],state,STATE_RINOVL,STATE_RINOVL
common/strategic_regions/traiah_continent_strategic_regions.txt,14,region_seivranth_strategic_region/states/[],state,STATE_RIOSLRAVL,STATE_RIOSLRAVL
common/strategic_regions/traiah_continent_strategic_regions.txt,14,region_seivranth_strategic_region/states/[],state,STATE_YUAHELRINTH,STATE_YUAHELRINTH
common/strategic_regions/traiah_continent_strategic_regions.txt,14,region_seivranth_strategic_region/states/[],state,STATE_NIXHVOAH,STATE_NIXHVOAH
common/strategic_regions/traiah_continent_strategic_regions.txt,14,region_seivranth_strategic_region/states/[],state,STATE_KAVABOAH,STATE_KAVABOAH
common/strategic_regions/traiah_continent_strategic_regions.txt,14,region_seivranth_strategic_region/states/[],state,STATE_INSTELRANTH,STATE_INSTELRANTH
common/strategic_regions/traiah_continent_strategic_regions.txt,14,region_seivranth_strategic_region/states/[],state,STATE_AKANXHINEYUEM,STATE_AKANXHINEYUEM
common/strategic_regions/traiah_continent_strategic_regions.txt,14,region_seivranth_strategic_region/states/[],state,STATE_RIARHTO,STATE_RIARHTO
common/strategic_regions/traiah_continent_strategic_regions.txt,14,region_seivranth_strategic_region/states/[],state,STATE_AFANXHINIAH,STATE_AFANXHINIAH
common/strategic_regions/traiah_continent_strategic_regions.txt,20,region_kauats_strategic_region/states/[],state,STATE_KAXHTETS,STATE_KAXHTETS
common/strategic_regions/traiah_continent_strategic_regions.txt,20,region_kauats_strategic_region/states/[],state,STATE_AIXHTETS,STATE_AIXHTETS
common/strategic_regions/traiah_continent_strategic_regions.txt,20,region_kauats_strategic_region/states/[],state,STATE_KAVHRITH,STATE_KAVHRITH
common/strategic_regions/traiah_continent_strategic_regions.txt,20,region_kauats_strategic_region/states/[],state,STATE_RIENHAIM,STATE_RIENHAIM
common/strategic_regions/traiah_continent_strategic_regions.txt,20,region_kauats_strategic_region/states/[],state,STATE_AHELRONIAH,STATE_AHELRONIAH
common/strategic_regions/traiah_continent_strategic_regions.txt,20,region_kauats_strategic_region/states/[],state,STATE_REFANTH,STATE_REFANTH
common/strategic_regions/traiah_continent_strategic_regions.txt,20,region_kauats_strategic_region/states/[],state,STATE_RIHIZERTH,STATE_RIHIZERTH
common/strategic_regions/traiah_continent_strategic_regions.txt,20,region_kauats_strategic_region/states/[],state,STATE_HAEXH,STATE_HAEXH
common/strategic_regions/traiah_continent_strategic_regions.txt,20,region_kauats_strategic_region/states/[],state,STATE_AYUTH,STATE_AYUTH
common/strategic_regions/traiah_continent_strategic_regions.txt,20,region_kauats_strategic_region/states/[],state,STATE_SOIVETS,STATE_SOIVETS
common/strategic_regions/traiah_continent_strategic_regions.txt,20,region_kauats_strategic_region/states/[],state,STATE_HIKANTITS,STATE_HIKANTITS
common/strategic_regions/traiah_continent_strategic_regions.txt,20,region_kauats_strategic_region/states/[],state,STATE_AKAXHINA,STATE_AKAXHINA
common/strategic_regions/traiah_continent_strategic_regions.txt,20,region_kauats_strategic_region/states/[],state,STATE_RUTHKANA,STATE_RUTHKANA
common/strategic_regions/traiah_continent_strategic_regions.txt,20,region_kauats_strategic_region/states/[],state,STATE_RYUXHTELRONTH,STATE_RYUXHTELRONTH
common/strategic_regions/traiah_continent_strategic_regions.txt,20,region_kauats_strategic_region/states/[],state,STATE_RAVANENTH,STATE_RAVANENTH
common/strategic_regions/traiah_continent_strategic_regions.txt,20,region_kauats_strategic_region/states/[],state,STATE_OSTER,STATE_OSTER
common/strategic_regions/traiah_continent_strategic_regions.txt,20,region_kauats_strategic_region/states/[],state,STATE_IKELRITS,STATE_IKELRITS
common/strategic_regions/traiah_continent_strategic_regions.txt,20,region_kauats_strategic_region/states/[],state,STATE_KUKELRITS,STATE_KUKELRITS
common/strategic_regions/traiah_continent_strategic_regions.txt,20,region_kauats_strategic_region/states/[],state,STATE_RIVHRANENTH,STATE_RIVHRANENTH
common/strategic_regions/traiah_continent_strategic_regions.txt,26,region_north_senaxh_low_land_strategic_region/states/[],state,STATE_KIYEFELROTS,STATE_KIYEFELROTS
common/strategic_regions/traiah_continent_strategic_regions.txt,26,region_north_senaxh_low_land_strategic_region/states/[],state,STATE_RIVOXH,STATE_RIVOXH
common/strategic_regions/traiah_continent_strategic_regions.txt,26,region_north_senaxh_low_land_strategic_region/states/[],state,STATE_KRANHEXH,STATE_KRANHEXH
common/strategic_regions/traiah_continent_strategic_regions.txt,26,region_north_senaxh_low_land_strategic_region/states/[],state,STATE_SIYELRITS,STATE_SIYELRITS
common/strategic_regions/traiah_continent_strategic_regions.txt,26,region_north_senaxh_low_land_strategic_region/states/[],state,STATE_SAILRETS,STATE_SAILRETS
common/strategic_regions/traiah_continent_strategic_regions.txt,26,region_north_senaxh_low_land_strategic_region/states/[],state,STATE_AKAVANAH,STATE_AKAVANAH
common/strategic_regions/traiah_continent_strategic_regions.txt,26,region_north_senaxh_low_land_strategic_region/states/[],state,STATE_HAIOXH,STATE_HAIOXH
common/strategic_regions/traiah_continent_strategic_regions.txt,26,region_north_senaxh_low_land_strategic_region/states/[],state,STATE_RIODERANTE,STATE_RIODERANTE
common/strategic_regions/traiah_continent_strategic_regions.txt,26,region_north_senaxh_low_land_strategic_region/states/[],state,STATE_KAIVAH,STATE_KAIVAH
common/strategic_regions/traiah_continent_strategic_regions.txt,26,region_north_senaxh_low_land_strategic_region/states/[],state,STATE_AISPATS,STATE_AISPATS
common/strategic_regions/traiah_continent_strategic_regions.txt,26,region_north_senaxh_low_land_strategic_region/states/[],state,STATE_RUSTANCZAH,STATE_RUSTANCZAH
common/strategic_regions/traiah_continent_strategic_regions.txt,26,region_north_senaxh_low_land_strategic_region/states/[],state,STATE_HAVANERA,STATE_HAVANERA
common/strategic_regions/traiah_continent_strategic_regions.txt,26,region_north_senaxh_low_land_strategic_region/states/[],state,STATE_RAXHINITH,STATE_RAXHINITH
common/strategic_regions/traiah_continent_strategic_regions.txt,26,region_north_senaxh_low_land_strategic_region/states/[],state,STATE_AXTOLTS,STATE_AXTOLTS
common/strategic_regions/traiah_continent_strategic_regions.txt,26,region_north_senaxh_low_land_strategic_region/states/[],state,STATE_RIASUXH,STATE_RIASUXH
common/strategic_regions/traiah_continent_strategic_regions.txt,26,region_north_senaxh_low_land_strategic_region/states/[],state,STATE_RANTATS,STATE_RANTATS
common/strategic_regions/traiah_continent_strategic_regions.txt,26,region_north_senaxh_low_land_strategic_region/states/[],state,STATE_RIOHYUXH,STATE_RIOHYUXH
common/strategic_regions/traiah_continent_strategic_regions.txt,26,region_north_senaxh_low_land_strategic_region/states/[],state,STATE_YUELRIXHIYUEM,STATE_YUELRIXHIYUEM
common/strategic_regions/traiah_continent_strategic_regions.txt,26,region_north_senaxh_low_land_strategic_region/states/[],state,STATE_KARFELRANIAH,STATE_KARFELRANIAH
common/strategic_regions/traiah_continent_strategic_regions.txt,26,region_north_senaxh_low_land_strategic_region/states/[],state,STATE_ANNERXH,STATE_ANNERXH
common/strategic_regions/traiah_continent_strategic_regions.txt,26,region_north_senaxh_low_land_strategic_region/states/[],state,STATE_HAPLRATS,STATE_HAPLRATS
common/strategic_regions/traiah_continent_strategic_regions.txt,26,region_north_senaxh_low_land_strategic_region/states/[],state,STATE_RAIVATS,STATE_RAIVATS
common/strategic_regions/traiah_continent_strategic_regions.txt,26,region_north_senaxh_low_land_strategic_region/states/[],state,STATE_HEINPAXH,STATE_HEINPAXH
common/strategic_regions/traiah_continent_strategic_regions.txt,26,region_north_senaxh_low_land_strategic_region/states/[],state,STATE_HEIMVEXH,STATE_HEIMVEXH
common/strategic_regions/traiah_continent_strategic_regions.txt,26,region_north_senaxh_low_land_strategic_region/states/[],state,STATE_IKELROTS,STATE_IKELROTS
common/strategic_regions/traiah_continent_strategic_regions.txt,26,region_north_senaxh_low_land_strategic_region/states/[],state,STATE_AINENXHIYUEM,STATE_AINENXHIYUEM
common/strategic_regions/traiah_continent_strategic_regions.txt,26,region_north_senaxh_low_land_strategic_region/states/[],state,STATE_ILRIRIYUEM,STATE_ILRIRIYUEM
common/strategic_regions/traiah_continent_strategic_regions.txt,32,region_karotaniah_strategic_region/states/[],state,STATE_KAROTA,STATE_KAROTA
common/strategic_regions/traiah_continent_strategic_regions.txt,32,region_karotaniah_strategic_region/states/[],state,STATE_RIYUTS,STATE_RIYUTS
common/strategic_regions/traiah_continent_strategic_regions.txt,32,region_karotaniah_strategic_region/states/[],state,STATE_RIXHRANTH,STATE_RIXHRANTH
common/strategic_regions/traiah_continent_strategic_regions.txt,32,region_karotaniah_strategic_region/states/[],state,STATE_ROXH_AQUITENTS,STATE_ROXH_AQUITENTS
common/strategic_regions/traiah_continent_strategic_regions.txt,32,region_karotaniah_strategic_region/states/[],state,STATE_KIOTS,STATE_KIOTS
common/strategic_regions/traiah_continent_strategic_regions.txt,32,region_karotaniah_strategic_region/states/[],state,STATE_NIUXH,STATE_NIUXH
common/strategic_regions/traiah_continent_strategic_regions.txt,32,region_karotaniah_strategic_region/states/[],state,STATE_AVHAJYAEL,STATE_AVHAJYAEL
common/strategic_regions/traiah_continent_strategic_regions.txt,32,region_karotaniah_strategic_region/states/[],state,STATE_KIPENTS,STATE_KIPENTS
common/strategic_regions/traiah_continent_strategic_regions.txt,32,region_karotaniah_strategic_region/states/[],state,STATE_IOTS,STATE_IOTS
common/strategic_regions/traiah_continent_strategic_regions.txt,32,region_karotaniah_strategic_region/states/[],state,STATE_OTS,STATE_OTS
common/strategic_regions/traiah_continent_strategic_regions.txt,32,region_karotaniah_strategic_region/states/[],state,STATE_SEVILRUXH,STATE_SEVILRUXH
common/strategic_regions/traiah_continent_strategic_regions.txt,38,region_kastalriya_strategic_region/states/[],state,STATE_VEIGAH,STATE_VEIGAH
common/strategic_regions/traiah_continent_strategic_regions.txt,38,region_kastalriya_strategic_region/states/[],state,STATE_INTOIGAH,STATE_INTOIGAH
common/strategic_regions/traiah_continent_strategic_regions.txt,38,region_kastalriya_strategic_region/states/[],state,STATE_RUVAXHZIYEH,STATE_RUVAXHZIYEH
common/strategic_regions/traiah_continent_strategic_regions.txt,38,region_kastalriya_strategic_region/states/[],state,STATE_ANXHUNAYA,STATE_ANXHUNAYA
common/strategic_regions/traiah_continent_strategic_regions.txt,38,region_kastalriya_strategic_region/states/[],state,STATE_OKLRAYA,STATE_OKLRAYA
common/strategic_regions/traiah_continent_strategic_regions.txt,38,region_kastalriya_strategic_region/states/[],state,STATE_VITHHARALRAYA,STATE_VITHHARALRAYA
common/strategic_regions/traiah_continent_strategic_regions.txt,38,region_kastalriya_strategic_region/states/[],state,STATE_HARHHARALRAYA,STATE_HARHHARALRAYA
common/strategic_regions/traiah_continent_strategic_regions.txt,38,region_kastalriya_strategic_region/states/[],state,STATE_SARALRAYA,STATE_SARALRAYA
common/strategic_regions/traiah_continent_strategic_regions.txt,38,region_kastalriya_strategic_region/states/[],state,STATE_ANXHHARALRAYA,STATE_ANXHHARALRAYA
common/strategic_regions/traiah_continent_strategic_regions.txt,38,region_kastalriya_strategic_region/states/[],state,STATE_HOVHNAYA,STATE_HOVHNAYA
common/strategic_regions/traiah_continent_strategic_regions.txt,38,region_kastalriya_strategic_region/states/[],state,STATE_ROXHTOEM,STATE_ROXHTOEM
common/strategic_regions/traiah_continent_strategic_regions.txt,38,region_kastalriya_strategic_region/states/[],state,STATE_OSTRAHAM,STATE_OSTRAHAM
common/strategic_regions/traiah_continent_strategic_regions.txt,38,region_kastalriya_strategic_region/states/[],state,STATE_SIOZUNA,STATE_SIOZUNA
common/strategic_regions/traiah_continent_strategic_regions.txt,38,region_kastalriya_strategic_region/states/[],state,STATE_KAIZUKA,STATE_KAIZUKA
common/strategic_regions/traiah_continent_strategic_regions.txt,38,region_kastalriya_strategic_region/states/[],state,STATE_RUDHGA,STATE_RUDHGA
common/strategic_regions/traiah_continent_strategic_regions.txt,38,region_kastalriya_strategic_region/states/[],state,STATE_IHOTANYA,STATE_IHOTANYA
common/strategic_regions/traiah_continent_strategic_regions.txt,38,region_kastalriya_strategic_region/states/[],state,STATE_RUSTOKA,STATE_RUSTOKA
common/strategic_regions/traiah_continent_strategic_regions.txt,38,region_kastalriya_strategic_region/states/[],state,STATE_ROTONTANYA,STATE_ROTONTANYA
common/strategic_regions/traiah_continent_strategic_regions.txt,38,region_kastalriya_strategic_region/states/[],state,STATE_EVELRIGA,STATE_EVELRIGA
common/strategic_regions/traiah_continent_strategic_regions.txt,38,region_kastalriya_strategic_region/states/[],state,STATE_INVOENTAHN,STATE_INVOENTAHN
common/strategic_regions/traiah_continent_strategic_regions.txt,44,region_naiheldaroniah_strategic_region/states/[],state,STATE_SPELRITS,STATE_SPELRITS
common/strategic_regions/traiah_continent_strategic_regions.txt,44,region_naiheldaroniah_strategic_region/states/[],state,STATE_RIVONETS,STATE_RIVONETS
common/strategic_regions/traiah_continent_strategic_regions.txt,44,region_naiheldaroniah_strategic_region/states/[],state,STATE_AIN_HEXH,STATE_AIN_HEXH
common/strategic_regions/traiah_continent_strategic_regions.txt,44,region_naiheldaroniah_strategic_region/states/[],state,STATE_SEINVL,STATE_SEINVL
common/strategic_regions/traiah_continent_strategic_regions.txt,44,region_naiheldaroniah_strategic_region/states/[],state,STATE_KAOTS,STATE_KAOTS
common/strategic_regions/traiah_continent_strategic_regions.txt,44,region_naiheldaroniah_strategic_region/states/[],state,STATE_YEIL,STATE_YEIL
common/strategic_regions/traiah_continent_strategic_regions.txt,44,region_naiheldaroniah_strategic_region/states/[],state,STATE_HEYELRITS,STATE_HEYELRITS
common/strategic_regions/traiah_continent_strategic_regions.txt,44,region_naiheldaroniah_strategic_region/states/[],state,STATE_SAOLRITS,STATE_SAOLRITS
common/strategic_regions/traiah_continent_strategic_regions.txt,44,region_naiheldaroniah_strategic_region/states/[],state,STATE_ELRIVL,STATE_ELRIVL
common/strategic_regions/traiah_continent_strategic_regions.txt,44,region_naiheldaroniah_strategic_region/states/[],state,STATE_MIXH,STATE_MIXH
common/strategic_regions/traiah_continent_strategic_regions.txt,44,region_naiheldaroniah_strategic_region/states/[],state,STATE_KIEXH,STATE_KIEXH
common/strategic_regions/traiah_continent_strategic_regions.txt,44,region_naiheldaroniah_strategic_region/states/[],state,STATE_YARESLRAVL,STATE_YARESLRAVL
common/strategic_regions/traiah_continent_strategic_regions.txt,50,region_hyaryet_strategic_region/states/[],state,STATE_ZAFIAH_KAIMTH,STATE_ZAFIAH_KAIMTH
common/strategic_regions/traiah_continent_strategic_regions.txt,50,region_hyaryet_strategic_region/states/[],state,STATE_NORTIAH_KAIMTH,STATE_NORTIAH_KAIMTH
common/strategic_regions/traiah_continent_strategic_regions.txt,50,region_hyaryet_strategic_region/states/[],state,STATE_HANOELRON,STATE_HANOELRON
common/strategic_regions/traiah_continent_strategic_regions.txt,50,region_hyaryet_strategic_region/states/[],state,STATE_ZAFIAH_HAILRIXH,STATE_ZAFIAH_HAILRIXH
common/strategic_regions/traiah_continent_strategic_regions.txt,50,region_hyaryet_strategic_region/states/[],state,STATE_VESTIAH_HAILRIXH,STATE_VESTIAH_HAILRIXH
common/strategic_regions/traiah_continent_strategic_regions.txt,50,region_hyaryet_strategic_region/states/[],state,STATE_NORTIAH_HAILRIXH,STATE_NORTIAH_HAILRIXH
common/strategic_regions/traiah_continent_strategic_regions.txt,50,region_hyaryet_strategic_region/states/[],state,STATE_CZENTRAL_HYARYET,STATE_CZENTRAL_HYARYET
common/strategic_regions/traiah_continent_strategic_regions.txt,50,region_hyaryet_strategic_region/states/[],state,STATE_DONIAH_HYARYET,STATE_DONIAH_HYARYET
common/strategic_regions/traiah_continent_strategic_regions.txt,50,region_hyaryet_strategic_region/states/[],state,STATE_AKXHUKEHNTH,STATE_AKXHUKEHNTH
common/strategic_regions/traiah_continent_strategic_regions.txt,50,region_hyaryet_strategic_region/states/[],state,STATE_RIAXHTIZEH,STATE_RIAXHTIZEH
common/strategic_regions/traiah_continent_strategic_regions.txt,50,region_hyaryet_strategic_region/states/[],state,STATE_SHURHVENTH,STATE_SHURHVENTH
common/strategic_regions/traiah_continent_strategic_regions.txt,50,region_hyaryet_strategic_region/states/[],state,STATE_RIXHUTEHN,STATE_RIXHUTEHN
common/strategic_regions/traiah_continent_strategic_regions.txt,50,region_hyaryet_strategic_region/states/[],state,STATE_AKITEN,STATE_AKITEN
common/strategic_regions/traiah_continent_strategic_regions.txt,50,region_hyaryet_strategic_region/states/[],state,STATE_RAXHTANIAH,STATE_RAXHTANIAH
common/strategic_regions/traiah_continent_strategic_regions.txt,50,region_hyaryet_strategic_region/states/[],state,STATE_FEVHRAIL,STATE_FEVHRAIL
common/strategic_regions/traiah_continent_strategic_regions.txt,56,region_granblruts_strategic_region/states/[],state,STATE_RIKORIXH,STATE_RIKORIXH
common/strategic_regions/traiah_continent_strategic_regions.txt,56,region_granblruts_strategic_region/states/[],state,STATE_VEXHZELATS,STATE_VEXHZELATS
common/strategic_regions/traiah_continent_strategic_regions.txt,56,region_granblruts_strategic_region/states/[],state,STATE_DOSELRONIAH,STATE_DOSELRONIAH
common/strategic_regions/traiah_continent_strategic_regions.txt,56,region_granblruts_strategic_region/states/[],state,STATE_AKANTICZ,STATE_AKANTICZ
common/strategic_regions/traiah_continent_strategic_regions.txt,56,region_granblruts_strategic_region/states/[],state,STATE_TERHCZEAH,STATE_TERHCZEAH
common/strategic_regions/traiah_continent_strategic_regions.txt,56,region_granblruts_strategic_region/states/[],state,STATE_VESTIAH_GRANGBLRUTS,STATE_VESTIAH_GRANGBLRUTS
common/strategic_regions/traiah_continent_strategic_regions.txt,56,region_granblruts_strategic_region/states/[],state,STATE_DONIAH_GRANGBLRUTS,STATE_DONIAH_GRANGBLRUTS
common/strategic_regions/traiah_continent_strategic_regions.txt,62,region_korean_peninsula_strategic_region/states/[],state,STATE_SHINSEOUL,STATE_SHINSEOUL
common/strategic_regions/traiah_continent_strategic_regions.txt,62,region_korean_peninsula_strategic_region/states/[],state,STATE_CHEONGJIN,STATE_CHEONGJIN
common/strategic_regions/traiah_continent_strategic_regions.txt,62,region_korean_peninsula_strategic_region/states/[],state,STATE_GAIHN,STATE_GAIHN
common/strategic_regions/traiah_continent_strategic_regions.txt,62,region_korean_peninsula_strategic_region/states/[],state,STATE_BUWON,STATE_BUWON
common/strategic_regions/traiah_continent_strategic_regions.txt,62,region_korean_peninsula_strategic_region/states/[],state,STATE_NAMREUNG,STATE_NAMREUNG
common/strategic_regions/traiah_continent_strategic_regions.txt,62,region_korean_peninsula_strategic_region/states/[],state,STATE_SUREUNG,STATE_SUREUNG
common/strategic_regions/traiah_continent_strategic_regions.txt,62,region_korean_peninsula_strategic_region/states/[],state,STATE_HWANGAHN,STATE_HWANGAHN
common/strategic_regions/traiah_continent_strategic_regions.txt,62,region_korean_peninsula_strategic_region/states/[],state,STATE_PYEONGJEON,STATE_PYEONGJEON
common/strategic_regions/traiah_continent_strategic_regions.txt,62,region_korean_peninsula_strategic_region/states/[],state,STATE_HAMSEON,STATE_HAMSEON
common/strategic_regions/traiah_continent_strategic_regions.txt,62,region_korean_peninsula_strategic_region/states/[],state,STATE_ULREUNG,STATE_ULREUNG
common/strategic_regions/traiah_continent_strategic_regions.txt,62,region_korean_peninsula_strategic_region/states/[],state,STATE_NAMDANMAN,STATE_NAMDANMAN
common/strategic_regions/traiah_continent_strategic_regions.txt,62,region_korean_peninsula_strategic_region/states/[],state,STATE_BUKDANMAN,STATE_BUKDANMAN
common/strategic_regions/traiah_continent_strategic_regions.txt,62,region_korean_peninsula_strategic_region/states/[],state,STATE_JEJU,STATE_JEJU
common/strategic_regions/traiah_continent_strategic_regions.txt,62,region_korean_peninsula_strategic_region/states/[],state,STATE_PYEONGSEO_GUNDO,STATE_PYEONGSEO_GUNDO
common/strategic_regions/traiah_continent_strategic_regions.txt,62,region_korean_peninsula_strategic_region/states/[],state,STATE_JINOH_GUNDO,STATE_JINOH_GUNDO
common/strategic_regions/traiah_continent_strategic_regions.txt,62,region_korean_peninsula_strategic_region/states/[],state,STATE_ANJODO,STATE_ANJODO
common/strategic_regions/traiah_continent_strategic_regions.txt,62,region_korean_peninsula_strategic_region/states/[],state,STATE_IHJODO,STATE_IHJODO
common/strategic_regions/traiah_continent_strategic_regions.txt,62,region_korean_peninsula_strategic_region/states/[],state,STATE_YIEODO,STATE_YIEODO
