folder,direct_child_count,is_empty
common/history/production_methods,1,false
common/history/population,3,false
common/history/global,1,false
common/history/countries,3,false
common/history/conscription,1,false
common/history/characters,1,false
common/history/ai,2,false
common/history/states,0,true
common/history/pops,0,true
common/history/buildings,0,true
common/history/trade_routes,0,true
common/history/diplomatic_plays,0,true
common/history/interests,0,true
common/history/diplomacy,0,true
localization/korean/map,3,false
