source_file,source_line,object_type,name,entity,layer,declared_count,instance_count,raw_fields
gfx/map/map_object_data/env_effects.txt,1,object,env_geyser_large_obj,env_geyser_large,environmental_effects,0,0,"{""name"":""env_geyser_large_obj"",""clamp_to_water_level"":""no"",""render_under_water"":""yes"",""generated_content"":""no"",""layer"":""environmental_effects"",""entity"":""env_geyser_large"",""count"":0}"
gfx/map/map_object_data/env_effects.txt,10,object,env_geyser_medium_obj,env_geyser_medium,environmental_effects,0,0,"{""name"":""env_geyser_medium_obj"",""clamp_to_water_level"":""no"",""render_under_water"":""yes"",""generated_content"":""no"",""layer"":""environmental_effects"",""entity"":""env_geyser_medium"",""count"":0}"
gfx/map/map_object_data/env_effects.txt,19,object,env_geyser_small_obj,env_geyser_small,environmental_effects,0,0,"{""name"":""env_geyser_small_obj"",""clamp_to_water_level"":""no"",""render_under_water"":""yes"",""generated_content"":""no"",""layer"":""environmental_effects"",""entity"":""env_geyser_small"",""count"":0}"
gfx/map/map_object_data/env_effects.txt,28,object,env_godrays,env_god_rays,environmental_effects,0,0,"{""name"":""env_godrays"",""clamp_to_water_level"":""no"",""render_under_water"":""no"",""generated_content"":""no"",""layer"":""environmental_effects"",""entity"":""env_god_rays"",""count"":0}"
gfx/map/map_object_data/env_effects.txt,37,object,env_jungle_mist_l,env_jungle_mist_l,environmental_effects,0,0,"{""name"":""env_jungle_mist_l"",""clamp_to_water_level"":""no"",""render_under_water"":""no"",""generated_content"":""no"",""layer"":""environmental_effects"",""entity"":""env_jungle_mist_l"",""count"":0}"
gfx/map/map_object_data/env_effects.txt,46,object,env_jungle_mist_s,env_jungle_mist_s,environmental_effects,0,0,"{""name"":""env_jungle_mist_s"",""clamp_to_water_level"":""no"",""render_under_water"":""no"",""generated_content"":""no"",""layer"":""environmental_effects"",""entity"":""env_jungle_mist_s"",""count"":0}"
gfx/map/map_object_data/env_effects.txt,55,object,env_rolling_clouds,env_mist,environmental_effects,0,0,"{""name"":""env_rolling_clouds"",""clamp_to_water_level"":""yes"",""render_under_water"":""no"",""generated_content"":""no"",""layer"":""environmental_effects"",""entity"":""env_mist"",""count"":0}"
gfx/map/map_object_data/env_effects.txt,64,object,env_rolling_fog_mountain,env_rolling_fog_mountain,environmental_effects,0,0,"{""name"":""env_rolling_fog_mountain"",""clamp_to_water_level"":""no"",""render_under_water"":""no"",""generated_content"":""no"",""layer"":""environmental_effects"",""entity"":""env_rolling_fog_mountain"",""count"":0}"
gfx/map/map_object_data/env_effects.txt,73,object,env_rough_water,env_rough_water,environmental_effects,0,0,"{""name"":""env_rough_water"",""clamp_to_water_level"":""yes"",""render_under_water"":""yes"",""generated_content"":""no"",""layer"":""environmental_effects"",""entity"":""env_rough_water"",""count"":0}"
gfx/map/map_object_data/env_effects.txt,82,object,env_sandstorm_obj,env_sandstorm,environmental_effects,0,0,"{""name"":""env_sandstorm_obj"",""clamp_to_water_level"":""no"",""render_under_water"":""no"",""generated_content"":""no"",""layer"":""environmental_effects"",""entity"":""env_sandstorm"",""count"":0}"
gfx/map/map_object_data/env_effects.txt,91,object,env_sandstorm_small,env_sandstorm_small,environmental_effects,0,0,"{""name"":""env_sandstorm_small"",""clamp_to_water_level"":""no"",""render_under_water"":""no"",""generated_content"":""no"",""layer"":""environmental_effects"",""entity"":""env_sandstorm_small"",""count"":0}"
gfx/map/map_object_data/env_effects.txt,100,object,env_snow_01_obj,env_snow_01,environmental_effects,0,0,"{""name"":""env_snow_01_obj"",""clamp_to_water_level"":""no"",""render_under_water"":""yes"",""generated_content"":""no"",""layer"":""environmental_effects"",""entity"":""env_snow_01"",""count"":0}"
gfx/map/map_object_data/env_effects.txt,109,object,env_snow_02_obj,env_snow_02,environmental_effects,0,0,"{""name"":""env_snow_02_obj"",""clamp_to_water_level"":""no"",""render_under_water"":""yes"",""generated_content"":""no"",""layer"":""environmental_effects"",""entity"":""env_snow_02"",""count"":0}"
gfx/map/map_object_data/env_effects.txt,118,object,env_snow_fall,env_snow_fall,environmental_effects,0,0,"{""name"":""env_snow_fall"",""clamp_to_water_level"":""no"",""render_under_water"":""no"",""generated_content"":""no"",""layer"":""environmental_effects"",""entity"":""env_snow_fall"",""count"":0}"
gfx/map/map_object_data/env_effects.txt,127,object,env_snow_fall_small,env_snow_fall_small,environmental_effects,0,0,"{""name"":""env_snow_fall_small"",""clamp_to_water_level"":""no"",""render_under_water"":""no"",""generated_content"":""no"",""layer"":""environmental_effects"",""entity"":""env_snow_fall_small"",""count"":0}"
gfx/map/map_object_data/env_effects.txt,136,object,env_swamp_fog,env_swamp_fog,environmental_effects,0,0,"{""name"":""env_swamp_fog"",""clamp_to_water_level"":""no"",""render_under_water"":""no"",""generated_content"":""no"",""layer"":""environmental_effects"",""entity"":""env_swamp_fog"",""count"":0}"
gfx/map/map_object_data/env_effects.txt,145,object,env_tropical_rain,env_tropical_rain_entity,environmental_effects,0,0,"{""name"":""env_tropical_rain"",""clamp_to_water_level"":""no"",""render_under_water"":""no"",""generated_content"":""no"",""layer"":""environmental_effects"",""entity"":""env_tropical_rain_entity"",""count"":0}"
gfx/map/map_object_data/env_effects.txt,154,object,env_tropical_rain_dense,env_tropical_rain_dense_entity,environmental_effects,0,0,"{""name"":""env_tropical_rain_dense"",""clamp_to_water_level"":""no"",""render_under_water"":""no"",""generated_content"":""no"",""layer"":""environmental_effects"",""entity"":""env_tropical_rain_dense_entity"",""count"":0}"
gfx/map/map_object_data/env_effects.txt,163,object,env_volcano_idle_obj,env_volcano_idle,environmental_effects,0,0,"{""name"":""env_volcano_idle_obj"",""clamp_to_water_level"":""no"",""render_under_water"":""no"",""generated_content"":""no"",""layer"":""environmental_effects"",""entity"":""env_volcano_idle"",""count"":0}"
gfx/map/map_object_data/env_effects.txt,172,object,env_waterfall_bottom,env_waterfall_02,environmental_effects,0,0,"{""name"":""env_waterfall_bottom"",""clamp_to_water_level"":""no"",""render_under_water"":""yes"",""generated_content"":""no"",""layer"":""environmental_effects"",""entity"":""env_waterfall_02"",""count"":0}"
gfx/map/map_object_data/env_effects.txt,181,object,env_waterfall_top,env_waterfall_01,environmental_effects,0,0,"{""name"":""env_waterfall_top"",""clamp_to_water_level"":""no"",""render_under_water"":""yes"",""generated_content"":""no"",""layer"":""environmental_effects"",""entity"":""env_waterfall_01"",""count"":0}"
gfx/map/map_object_data/env_effects.txt,190,object,rock_granite_river_01_entity,rock_granite_river_01_entity,environmental_effects,0,0,"{""name"":""rock_granite_river_01_entity"",""clamp_to_water_level"":""no"",""render_under_water"":""yes"",""generated_content"":""no"",""layer"":""environmental_effects"",""entity"":""rock_granite_river_01_entity"",""count"":0}"
gfx/map/map_object_data/env_effects.txt,199,object,sfx_rain_emitter,vfx_rain_emitter,environmental_effects,0,0,"{""name"":""sfx_rain_emitter"",""clamp_to_water_level"":""no"",""render_under_water"":""no"",""generated_content"":""no"",""layer"":""environmental_effects"",""entity"":""vfx_rain_emitter"",""count"":0}"
gfx/map/map_object_data/env_effects.txt,208,object,sfx_sandstorm_emitter,vfx_sandstorm_emitter,environmental_effects,0,0,"{""name"":""sfx_sandstorm_emitter"",""clamp_to_water_level"":""no"",""render_under_water"":""no"",""generated_content"":""no"",""layer"":""environmental_effects"",""entity"":""vfx_sandstorm_emitter"",""count"":0}"
gfx/map/map_object_data/env_effects.txt,217,object,sfx_snowstorm_emitter,vfx_snowstorm_emitter,environmental_effects,0,0,"{""name"":""sfx_snowstorm_emitter"",""clamp_to_water_level"":""no"",""render_under_water"":""no"",""generated_content"":""no"",""layer"":""environmental_effects"",""entity"":""vfx_snowstorm_emitter"",""count"":0}"
gfx/map/map_object_data/generated_map_object_locators_city.txt,1,game_object_locator,city,,locators,,1,"{""name"":""city"",""clamp_to_water_level"":""no"",""render_under_water"":""no"",""generated_content"":""no"",""layer"":""locators"",""instances"":[{""assignments"":[{""key"":""id"",""operator"":""="",""value"":1,""line"":9},{""key"":""position"",""operator"":""="",""value"":[6902.0,0.0,1835.0],""line"":10},{""key"":""rotation"",""operator"":""="",""value"":[-0.0,-0.26598,-0.0,-0.963979],""line"":11},{""key"":""scale"",""operator"":""="",""value"":[1.0,1.0,1.0],""line"":12}]}]}"
gfx/map/map_object_data/generated_map_object_locators_farm.txt,1,game_object_locator,farm,,locators,,1,"{""name"":""farm"",""clamp_to_water_level"":""no"",""render_under_water"":""no"",""generated_content"":""no"",""layer"":""locators"",""instances"":[{""assignments"":[{""key"":""id"",""operator"":""="",""value"":1,""line"":9},{""key"":""position"",""operator"":""="",""value"":[6914.97998,0.0,1848.182251],""line"":10},{""key"":""rotation"",""operator"":""="",""value"":[-0.0,-0.26598,-0.0,-0.963979],""line"":11},{""key"":""scale"",""operator"":""="",""value"":[1.0,1.0,1.0],""line"":12}]}]}"
gfx/map/map_object_data/generated_map_object_locators_mine.txt,1,game_object_locator,mine,,locators,,1,"{""name"":""mine"",""clamp_to_water_level"":""no"",""render_under_water"":""no"",""generated_content"":""no"",""layer"":""locators"",""instances"":[{""assignments"":[{""key"":""id"",""operator"":""="",""value"":1,""line"":9},{""key"":""position"",""operator"":""="",""value"":[6911.0,0.0,1862.0],""line"":10},{""key"":""rotation"",""operator"":""="",""value"":[-0.0,-0.26598,-0.0,-0.963979],""line"":11},{""key"":""scale"",""operator"":""="",""value"":[1.0,1.0,1.0],""line"":12}]}]}"
gfx/map/map_object_data/generated_map_object_locators_port.txt,1,game_object_locator,port,,locators,,1,"{""name"":""port"",""clamp_to_water_level"":""no"",""render_under_water"":""no"",""generated_content"":""no"",""layer"":""locators"",""instances"":[{""assignments"":[{""key"":""id"",""operator"":""="",""value"":2,""line"":9},{""key"":""position"",""operator"":""="",""value"":[4357.0,0.0,1523.0],""line"":10},{""key"":""rotation"",""operator"":""="",""value"":[0.0,0.707107,0.0,0.707107],""line"":11},{""key"":""scale"",""operator"":""="",""value"":[1.0,1.0,1.0],""line"":12}]}]}"
gfx/map/map_object_data/generated_map_object_locators_wood.txt,1,game_object_locator,wood,,locators,,1,"{""name"":""wood"",""clamp_to_water_level"":""no"",""render_under_water"":""no"",""generated_content"":""no"",""layer"":""locators"",""instances"":[{""assignments"":[{""key"":""id"",""operator"":""="",""value"":1,""line"":9},{""key"":""position"",""operator"":""="",""value"":[6883.0,0.0,1846.0],""line"":10},{""key"":""rotation"",""operator"":""="",""value"":[-0.0,-0.26598,-0.0,-0.963979],""line"":11},{""key"":""scale"",""operator"":""="",""value"":[1.0,1.0,1.0],""line"":12}]}]}"
gfx/map/map_object_data/layers.txt,1,layer,cities,,,,0,"{""name"":""cities"",""fade_in"":0,""fade_out"":10,""category"":"""",""masks"":"""",""visibility_tags"":""""}"
gfx/map/map_object_data/layers.txt,9,layer,environmental_effects,,,,0,"{""name"":""environmental_effects"",""fade_in"":0,""fade_out"":10,""category"":"""",""masks"":"""",""visibility_tags"":""""}"
gfx/map/map_object_data/layers.txt,17,layer,farms_dynamic,,,,0,"{""name"":""farms_dynamic"",""fade_in"":0,""fade_out"":6,""category"":"""",""masks"":"""",""visibility_tags"":""""}"
gfx/map/map_object_data/layers.txt,25,layer,forestry_dynamic,,,,0,"{""name"":""forestry_dynamic"",""fade_in"":0,""fade_out"":6,""category"":"""",""masks"":"""",""visibility_tags"":""""}"
gfx/map/map_object_data/layers.txt,33,layer,locators,,,,0,"{""name"":""locators"",""fade_in"":0,""fade_out"":10,""category"":"""",""masks"":"""",""visibility_tags"":""""}"
gfx/map/map_object_data/layers.txt,41,layer,massive_environment,,,,0,"{""name"":""massive_environment"",""fade_in"":0,""fade_out"":10,""category"":"""",""masks"":"""",""visibility_tags"":""""}"
gfx/map/map_object_data/layers.txt,49,layer,mines_dynamic,,,,0,"{""name"":""mines_dynamic"",""fade_in"":0,""fade_out"":6,""category"":"""",""masks"":"""",""visibility_tags"":""""}"
gfx/map/map_object_data/layers.txt,57,layer,mockup,,,,0,"{""name"":""mockup"",""fade_in"":0,""fade_out"":6,""category"":"""",""masks"":"""",""visibility_tags"":""""}"
gfx/map/map_object_data/layers.txt,65,layer,nondynamic,,,,0,"{""name"":""nondynamic"",""fade_in"":0,""fade_out"":6,""category"":"""",""masks"":"""",""visibility_tags"":""""}"
gfx/map/map_object_data/layers.txt,73,layer,objects architectural,,,,0,"{""name"":""objects architectural"",""fade_in"":0,""fade_out"":6,""category"":"""",""masks"":"""",""visibility_tags"":""""}"
gfx/map/map_object_data/layers.txt,81,layer,papermap_layer,,,,0,"{""name"":""papermap_layer"",""fade_in"":10,""fade_out"":20,""category"":"""",""masks"":"""",""visibility_tags"":""""}"
gfx/map/map_object_data/layers.txt,89,layer,ports,,,,0,"{""name"":""ports"",""fade_in"":0,""fade_out"":6,""category"":"""",""masks"":"""",""visibility_tags"":""""}"
gfx/map/map_object_data/layers.txt,97,layer,semidynamic,,,,0,"{""name"":""semidynamic"",""fade_in"":0,""fade_out"":10,""category"":"""",""masks"":""low|medium|high"",""visibility_tags"":""""}"
gfx/map/map_object_data/layers.txt,105,layer,semidynamic_high,,,,0,"{""name"":""semidynamic_high"",""fade_in"":0,""fade_out"":10,""category"":"""",""masks"":""high"",""visibility_tags"":""""}"
gfx/map/map_object_data/layers.txt,113,layer,semidynamic_medium,,,,0,"{""name"":""semidynamic_medium"",""fade_in"":0,""fade_out"":10,""category"":"""",""masks"":""medium|high"",""visibility_tags"":""""}"
gfx/map/map_object_data/layers.txt,121,layer,static,,,,0,"{""name"":""static"",""fade_in"":0,""fade_out"":10,""category"":"""",""masks"":"""",""visibility_tags"":""""}"
gfx/map/map_object_data/layers.txt,129,layer,temp_layer,,,,0,"{""name"":""temp_layer"",""fade_in"":0,""fade_out"":10,""category"":"""",""masks"":"""",""visibility_tags"":""""}"
gfx/map/map_object_data/papermap_items.txt,1,object,bottom_extension,,papermap_layer,1,0,"{""name"":""bottom_extension"",""clamp_to_water_level"":""no"",""render_under_water"":""no"",""generated_content"":""no"",""layer"":""papermap_layer"",""pdxmesh"":""bottom_extension_mesh"",""count"":1,""transform"":""4096.000000 1.000000 -69.000000 -0.000000 -0.000000 -0.000000 0.000000 20.000000 20.000000 20.000000\n""}"
gfx/map/map_object_data/papermap_items.txt,11,object,edgeofworld_papermap,,papermap_layer,2,0,"{""name"":""edgeofworld_papermap"",""clamp_to_water_level"":""no"",""render_under_water"":""no"",""generated_content"":""no"",""layer"":""papermap_layer"",""pdxmesh"":""edgeofworld_papermap_mesh"",""count"":2,""transform"":""4096.000000 -150.000000 11480.000000 0.000000 0.000000 0.000000 1.000000 10.000000 10.000000 10.000000\n4096.000000 -150.000000 -7800.000000 0.000000 0.000000 0.000000 1.000000 10.000000 10.000000 10.000000\n""}"
gfx/map/map_object_data/papermap_items.txt,22,object,horizontal_lines,,papermap_layer,9,0,"{""name"":""horizontal_lines"",""clamp_to_water_level"":""no"",""render_under_water"":""no"",""generated_content"":""no"",""layer"":""papermap_layer"",""pdxmesh"":""line_horizontal_mesh"",""count"":9,""transform"":""4096.000000 0.000000 3755.000000 -0.000000 -0.000000 -0.000000 0.000000 10.000000 10.000000 30.000000\n4096.000000 0.000000 3614.000000 -0.000000 -0.000000 -0.000000 0.000000 10.000000 10.000000 30.000000\n4096.000000 0.000000 3077.250000 -0.000000 -0.000000 -0.000000 0.000000 10.000000 10.000000 10.000000\n4096.000000 0.000000 2560.500000 -0.000000 -0.000000 -0.000000 0.000000 10.000000 10.000000 10.000000\n4096.000000 0.000000 2042.750000 -0.000000 -0.000000 -0.000000 0.000000 10.000000 10.000000 10.000000\n4096.000000 0.000000 1010.250000 -0.000000 -0.000000 -0.000000 0.000000 10.000000 10.000000 10.000000\n4096.000000 0.000000 493.500000 -0.000000 -0.000000 -0.000000 0.000000 10.000000 10.000000 10.000000\n4096.000000 0.000000 0.000000 -0.000000 -0.000000 -0.000000 0.000000 10.000000 10.000000 30.000000\n4096.000000 0.000000 -138.000000 -0.000000 -0.000000 -0.000000 0.000000 10.000000 10.000000 30.000000\n""}"
gfx/map/map_object_data/papermap_items.txt,40,object,line_equator,,papermap_layer,1,0,"{""name"":""line_equator"",""clamp_to_water_level"":""no"",""render_under_water"":""no"",""generated_content"":""no"",""layer"":""papermap_layer"",""pdxmesh"":""line_equator_mesh"",""count"":1,""transform"":""4096.000000 1.000000 1514.000000 0.000000 0.000000 0.000000 0.000000 1.000000 1.000000 1.000000\n""}"
gfx/map/map_object_data/papermap_items.txt,50,object,paper_map_cigarbox_01,,papermap_layer,1,0,"{""name"":""paper_map_cigarbox_01"",""clamp_to_water_level"":""no"",""render_under_water"":""no"",""generated_content"":""no"",""layer"":""papermap_layer"",""pdxmesh"":""paper_map_cigarbox_01_mesh"",""count"":1,""transform"":""1024.000000 75.000000 -1100.000000 -0.000000 -0.000000 -0.000000 0.000000 100.000000 100.000000 100.000000\n""}"
gfx/map/map_object_data/papermap_items.txt,60,object,paper_map_inkspots_01,,papermap_layer,1,0,"{""name"":""paper_map_inkspots_01"",""clamp_to_water_level"":""no"",""render_under_water"":""no"",""generated_content"":""no"",""layer"":""papermap_layer"",""pdxmesh"":""paper_map_inkspots_01_mesh"",""count"":1,""transform"":""2600.000000 75.000000 -800.000000 -0.000000 -0.000000 -0.000000 0.000000 100.000000 100.000000 100.000000\n""}"
gfx/map/map_object_data/papermap_items.txt,70,object,paper_map_inkspots_02,,papermap_layer,1,0,"{""name"":""paper_map_inkspots_02"",""clamp_to_water_level"":""no"",""render_under_water"":""no"",""generated_content"":""no"",""layer"":""papermap_layer"",""pdxmesh"":""paper_map_inkspots_01_mesh"",""count"":1,""transform"":""5500.000000 75.000000 -900.000000 -0.000000 -90.000000 -0.000000 0.000000 100.000000 100.000000 100.000000\n""}"
gfx/map/map_object_data/papermap_items.txt,80,object,paper_map_object_compass,,papermap_layer,1,0,"{""name"":""paper_map_object_compass"",""clamp_to_water_level"":""no"",""render_under_water"":""no"",""generated_content"":""no"",""layer"":""papermap_layer"",""pdxmesh"":""paper_map_object_compass_mesh"",""count"":1,""transform"":""2500.000000 60.000000 4600.000000 -0.000000 -0.000000 -0.000000 0.000000 120.000000 120.000000 120.000000\n""}"
gfx/map/map_object_data/papermap_items.txt,90,object,paper_map_object_divider,,papermap_layer,1,0,"{""name"":""paper_map_object_divider"",""clamp_to_water_level"":""no"",""render_under_water"":""no"",""generated_content"":""no"",""layer"":""papermap_layer"",""pdxmesh"":""paper_map_object_divider_mesh"",""count"":1,""transform"":""5200.000000 60.000000 4739.000000 -0.000000 -0.000000 -0.000000 0.000000 120.000000 120.000000 120.000000\n""}"
gfx/map/map_object_data/papermap_items.txt,100,object,paper_map_object_fountain_pen,,papermap_layer,1,0,"{""name"":""paper_map_object_fountain_pen"",""clamp_to_water_level"":""no"",""render_under_water"":""no"",""generated_content"":""no"",""layer"":""papermap_layer"",""pdxmesh"":""paper_map_object_fountain_pen_mesh"",""count"":1,""transform"":""5500.000000 120.000000 -850.000000 -0.000000 0.000000 -0.000000 0.000000 120.000000 120.000000 120.000000\n""}"
gfx/map/map_object_data/papermap_items.txt,110,object,paper_map_sealed_stamp_letter_01,,papermap_layer,1,0,"{""name"":""paper_map_sealed_stamp_letter_01"",""clamp_to_water_level"":""no"",""render_under_water"":""no"",""generated_content"":""no"",""layer"":""papermap_layer"",""pdxmesh"":""paper_map_sealed_stamp_letter_01_mesh"",""count"":1,""transform"":""4096.000000 75.000000 -1100.000000 -0.000000 -0.000000 -0.000000 0.000000 100.000000 100.000000 100.000000\n""}"
gfx/map/map_object_data/papermap_items.txt,120,object,paper_map_table_bottom,,papermap_layer,1,0,"{""name"":""paper_map_table_bottom"",""clamp_to_water_level"":""no"",""render_under_water"":""no"",""generated_content"":""no"",""layer"":""papermap_layer"",""pdxmesh"":""paper_map_table_bottom_mesh"",""count"":1,""transform"":""4096.000000 1.000000 -139.000000 -0.000000 -0.000000 -0.000000 0.000000 20.000000 20.000000 20.000000\n""}"
gfx/map/map_object_data/papermap_items.txt,130,object,paper_map_table_top,,papermap_layer,1,0,"{""name"":""paper_map_table_top"",""clamp_to_water_level"":""no"",""render_under_water"":""no"",""generated_content"":""no"",""layer"":""papermap_layer"",""pdxmesh"":""paper_map_table_top_mesh"",""count"":1,""transform"":""4096.000000 1.000000 3754.000000 -0.000000 -0.000000 -0.000000 0.000000 20.000000 20.000000 20.000000\n""}"
gfx/map/map_object_data/papermap_items.txt,140,object,papermap_endofworld,,static,4,0,"{""name"":""papermap_endofworld"",""clamp_to_water_level"":""no"",""render_under_water"":""no"",""generated_content"":""no"",""layer"":""static"",""pdxmesh"":""edgeofworld_mesh"",""count"":4,""transform"":""4002.761230 1.000000 8674.119141 0.000000 0.000000 0.000000 0.000000 10.000000 10.000000 10.000000\n3974.397705 1.000000 8695.252930 0.000000 0.000000 0.000000 0.000000 10.000000 10.000000 10.000000\n3981.868896 1.000000 8695.639648 0.000000 0.000000 0.000000 0.000000 10.000000 10.000000 10.000000\n4096.000000 1.000000 -5202.000000 -0.000000 -0.000000 -0.000000 0.000000 10.000000 10.000000 10.000000\n""}"
gfx/map/map_object_data/papermap_items.txt,153,object,top_extension,,papermap_layer,0,0,"{""name"":""top_extension"",""clamp_to_water_level"":""no"",""render_under_water"":""no"",""generated_content"":""no"",""layer"":""papermap_layer"",""pdxmesh"":""top_extension_mesh"",""count"":0}"
gfx/map/map_object_data/papermap_items.txt,162,object,vertical_lines,,papermap_layer,24,0,"{""name"":""vertical_lines"",""clamp_to_water_level"":""no"",""render_under_water"":""no"",""generated_content"":""no"",""layer"":""papermap_layer"",""pdxmesh"":""line_vertical_mesh"",""count"":24,""transform"":""0.000000 1.000000 1807.500000 -0.000000 -0.000000 -0.000000 0.000000 10.000000 10.000000 9.500000\n341.000000 1.000000 1807.500000 -0.000000 -0.000000 -0.000000 0.000000 10.000000 10.000000 9.500000\n682.000000 1.000000 1807.500000 -0.000000 -0.000000 -0.000000 0.000000 10.000000 10.000000 9.500000\n1024.000000 1.000000 1807.500000 -0.000000 -0.000000 -0.000000 0.000000 10.000000 10.000000 9.555000\n1365.000000 1.000000 1807.500000 -0.000000 -0.000000 -0.000000 0.000000 10.000000 10.000000 9.555000\n1706.000000 1.000000 1807.500000 -0.000000 -0.000000 -0.000000 0.000000 10.000000 10.000000 9.555000\n2048.000000 1.000000 1807.500000 -0.000000 -0.000000 -0.000000 0.000000 10.000000 10.000000 9.555000\n2389.000000 1.000000 1807.500000 -0.000000 -0.000000 -0.000000 0.000000 10.000000 10.000000 9.555000\n2730.000000 1.000000 1807.500000 -0.000000 -0.000000 -0.000000 0.000000 10.000000 10.000000 9.555000\n3072.000000 1.000000 1807.500000 -0.000000 -0.000000 -0.000000 0.000000 10.000000 10.000000 9.555000\n3413.000000 1.000000 1807.500000 -0.000000 -0.000000 -0.000000 0.000000 10.000000 10.000000 9.555000\n3754.000000 1.000000 1807.500000 -0.000000 -0.000000 -0.000000 0.000000 10.000000 10.000000 9.555000\n4096.000000 1.000000 1807.500000 -0.000000 -0.000000 -0.000000 0.000000 10.000000 10.000000 9.555000\n4437.000000 1.000000 1807.500000 -0.000000 -0.000000 -0.000000 0.000000 10.000000 10.000000 9.555000\n4778.000000 1.000000 1807.500000 -0.000000 -0.000000 -0.000000 0.000000 10.000000 10.000000 9.555000\n5120.000000 1.000000 1807.500000 -0.000000 -0.000000 -0.000000 0.000000 10.000000 10.000000 9.555000\n5461.000000 1.000000 1807.500000 -0.000000 -0.000000 -0.000000 0.000000 10.000000 10.000000 9.555000\n5802.000000 1.000000 1807.500000 -0.000000 -0.000000 -0.000000 0.000000 10.000000 10.000000 9.555000\n6144.000000 1.000000 1807.500000 -0.000000 -0.000000 -0.000000 0.000000 10.000000 10.000000 9.555000\n6485.000000 1.000000 1807.500000 -0.000000 -0.000000 -0.000000 0.000000 10.000000 10.000000 9.555000\n6826.000000 1.000000 1807.500000 -0.000000 -0.000000 -0.000000 0.000000 10.000000 10.000000 9.555000\n7168.000000 1.000000 1807.500000 -0.000000 -0.000000 -0.000000 0.000000 10.000000 10.000000 9.555000\n7509.000000 1.000000 1807.500000 -0.000000 -0.000000 -0.000000 0.000000 10.000000 10.000000 9.555000\n7850.000000 1.000000 1807.500000 -0.000000 -0.000000 -0.000000 0.000000 10.000000 10.000000 9.555000\n""}"
gfx/map/map_object_data/static.txt,1,object,african_lighthouse_01,african_lighthouse_01_entity,static,0,0,"{""name"":""african_lighthouse_01"",""clamp_to_water_level"":""no"",""render_under_water"":""no"",""generated_content"":""no"",""layer"":""static"",""entity"":""african_lighthouse_01_entity"",""count"":0}"
gfx/map/map_object_data/static.txt,10,object,arabic_lighthouse_01,arabic_lighthouse_01_entity,static,0,0,"{""name"":""arabic_lighthouse_01"",""clamp_to_water_level"":""no"",""render_under_water"":""no"",""generated_content"":""no"",""layer"":""static"",""entity"":""arabic_lighthouse_01_entity"",""count"":0}"
gfx/map/map_object_data/static.txt,19,object,asian_lighthouse_01,asian_lighthouse_01_entity,static,0,0,"{""name"":""asian_lighthouse_01"",""clamp_to_water_level"":""no"",""render_under_water"":""no"",""generated_content"":""no"",""layer"":""static"",""entity"":""asian_lighthouse_01_entity"",""count"":0}"
gfx/map/map_object_data/static.txt,28,object,bird_duck_01,duck_01_frame_entity,environmental_effects,0,0,"{""name"":""bird_duck_01"",""clamp_to_water_level"":""yes"",""render_under_water"":""no"",""generated_content"":""no"",""layer"":""environmental_effects"",""entity"":""duck_01_frame_entity"",""count"":0}"
gfx/map/map_object_data/static.txt,37,object,bird_eagle_01,eagle_01_frame_entity,environmental_effects,0,0,"{""name"":""bird_eagle_01"",""clamp_to_water_level"":""yes"",""render_under_water"":""no"",""generated_content"":""no"",""layer"":""environmental_effects"",""entity"":""eagle_01_frame_entity"",""count"":0}"
gfx/map/map_object_data/static.txt,46,object,bird_vulture_01,vulture_01_frame_entity,environmental_effects,0,0,"{""name"":""bird_vulture_01"",""clamp_to_water_level"":""yes"",""render_under_water"":""no"",""generated_content"":""no"",""layer"":""environmental_effects"",""entity"":""vulture_01_frame_entity"",""count"":0}"
gfx/map/map_object_data/static.txt,55,object,canyon_01,,massive_environment,0,0,"{""name"":""canyon_01"",""clamp_to_water_level"":""no"",""render_under_water"":""no"",""generated_content"":""no"",""layer"":""massive_environment"",""pdxmesh"":""cliff_canyon_01_mesh"",""count"":0}"
gfx/map/map_object_data/static.txt,64,object,canyon_02,,massive_environment,0,0,"{""name"":""canyon_02"",""clamp_to_water_level"":""no"",""render_under_water"":""no"",""generated_content"":""no"",""layer"":""massive_environment"",""pdxmesh"":""cliff_canyon_02_mesh"",""count"":0}"
gfx/map/map_object_data/static.txt,73,object,canyon_03,,massive_environment,0,0,"{""name"":""canyon_03"",""clamp_to_water_level"":""no"",""render_under_water"":""no"",""generated_content"":""no"",""layer"":""massive_environment"",""pdxmesh"":""cliff_canyon_03_mesh"",""count"":0}"
gfx/map/map_object_data/static.txt,82,object,canyon_04,,massive_environment,0,0,"{""name"":""canyon_04"",""clamp_to_water_level"":""no"",""render_under_water"":""no"",""generated_content"":""no"",""layer"":""massive_environment"",""pdxmesh"":""cliff_canyon_04_mesh"",""count"":0}"
gfx/map/map_object_data/static.txt,91,object,canyon_05,,massive_environment,0,0,"{""name"":""canyon_05"",""clamp_to_water_level"":""no"",""render_under_water"":""no"",""generated_content"":""no"",""layer"":""massive_environment"",""pdxmesh"":""cliff_canyon_05_mesh"",""count"":0}"
gfx/map/map_object_data/static.txt,100,object,canyon_06,,massive_environment,0,0,"{""name"":""canyon_06"",""clamp_to_water_level"":""no"",""render_under_water"":""no"",""generated_content"":""no"",""layer"":""massive_environment"",""pdxmesh"":""cliff_canyon_06_mesh"",""count"":0}"
gfx/map/map_object_data/static.txt,109,object,canyon_07,,massive_environment,0,0,"{""name"":""canyon_07"",""clamp_to_water_level"":""no"",""render_under_water"":""no"",""generated_content"":""no"",""layer"":""massive_environment"",""pdxmesh"":""cliff_canyon_07_mesh"",""count"":0}"
gfx/map/map_object_data/static.txt,118,object,canyon_08,,massive_environment,0,0,"{""name"":""canyon_08"",""clamp_to_water_level"":""no"",""render_under_water"":""no"",""generated_content"":""no"",""layer"":""massive_environment"",""pdxmesh"":""cliff_canyon_08_mesh"",""count"":0}"
gfx/map/map_object_data/static.txt,127,object,canyon_09,,massive_environment,0,0,"{""name"":""canyon_09"",""clamp_to_water_level"":""no"",""render_under_water"":""no"",""generated_content"":""no"",""layer"":""massive_environment"",""pdxmesh"":""cliff_canyon_09_mesh"",""count"":0}"
gfx/map/map_object_data/static.txt,136,object,canyon_10,,massive_environment,0,0,"{""name"":""canyon_10"",""clamp_to_water_level"":""no"",""render_under_water"":""no"",""generated_content"":""no"",""layer"":""massive_environment"",""pdxmesh"":""cliff_canyon_10_mesh"",""count"":0}"
gfx/map/map_object_data/static.txt,145,object,canyon_11,,massive_environment,0,0,"{""name"":""canyon_11"",""clamp_to_water_level"":""no"",""render_under_water"":""no"",""generated_content"":""no"",""layer"":""massive_environment"",""pdxmesh"":""cliff_canyon_11_mesh"",""count"":0}"
gfx/map/map_object_data/static.txt,154,object,canyon_12,,massive_environment,0,0,"{""name"":""canyon_12"",""clamp_to_water_level"":""no"",""render_under_water"":""no"",""generated_content"":""no"",""layer"":""massive_environment"",""pdxmesh"":""cliff_canyon_12_mesh"",""count"":0}"
gfx/map/map_object_data/static.txt,163,object,canyon_13,,massive_environment,0,0,"{""name"":""canyon_13"",""clamp_to_water_level"":""no"",""render_under_water"":""no"",""generated_content"":""no"",""layer"":""massive_environment"",""pdxmesh"":""cliff_canyon_13_mesh"",""count"":0}"
gfx/map/map_object_data/static.txt,172,object,canyon_14,,massive_environment,0,0,"{""name"":""canyon_14"",""clamp_to_water_level"":""no"",""render_under_water"":""yes"",""generated_content"":""no"",""layer"":""massive_environment"",""pdxmesh"":""cliff_canyon_14_mesh"",""count"":0}"
gfx/map/map_object_data/static.txt,181,object,canyon_15,,massive_environment,0,0,"{""name"":""canyon_15"",""clamp_to_water_level"":""no"",""render_under_water"":""no"",""generated_content"":""no"",""layer"":""massive_environment"",""pdxmesh"":""cliff_canyon_15_mesh"",""count"":0}"
gfx/map/map_object_data/static.txt,190,object,canyon_16,,massive_environment,0,0,"{""name"":""canyon_16"",""clamp_to_water_level"":""no"",""render_under_water"":""yes"",""generated_content"":""no"",""layer"":""massive_environment"",""pdxmesh"":""cliff_canyon_16_mesh"",""count"":0}"
gfx/map/map_object_data/static.txt,199,object,european_lighthouse_01,european_lighthouse_01_entity,static,0,0,"{""name"":""european_lighthouse_01"",""clamp_to_water_level"":""no"",""render_under_water"":""yes"",""generated_content"":""no"",""layer"":""static"",""entity"":""european_lighthouse_01_entity"",""count"":0}"
gfx/map/map_object_data/static.txt,208,object,latin_lighthouse_01,latin_lighthouse_01_entity,static,0,0,"{""name"":""latin_lighthouse_01"",""clamp_to_water_level"":""no"",""render_under_water"":""no"",""generated_content"":""no"",""layer"":""static"",""entity"":""latin_lighthouse_01_entity"",""count"":0}"
gfx/map/map_object_data/static.txt,217,object,rockformation_granite_03,,massive_environment,0,0,"{""name"":""rockformation_granite_03"",""clamp_to_water_level"":""no"",""render_under_water"":""yes"",""generated_content"":""no"",""layer"":""massive_environment"",""pdxmesh"":""rockformation_06_mesh"",""count"":0}"
gfx/map/map_object_data/static.txt,226,object,rockformation_granite_04,,massive_environment,0,0,"{""name"":""rockformation_granite_04"",""clamp_to_water_level"":""no"",""render_under_water"":""yes"",""generated_content"":""no"",""layer"":""massive_environment"",""pdxmesh"":""rockformation_07_mesh"",""count"":0}"
gfx/map/map_object_data/static.txt,235,object,rockformation_granite_05,,massive_environment,0,0,"{""name"":""rockformation_granite_05"",""clamp_to_water_level"":""no"",""render_under_water"":""yes"",""generated_content"":""no"",""layer"":""massive_environment"",""pdxmesh"":""rockformation_08_mesh"",""count"":0}"
gfx/map/map_object_data/static.txt,244,object,rockformation_granite_06,,massive_environment,0,0,"{""name"":""rockformation_granite_06"",""clamp_to_water_level"":""no"",""render_under_water"":""yes"",""generated_content"":""no"",""layer"":""massive_environment"",""pdxmesh"":""rockformation_09_mesh"",""count"":0}"
gfx/map/map_object_data/static.txt,253,object,rockformation_sandstone_01,,massive_environment,0,0,"{""name"":""rockformation_sandstone_01"",""clamp_to_water_level"":""no"",""render_under_water"":""yes"",""generated_content"":""no"",""layer"":""massive_environment"",""pdxmesh"":""rockformation_sandstone_01_mesh"",""count"":0}"
gfx/map/map_object_data/static.txt,262,object,rockformation_sandstone_03,,massive_environment,0,0,"{""name"":""rockformation_sandstone_03"",""clamp_to_water_level"":""no"",""render_under_water"":""yes"",""generated_content"":""no"",""layer"":""massive_environment"",""pdxmesh"":""rockformation_sandstone_03_mesh"",""count"":0}"
gfx/map/map_object_data/static.txt,271,object,rockformation_sandstone_06,,massive_environment,0,0,"{""name"":""rockformation_sandstone_06"",""clamp_to_water_level"":""no"",""render_under_water"":""yes"",""generated_content"":""no"",""layer"":""massive_environment"",""pdxmesh"":""rockformation_sandstone_06_mesh"",""count"":0}"
gfx/map/map_object_data/static.txt,280,object,rubber_lodge_01,,farms_dynamic,0,0,"{""name"":""rubber_lodge_01"",""clamp_to_water_level"":""yes"",""render_under_water"":""no"",""generated_content"":""no"",""layer"":""farms_dynamic"",""pdxmesh"":""rubber_lodge_01_mesh"",""count"":0}"
gfx/map/map_object_data/static.txt,289,object,seagull_01,seagull_port_entity,environmental_effects,0,0,"{""name"":""seagull_01"",""clamp_to_water_level"":""yes"",""render_under_water"":""no"",""generated_content"":""no"",""layer"":""environmental_effects"",""entity"":""seagull_port_entity"",""count"":0}"
gfx/map/map_object_data/static.txt,298,object,smoke_chimney_01,smoke_chimney_01,environmental_effects,0,0,"{""name"":""smoke_chimney_01"",""clamp_to_water_level"":""yes"",""render_under_water"":""no"",""generated_content"":""no"",""layer"":""environmental_effects"",""entity"":""smoke_chimney_01"",""count"":0}"
gfx/map/map_object_data/static.txt,307,object,whale_01,whale_entity,environmental_effects,0,0,"{""name"":""whale_01"",""clamp_to_water_level"":""yes"",""render_under_water"":""yes"",""generated_content"":""no"",""layer"":""environmental_effects"",""entity"":""whale_entity"",""count"":0}"
gfx/map/map_object_data/static.txt,316,object,whale_white_01,whale_white_entity,environmental_effects,0,0,"{""name"":""whale_white_01"",""clamp_to_water_level"":""yes"",""render_under_water"":""yes"",""generated_content"":""no"",""layer"":""environmental_effects"",""entity"":""whale_white_entity"",""count"":0}"
