source_file,top_level_entries,parser_issues,empty_or_comments_only
common/canals/00_canals.txt,0,0,true
common/country_creation/00_releasable_countries.txt,0,0,true
common/country_definitions/00_countries.txt,28,0,false
common/country_formation/00_formable_countries.txt,0,0,true
common/country_formation/00_major_formables.txt,0,0,true
common/cultures/00_cultures.txt,6,0,false
common/discrimination_traits/00_cultural_heritage.txt,1,0,false
common/discrimination_traits/01_religious_heritage.txt,0,0,true
common/discrimination_traits/02_cultural_descriptive.txt,0,0,true
common/discrimination_traits/03_culture_groups.txt,1,0,false
common/dynamic_country_map_colors/00_default.txt,0,0,true
common/dynamic_country_names/00_dynamic_country_names.txt,0,0,true
common/dynamic_country_names/_dynamic_country_names.info,1,0,false
common/history/ai/00_secret_goals.txt,1,0,false
common/history/ai/00_strategy.txt,0,0,true
common/history/characters/ELX - Elrixhiyuem.txt,1,0,false
common/history/conscription/00_conscription_center.txt,1,0,false
common/history/countries/ELX - Elrixhiyuem.txt,1,0,false
common/history/countries/IMS - Imshi.txt,1,0,false
common/history/countries/VBA - Vestia Babarian Ariel.txt,1,0,false
common/history/global/00_global.txt,1,0,false
common/history/population/ELX - Senaxh.txt,1,0,false
common/history/population/IMS - Imshi.txt,1,0,false
common/history/population/VBA - Vestia Babarian Ariel.txt,1,0,false
common/history/production_methods/00_urban_center.txt,0,0,true
common/religions/religion.txt,2,0,false
common/state_traits/00_ELX_state_traits.txt,9,0,false
common/strategic_regions/traiah_continent_strategic_regions.txt,13,4,false
common/strategic_regions/water_strategic_regions.txt,0,0,true
common/terrain/01_terrain.txt,25,0,false
gfx/map/map_object_data/american_unique_buildings.txt,0,0,true
gfx/map/map_object_data/env_effects.txt,25,0,false
gfx/map/map_object_data/generated_map_object_locators_city.txt,1,0,false
gfx/map/map_object_data/generated_map_object_locators_farm.txt,1,0,false
gfx/map/map_object_data/generated_map_object_locators_mine.txt,1,0,false
gfx/map/map_object_data/generated_map_object_locators_port.txt,1,0,false
gfx/map/map_object_data/generated_map_object_locators_wood.txt,1,0,false
gfx/map/map_object_data/lakes.txt,0,0,true
gfx/map/map_object_data/layers.txt,17,0,false
gfx/map/map_object_data/papermap_items.txt,16,0,false
gfx/map/map_object_data/sandstone_monument.txt,0,0,true
gfx/map/map_object_data/static.txt,36,0,false
gfx/map/map_object_data/unique_buildings.txt,0,0,true
gfx/map/map_object_data/wonder_great_wall_of_china.txt,0,0,true
map_data/default.map,7,0,false
map_data/heightmap.heightmap,8,0,false
map_data/province_terrains.txt,9,0,false
map_data/state_regions/00_middle_senaxh.txt,157,0,false
map_data/state_regions/01_east_north_senaxh.txt,83,0,false
map_data/state_regions/02_east_south_senaxh.txt,87,0,false
map_data/state_regions/03_south_senaxh.txt,43,0,false
map_data/state_regions/04_south_west_senaxh.txt,35,0,false
map_data/state_regions/05_north_west_senaxh.txt,71,0,false
map_data/state_regions/06_rwikelven.txt,24,0,false
map_data/state_regions/07_raionion_korea.txt,36,0,false
map_data/state_regions/08_raikan.txt,59,0,false
map_data/state_regions/09_hyaryet.txt,15,0,false
map_data/state_regions/10_rwiaxhe.txt,119,0,false
map_data/state_regions/11_ryuyen.txt,35,0,false
map_data/state_regions/12_siyraeion.txt,41,0,false
map_data/state_regions/13_kerwishien.txt,126,0,false
map_data/state_regions/14_xheian.txt,60,0,false
map_data/state_regions/15_yurhkviah.txt,57,0,false
map_data/state_regions/16_yuretrika.txt,86,0,false
map_data/state_regions/17_khhavith.txt,47,0,false
map_data/state_regions/18_kyairen.txt,26,0,false
map_data/state_regions/19_shyuroen.txt,58,0,false
map_data/state_regions/20_karyuenderh.txt,103,0,false
map_data/state_regions/21_xhiryuenderh.txt,137,0,false
map_data/state_regions/22_yuriteixhen.txt,175,0,false
map_data/state_regions/23_skainien.txt,95,0,false
map_data/state_regions/24_dhrufherth.txt,69,0,false
map_data/state_regions/25_grapurth.txt,39,0,false
map_data/state_regions/26_grangblruts.txt,7,0,false
map_data/state_regions/27_south_pole_island_chains.txt,12,0,false
map_data/state_regions/99_seas.txt,52,0,false
tools/mapeditor/map_editor_status.txt,4,0,false
