source_file,drive_file_id,drive_url,mime_type,drive_size_bytes,modified_time,downloaded,local_size_bytes,sha256,exclusion_reason
map_data/provinces.png,14PcGKWzMpzEtvlfTrgpaEQ2xlUSMM8bs,https://drive.google.com/file/d/14PcGKWzMpzEtvlfTrgpaEQ2xlUSMM8bs/view?usp=drivesdk,image/png,3647451,2024-05-23T17:01:25.050Z,true,3647451,1cb1b8fd506aabe1bdd55652ff80950978dcb3effd34ae70616ff456eb5df7c4,
map_data/rivers.png,1g4YcBiwvLP1Wq_so0ffTaE4qctOoyCUi,https://drive.google.com/file/d/1g4YcBiwvLP1Wq_so0ffTaE4qctOoyCUi/view?usp=drivesdk,image/png,388722,2024-02-12T20:23:14.282Z,true,388722,bc8766e809350c67378c670905910bf56357503c9ba1951fa81c6a97e53e1b2d,
map_data/province_terrains.txt,1wcEmonWNclsl_T2iTK01xJBhXRqRJpJF,https://drive.google.com/file/d/1wcEmonWNclsl_T2iTK01xJBhXRqRJpJF/view?usp=drivesdk,text/plain,307,2024-01-29T20:18:35.466Z,true,307,f177af03edce456c4065b611a1bf030b6b830bb50fb7a12eb1a342f49945779e,
map_data/heightmap.png,1K065qkjmBSEIrHjoZfq6ZSAPuLtGn46x,https://drive.google.com/file/d/1K065qkjmBSEIrHjoZfq6ZSAPuLtGn46x/view?usp=drivesdk,image/png,9250997,2024-01-19T05:35:05.772Z,true,9250997,de993881b4cdecf8eef8016155bb91934101a9b8aedbc7aecf949fb951e11b76,
map_data/packed_heightmap.png,12eXCcJVkjZ3Jxuuib3Ov8lu5imMZKoeD,https://drive.google.com/file/d/12eXCcJVkjZ3Jxuuib3Ov8lu5imMZKoeD/view?usp=drivesdk,image/png,8549710,2024-01-19T05:35:05.480Z,false,,,compiled or derived map cache; no decoded geography added
map_data/nodes.dat,12CI-qhaSoQm6NFO8uUwjCId7ryuciMdW,https://drive.google.com/file/d/12CI-qhaSoQm6NFO8uUwjCId7ryuciMdW/view?usp=drivesdk,application/octet-stream,11184800,2024-01-19T05:35:05.077Z,false,,,compiled or derived map cache; no decoded geography added
map_data/heightmap.heightmap,1N_j-NGNyPmB75LpJ0OxO9Wzt7dH2x3vP,https://drive.google.com/file/d/1N_j-NGNyPmB75LpJ0OxO9Wzt7dH2x3vP/view?usp=drivesdk,application/octet-stream,297,2024-01-19T05:35:04.669Z,true,297,83dc7584917fe21d3f04ab1662839b20110b71f4298a2d121ea4867316a13184,
map_data/indirection_heightmap.png,15wzV-kbr_f2q-vbi-Mrf5SqNuEVry74s,https://drive.google.com/file/d/15wzV-kbr_f2q-vbi-Mrf5SqNuEVry74s/view?usp=drivesdk,image/png,3765,2024-01-19T05:35:04.669Z,false,,,compiled or derived map cache; no decoded geography added
map_data/default.map,1kJOB2ZZINySgJWO_kNSgL7OcmgEoNFRP,https://drive.google.com/file/d/1kJOB2ZZINySgJWO_kNSgL7OcmgEoNFRP/view?usp=drivesdk,application/octet-stream,1060,2024-01-11T12:40:37.046Z,true,1060,9cafc5db99414314b6d211280f70b53075500dffbb0d72bb63ef322146e4875d,
map_data/adjacencies.csv,1ufZb3KqUptruUm5hKZA42Lt_jhyq4hsd,https://drive.google.com/file/d/1ufZb3KqUptruUm5hKZA42Lt_jhyq4hsd/view?usp=drivesdk,text/csv,78,2023-03-05T10:46:10.826Z,true,78,bcc51582f1c96ee1a0ec7bc2e7ddec318c0a935b881738d5f8e4f2b1536b142a,
common/terrain/01_terrain.txt,16x14AJdSI4aaIEXXL3XXel5uXqjA2Nbe,https://drive.google.com/file/d/16x14AJdSI4aaIEXXL3XXel5uXqjA2Nbe/view?usp=drivesdk,text/plain,20735,2023-03-05T10:46:09.347Z,true,20735,d0b4ea71449967ca92db935dc4d4de462e2cb46cbfc2f5277e1f05f6b6b994e1,
common/strategic_regions/traiah_continent_strategic_regions.txt,1lu8EfnP4OOVE6T2yPxXIKhaKoq1uz0-Y,https://drive.google.com/file/d/1lu8EfnP4OOVE6T2yPxXIKhaKoq1uz0-Y/view?usp=drivesdk,text/plain,5434,2023-05-30T11:26:15.092Z,true,5434,82fc8ee6b933c3602d75d37a2678c2428ad9614011b2ee19dedfe71915163c84,
common/strategic_regions/water_strategic_regions.txt,1FHlINy__H7bS5hGT7X2iYB0KCr7aeDK3,https://drive.google.com/file/d/1FHlINy__H7bS5hGT7X2iYB0KCr7aeDK3/view?usp=drivesdk,text/plain,181,2023-03-05T10:46:09.506Z,true,181,ac3b3a1953afe3ac7dcc850f8131ccc01f05ff2f3c834b29f828cecac86ea131,
common/state_traits/00_ELX_state_traits.txt,1uCXCT5hEZmI2cO6MdiIgFW3w_vSM8_in,https://drive.google.com/file/d/1uCXCT5hEZmI2cO6MdiIgFW3w_vSM8_in/view?usp=drivesdk,text/plain,2199,2023-05-26T20:03:08.239Z,true,2199,3934c2479b77dd08c24220e4ec06ff9cfcb8b3b10e480dc738cdf3bca0dfd0ff,
common/religions/religion.txt,15PprdloBzGXMKocEZVzj0E1S4vL_bHcM,https://drive.google.com/file/d/15PprdloBzGXMKocEZVzj0E1S4vL_bHcM/view?usp=drivesdk,text/plain,556,2023-05-26T12:57:22.356Z,true,556,24ce950248fd04c156359bac806edfcc084d4d640215fc21ec5f86bde63554bc,
common/dynamic_country_names/00_dynamic_country_names.txt,10Y7PMJsyIris3YiMqi_jFnT-HTbkfaQT,https://drive.google.com/file/d/10Y7PMJsyIris3YiMqi_jFnT-HTbkfaQT/view?usp=drivesdk,text/plain,3,2023-03-05T10:46:08.818Z,true,3,f1945cd6c19e56b3c1c78943ef5ec18116907a4ca1efc40a57d48ab1db7adfc5,
common/dynamic_country_names/_dynamic_country_names.info,1A-q19McNDRN41S_RxDkwf54dURT2g6eq,https://drive.google.com/file/d/1A-q19McNDRN41S_RxDkwf54dURT2g6eq/view?usp=drivesdk,application/octet-stream,559,2023-03-05T10:46:08.815Z,true,559,d552568a6d17f5373833798bb0104120acaee671c6b7f9b3fb61318b49bd7db7,
common/dynamic_country_map_colors/00_default.txt,1MtrLLbRVy9-JrVbHYfer2h0Rj4DLejUp,https://drive.google.com/file/d/1MtrLLbRVy9-JrVbHYfer2h0Rj4DLejUp/view?usp=drivesdk,text/plain,3,2023-03-05T10:46:08.816Z,true,3,f1945cd6c19e56b3c1c78943ef5ec18116907a4ca1efc40a57d48ab1db7adfc5,
common/discrimination_traits/03_culture_groups.txt,1TIuSjVIGfBLr2hM11EdGNcfr92RK0cCd,https://drive.google.com/file/d/1TIuSjVIGfBLr2hM11EdGNcfr92RK0cCd/view?usp=drivesdk,text/plain,154,2023-06-04T10:42:41.207Z,true,154,f628393c9f7b68622da45f323f5d9ba4afbffb03ef635438489c7082a8b05967,
common/discrimination_traits/00_cultural_heritage.txt,180xH8EpaqXY4qp09HcQ9M2CKh6tjjKZi,https://drive.google.com/file/d/180xH8EpaqXY4qp09HcQ9M2CKh6tjjKZi/view?usp=drivesdk,text/plain,131,2023-06-04T10:42:23.830Z,true,131,057a6f1a61415765b50dc77e85d68c370df1b8865b2a64252ef0765c35e211eb,
common/discrimination_traits/02_cultural_descriptive.txt,1K8LULQglcM3wOOq4IgweI5RjngRdQboo,https://drive.google.com/file/d/1K8LULQglcM3wOOq4IgweI5RjngRdQboo/view?usp=drivesdk,text/plain,139,2023-03-05T10:46:09.062Z,true,139,73e8150e4332791429c552e7b7738b52802a5946b013115e600aa49b709d9338,
common/discrimination_traits/01_religious_heritage.txt,1YXzf68cc6Fwj6-qa11ojx-F62fB4O_aI,https://drive.google.com/file/d/1YXzf68cc6Fwj6-qa11ojx-F62fB4O_aI/view?usp=drivesdk,text/plain,83,2023-03-05T10:46:09.002Z,true,83,13902c6084973ad1c707de9decff443d7cc68b9fcec321811c67b27ba165a04c,
common/cultures/00_cultures.txt,1mui8oII8adVG923t8kZ_PfFYyt6Y3_Ba,https://drive.google.com/file/d/1mui8oII8adVG923t8kZ_PfFYyt6Y3_Ba/view?usp=drivesdk,text/plain,69741,2023-06-04T10:24:17.146Z,true,69741,d97ba51cc64ca00fd2fc18bff3efd3d5d16788e8801010dec8def900d0b69c4d,
common/country_formation/00_formable_countries.txt,1bFqu86WvLjXw2e05wApUGlnO2FgFlDcz,https://drive.google.com/file/d/1bFqu86WvLjXw2e05wApUGlnO2FgFlDcz/view?usp=drivesdk,text/plain,3,2023-03-05T10:46:08.818Z,true,3,f1945cd6c19e56b3c1c78943ef5ec18116907a4ca1efc40a57d48ab1db7adfc5,
common/country_formation/00_major_formables.txt,1mmc-_e_zmQzpH26zAdB9a8lOMx1CHWgF,https://drive.google.com/file/d/1mmc-_e_zmQzpH26zAdB9a8lOMx1CHWgF/view?usp=drivesdk,text/plain,3,2023-03-05T10:46:08.816Z,true,3,f1945cd6c19e56b3c1c78943ef5ec18116907a4ca1efc40a57d48ab1db7adfc5,
common/country_definitions/00_countries.txt,1-xI7dnhrNjY24dCFWyW0MURoNKnrCxW1,https://drive.google.com/file/d/1-xI7dnhrNjY24dCFWyW0MURoNKnrCxW1/view?usp=drivesdk,text/plain,5349,2023-05-28T13:06:43.951Z,true,5349,26edaf7929941fdd79530f8522a523dc2e4d5d8830eb3b0f42dc4f110d060334,
common/country_creation/00_releasable_countries.txt,1n-kqxnZP2qN1a3f46QiK3JOwkwl0orr8,https://drive.google.com/file/d/1n-kqxnZP2qN1a3f46QiK3JOwkwl0orr8/view?usp=drivesdk,text/plain,3,2023-03-05T10:46:08.818Z,true,3,f1945cd6c19e56b3c1c78943ef5ec18116907a4ca1efc40a57d48ab1db7adfc5,
common/canals/00_canals.txt,1uVqnYmxhvRfZDKbMNIgKiRjjHVfnoMgD,https://drive.google.com/file/d/1uVqnYmxhvRfZDKbMNIgKiRjjHVfnoMgD/view?usp=drivesdk,text/plain,3,2023-03-05T10:46:08.817Z,true,3,f1945cd6c19e56b3c1c78943ef5ec18116907a4ca1efc40a57d48ab1db7adfc5,
map_data/state_regions/03_south_senaxh.txt,111CturN_kgLekd7BsOw5sS5RYGgknpj5,https://drive.google.com/file/d/111CturN_kgLekd7BsOw5sS5RYGgknpj5/view?usp=drivesdk,text/plain,9090,2024-05-23T14:54:38.634Z,true,9090,b659f95eaa162b996bee128a904719a8a99005ef79af42ac3eefde18761ec76d,
map_data/state_regions/11_ryuyen.txt,1OyKhLzjnKfwnV-CxYnmC-N7jSFtxxwhz,https://drive.google.com/file/d/1OyKhLzjnKfwnV-CxYnmC-N7jSFtxxwhz/view?usp=drivesdk,text/plain,5969,2024-03-07T19:03:15.565Z,true,5969,a415a7b9273b53aed2880819c544a25fe6be746510baef73011818e056082452,
map_data/state_regions/02_east_south_senaxh.txt,1-EPdysaRcVkShUDIDG13SSDfkwyEynb-,https://drive.google.com/file/d/1-EPdysaRcVkShUDIDG13SSDfkwyEynb-/view?usp=drivesdk,text/plain,62661,2024-03-04T00:23:04.577Z,true,62661,7bfe9227982f06a8a29ebabd96fb202090cf9b7d38873af1219ce4fb91be082a,
map_data/state_regions/17_khhavith.txt,1HZV7nJlHNeOiyBMU-Jr_y5cQsQeLr1Mz,https://drive.google.com/file/d/1HZV7nJlHNeOiyBMU-Jr_y5cQsQeLr1Mz/view?usp=drivesdk,text/plain,21124,2024-02-21T11:19:28.346Z,true,21124,b925589de92906c80fe843e41e34a641ed6ec38157589840e3b204a2440eed2f,
map_data/state_regions/07_raionion_korea.txt,1d1Q-Y58-opJSf8Ml6GPfCgQpmSyiy0sY,https://drive.google.com/file/d/1d1Q-Y58-opJSf8Ml6GPfCgQpmSyiy0sY/view?usp=drivesdk,text/plain,17209,2024-02-14T17:17:24.654Z,true,17209,5ddd2bc43e4a8e81e7e39f958ac65fb24356f7e4c43cd2ea818959c38261c895,
map_data/state_regions/01_east_north_senaxh.txt,10HnmYdtbBVZMukZ3PiF5WoJF6D0KecWg,https://drive.google.com/file/d/10HnmYdtbBVZMukZ3PiF5WoJF6D0KecWg/view?usp=drivesdk,text/plain,41274,2024-02-14T16:52:45.549Z,true,41274,702cb9d533f74a9c45739022c4f8de94336d03c3f222c2ee114d97c00bb9eeb1,
map_data/state_regions/00_middle_senaxh.txt,1y5fodc4mwWMicAlJZhzQUmNcuYi7rvjp,https://drive.google.com/file/d/1y5fodc4mwWMicAlJZhzQUmNcuYi7rvjp/view?usp=drivesdk,text/plain,114412,2024-02-11T16:23:28.350Z,true,114412,b18b816cc83afc9e3ef7bb045f3093ffcdd82b8f0108e6d56548a3a050bc0aec,
map_data/state_regions/12_siyraeion.txt,1RHmbRMvSknayTP-By44zss8bWrTpp0WX,https://drive.google.com/file/d/1RHmbRMvSknayTP-By44zss8bWrTpp0WX/view?usp=drivesdk,text/plain,3259,2024-02-07T17:51:28.334Z,true,3259,4c8df9a4c2b78bd57e07e538778697258ab7fa573871929643b819a0de3e522c,
map_data/state_regions/08_raikan.txt,1sKTqJupQ__4ENsvbaFDGm6-LeqIP1f1i,https://drive.google.com/file/d/1sKTqJupQ__4ENsvbaFDGm6-LeqIP1f1i/view?usp=drivesdk,text/plain,3898,2024-02-07T16:34:08.459Z,true,3898,581a4dccf2c79b5fdc876f42ae818f14e2d92d74ab2165cb937e63652de02c31,
map_data/state_regions/09_hyaryet.txt,1kgA875YpVsPF5q5so-1hAa5PfcFRa2k_,https://drive.google.com/file/d/1kgA875YpVsPF5q5so-1hAa5PfcFRa2k_/view?usp=drivesdk,text/plain,1527,2024-02-07T16:32:01.520Z,true,1527,9962549348b8a8877faf97c9e48356547888f8946ecf78b6cc0fc2e25b53374a,
map_data/state_regions/13_kerwishien.txt,1jhyP_HBYtIm1vMoUXkKiklhxl4FcjCzH,https://drive.google.com/file/d/1jhyP_HBYtIm1vMoUXkKiklhxl4FcjCzH/view?usp=drivesdk,text/plain,8915,2024-02-07T16:27:51.999Z,true,8915,5d41d1ddb023711951e005996459632ba816876f0b87cd52d5fcd4a8b63141ed,
map_data/state_regions/16_yuretrika.txt,1muomvzcVDgwTTM1J5dT9GV98qG-iqGwG,https://drive.google.com/file/d/1muomvzcVDgwTTM1J5dT9GV98qG-iqGwG/view?usp=drivesdk,text/plain,37402,2024-02-07T09:40:10.701Z,true,37402,4a6366ec1e81f51e47a19b633b81e35df300b4d8e1ec286635eed8139a105a01,
map_data/state_regions/14_xheian.txt,1G7y9eKzwvP1jq7qOSSxOvc8EJcJvjKwB,https://drive.google.com/file/d/1G7y9eKzwvP1jq7qOSSxOvc8EJcJvjKwB/view?usp=drivesdk,text/plain,34831,2024-02-03T03:22:33.372Z,true,34831,216526251213b018081f648524be7109acd020d50a3996e8c6cc7d051ca48672,
map_data/state_regions/26_grangblruts.txt,1SRFfh1XnmH5uUdq33AKFEoKJgaOoJmic,https://drive.google.com/file/d/1SRFfh1XnmH5uUdq33AKFEoKJgaOoJmic/view?usp=drivesdk,text/plain,3556,2024-01-31T00:21:40.188Z,true,3556,4676ec1a422d2b1fb8331e5dc93707f390e04b444180cb090643bb34d40c8626,
map_data/state_regions/06_rwikelven.txt,1orQr7MRcDOqHAuWzNgnLwqMKglFSvfwz,https://drive.google.com/file/d/1orQr7MRcDOqHAuWzNgnLwqMKglFSvfwz/view?usp=drivesdk,text/plain,1408,2024-01-29T20:46:07.635Z,true,1408,c5516e38f76fd3f4b54251f628086d9b160b399290d8327c74063548bea6d702,
map_data/state_regions/04_south_west_senaxh.txt,17hgBH9xrXYtMfLVwc54ryg8rYjnYwQYD,https://drive.google.com/file/d/17hgBH9xrXYtMfLVwc54ryg8rYjnYwQYD/view?usp=drivesdk,text/plain,1979,2024-01-29T19:46:15.402Z,true,1979,15ba2b15aade9b69fe3329983b743d4197d0cec2c91f834f6820291b06f9a870,
map_data/state_regions/05_north_west_senaxh.txt,1lfk4ZAvrlydDQuoDI96ACCL85J86ZmnZ,https://drive.google.com/file/d/1lfk4ZAvrlydDQuoDI96ACCL85J86ZmnZ/view?usp=drivesdk,text/plain,6062,2024-01-29T19:44:06.792Z,true,6062,bb037a61d9d2b5462d7bfcc06dea4719a96ebfc0b4f54af24476d83dd550e3da,
map_data/state_regions/10_rwiaxhe.txt,1XYQMojXiT9g7bu69Qp--b3YM7JmHquGm,https://drive.google.com/file/d/1XYQMojXiT9g7bu69Qp--b3YM7JmHquGm/view?usp=drivesdk,text/plain,6743,2024-01-29T19:40:59.264Z,true,6743,b027e71f2c59037145dcd8eaf058407ca081c2ccdf9678b9c3cd665a3a6e168f,
map_data/state_regions/22_yuriteixhen.txt,1st9XoBjMKczbgu3bDHqPefNwO9fy8mQO,https://drive.google.com/file/d/1st9XoBjMKczbgu3bDHqPefNwO9fy8mQO/view?usp=drivesdk,text/plain,114530,2024-01-29T18:38:53.297Z,true,114530,1eda06f80a0db56fccc0f68756014aab8d042d20d5cb3621ef04b3dfe2e03286,
map_data/state_regions/21_xhiryuenderh.txt,1GCDPoLd8_Pq3yXJwqxoaqqpdPdZNL8fR,https://drive.google.com/file/d/1GCDPoLd8_Pq3yXJwqxoaqqpdPdZNL8fR/view?usp=drivesdk,text/plain,62034,2024-01-15T01:18:02.304Z,true,62034,6d0a5ba0684d8d31d30947fd86ef03fc720c384b62b5ea27d8ae6ed7e0f94338,
map_data/state_regions/23_skainien.txt,1e2EI0Fn-h2vZKLRi1nfu4fTS680hw9xN,https://drive.google.com/file/d/1e2EI0Fn-h2vZKLRi1nfu4fTS680hw9xN/view?usp=drivesdk,text/plain,55955,2024-01-14T17:46:12.096Z,true,55955,2baec9e65a1bb189b595069981fae0c7893399ef63457236ea396cf786a08e17,
map_data/state_regions/19_shyuroen.txt,1u6dz9_Emz9wJeYnG2yUruKYOw7hO3C_0,https://drive.google.com/file/d/1u6dz9_Emz9wJeYnG2yUruKYOw7hO3C_0/view?usp=drivesdk,text/plain,28275,2024-01-14T16:12:47.914Z,true,28275,88abe39a13437afdd5fedcfea7acb5ea2c402eded388092bf5c53d8f610655ca,
map_data/state_regions/25_grapurth.txt,1cCQLcd4npYN5u2-1wzIYEMdPoY1MTCk7,https://drive.google.com/file/d/1cCQLcd4npYN5u2-1wzIYEMdPoY1MTCk7/view?usp=drivesdk,text/plain,18521,2024-01-13T18:35:00.964Z,true,18521,0c2bfd1a2c467516f4a1b0a069422faf752e60823cb261bffcc65b2057af3113,
map_data/state_regions/27_south_pole_island_chains.txt,1QwItYUkN2jK-MDei1MMxlehcN2GVtQvx,https://drive.google.com/file/d/1QwItYUkN2jK-MDei1MMxlehcN2GVtQvx/view?usp=drivesdk,text/plain,3778,2024-01-11T12:43:42.227Z,true,3778,476c2b870bb7d5f7d1529aa2b0fe523482a8f371ae6ec0152017e1a6be667334,
map_data/state_regions/99_seas.txt,1wNCDGPkqSp7zjgVQHxx9pdtWkMpEuuoB,https://drive.google.com/file/d/1wNCDGPkqSp7zjgVQHxx9pdtWkMpEuuoB/view?usp=drivesdk,text/plain,4410,2024-01-11T12:43:42.227Z,true,4410,4e0006ff4f555932fffeeb9bd95649a42db7fca17a70464980279e6a57a59841,
map_data/state_regions/24_dhrufherth.txt,1NiXtA9J0SSC2F2sEQObuGmA3W63aAzum,https://drive.google.com/file/d/1NiXtA9J0SSC2F2sEQObuGmA3W63aAzum/view?usp=drivesdk,text/plain,38751,2024-01-11T12:43:42.225Z,true,38751,d15fdc0d8ca3f884896a8c7d6f96477144f949b3e43ee2650f0172a3cbefa30d,
map_data/state_regions/15_yurhkviah.txt,1MdbZWAN9rOUqv0kxuefXk0SqCbmwRg2Z,https://drive.google.com/file/d/1MdbZWAN9rOUqv0kxuefXk0SqCbmwRg2Z/view?usp=drivesdk,text/plain,26845,2024-01-11T12:43:42.220Z,true,26845,dd4415f7320c2c0711b70333f4d08353a08fb6a4182174b0c0c6c97ff8b63493,
map_data/state_regions/20_karyuenderh.txt,1hkv3vmKoGQk2AEmXtC6Ba_yndB63039D,https://drive.google.com/file/d/1hkv3vmKoGQk2AEmXtC6Ba_yndB63039D/view?usp=drivesdk,text/plain,48972,2024-01-11T12:43:42.220Z,true,48972,79a78254ab936f470b5b8e017d074e71ff88f6d8f39dce60a5678174b306a612,
map_data/state_regions/18_kyairen.txt,16u1aFiWcVXew8h2vEbI7d9CxFzFndBor,https://drive.google.com/file/d/16u1aFiWcVXew8h2vEbI7d9CxFzFndBor/view?usp=drivesdk,text/plain,13050,2024-01-11T12:43:42.219Z,true,13050,3d9ce77d892a63d69ff0e1819e7f44b005f1c1c47e9bca646432b0f97a0a5bed,
localization/korean/cultures_l_korean.yml,1H5Us3quxWge2-33cXBQN4B7Olyi8Q6xP,https://drive.google.com/file/d/1H5Us3quxWge2-33cXBQN4B7Olyi8Q6xP/view?usp=drivesdk,application/octet-stream,265,2023-06-04T10:28:37.680Z,true,265,527bdad765994752e8d69898efad81add8856b26f5a877663a985c6816640c6e,
localization/korean/NWR_names_l_korean.yml,1yDDOMT_AxeE4__zHheXLaofEpnAOlY2J,https://drive.google.com/file/d/1yDDOMT_AxeE4__zHheXLaofEpnAOlY2J/view?usp=drivesdk,application/octet-stream,5562,2023-06-04T10:24:18.466Z,true,5562,cb0a860bf4f53374ba26c9d8f905b0dc6e221f4241824f014422702fb77b61a7,
localization/korean/parties_l_korean.yml,1zXKghHjFO0suNErLVsschngmXKeG7bKE,https://drive.google.com/file/d/1zXKghHjFO0suNErLVsschngmXKeG7bKE/view?usp=drivesdk,application/octet-stream,16836,2023-06-01T13:31:39.863Z,true,16836,dec895424852bb395290d5978621d5799f6f2bd8c9a6b42134eb20b499c142b2,
localization/korean/country_flavor_text_l_korean.yml,1CttwN7e5i_xntd6JOHOz0qg8UPNilRyA,https://drive.google.com/file/d/1CttwN7e5i_xntd6JOHOz0qg8UPNilRyA/view?usp=drivesdk,application/octet-stream,1419,2023-05-28T13:54:02.510Z,true,1419,1678d60f2b8ff79ed067865232d516409f3731bf4535a4dd5299fcc27e84edca,
localization/korean/countries_l_korean.yml,1bRrCqjFhJAVhQQKetlNs0nrBviNLpVpK,https://drive.google.com/file/d/1bRrCqjFhJAVhQQKetlNs0nrBviNLpVpK/view?usp=drivesdk,application/octet-stream,2028,2023-05-28T13:05:49.918Z,true,2028,579b19a00bfef63214ea36eb030dcae55eb91b759bb9f05186b85dba4cdbbcbc,
localization/korean/state_traits_l_korean.yml,1hP-zu6yEjRR9ghaXz_CAtVg0fPbaQMvH,https://drive.google.com/file/d/1hP-zu6yEjRR9ghaXz_CAtVg0fPbaQMvH/view?usp=drivesdk,application/octet-stream,8163,2023-05-26T20:02:52.698Z,true,8163,5c8e95725d276deb5b2e6e23564a0dd4549970cb152f768aa58c85564fde239d,
localization/korean/religion_l_korean.yml,1PD81ZhEnCYGRvLLnsB_ptOt7SDYGf5IF,https://drive.google.com/file/d/1PD81ZhEnCYGRvLLnsB_ptOt7SDYGf5IF/view?usp=drivesdk,application/octet-stream,530,2023-05-26T14:16:54.976Z,true,530,7be99291e41cd3e4644824ccd0d59cadb71ff83b0507d0f685daa73662f8a974,
localization/korean/hub_names_l_korean.yml,1ayO0LlJhUZ1J2MDkj2lUTH0nLnZ7qhki,https://drive.google.com/file/d/1ayO0LlJhUZ1J2MDkj2lUTH0nLnZ7qhki/view?usp=drivesdk,application/octet-stream,132401,2023-05-25T11:37:25.773Z,true,132401,892fca872eb0524ba7a055a051979f6d4b519961b044464c83e38bfd4328b094,
localization/korean/NWR_modifiers_l_korean.yml,1dtMnbXWpd3bfFOAIVhFNmAVa50kVABiM,https://drive.google.com/file/d/1dtMnbXWpd3bfFOAIVhFNmAVa50kVABiM/view?usp=drivesdk,application/octet-stream,75,2023-05-25T09:06:34.079Z,true,75,7c25f4acc16d0c86abbf1dd4cf4e300d9898ebf734edc99ff67a34414d5b43cd,
localization/korean/laws_l_korean.yml,1rVvHkOFG_qutMmY1bqIaE-Bsl8C4BSO0,https://drive.google.com/file/d/1rVvHkOFG_qutMmY1bqIaE-Bsl8C4BSO0/view?usp=drivesdk,application/octet-stream,34985,2023-05-22T14:01:32.192Z,true,34985,81caaac55827e1c19efa6c05b3ee8bc464aadd45e6b16b462bf30a0b94732d1e,
common/history/production_methods/00_urban_center.txt,1mBKjnJaCqjR9gFXHOCabTpKHm4KS_JSO,https://drive.google.com/file/d/1mBKjnJaCqjR9gFXHOCabTpKHm4KS_JSO/view?usp=drivesdk,text/plain,3,2023-03-05T10:46:08.817Z,true,3,f1945cd6c19e56b3c1c78943ef5ec18116907a4ca1efc40a57d48ab1db7adfc5,
common/history/population/VBA - Vestia Babarian Ariel.txt,1-ujucwjFvPHAf2J5XUkrULJQTjWgpk5F,https://drive.google.com/file/d/1-ujucwjFvPHAf2J5XUkrULJQTjWgpk5F/view?usp=drivesdk,text/plain,123,2023-05-26T07:43:41.563Z,true,123,79c058765b5a4570b29d2201e7703a94c8866c20814c0d6425ca7a11a840f568,
common/history/population/IMS - Imshi.txt,1ZL_363619PIPBY1vqtGfoNiIgsMhgC2u,https://drive.google.com/file/d/1ZL_363619PIPBY1vqtGfoNiIgsMhgC2u/view?usp=drivesdk,text/plain,123,2023-05-26T07:05:22.829Z,true,123,060979e087cdece4eab0190f2527d19a1efecb494f00c84bd034361dbe250e72,
common/history/population/ELX - Senaxh.txt,179rfWBC3GlirqJk37Cw3tV9CSHQZJhF0,https://drive.google.com/file/d/179rfWBC3GlirqJk37Cw3tV9CSHQZJhF0/view?usp=drivesdk,text/plain,125,2022-10-29T10:03:49.420Z,true,125,62a9f8b1a011005f7c1404f839b3411753a9e55f3bd8e5cb5df7bbe92dc9d661,
common/history/global/00_global.txt,1FEtROHgO1RqjA_LLdqIOfxD0UpRBSART,https://drive.google.com/file/d/1FEtROHgO1RqjA_LLdqIOfxD0UpRBSART/view?usp=drivesdk,text/plain,450,2023-03-05T10:46:09.287Z,true,450,ae023e9f5d9b6581c7cbef7204e5b6d4c8e9f32f6cfc233c2581e9dec553165e,
common/history/countries/VBA - Vestia Babarian Ariel.txt,1KOheCnE0ZKpT6fIbCcqfaws0aqSYX5uW,https://drive.google.com/file/d/1KOheCnE0ZKpT6fIbCcqfaws0aqSYX5uW/view?usp=drivesdk,text/plain,173,2023-05-28T09:53:20.700Z,true,173,e2e7320d11fef90793c4c3d113222c152e51422e3397dcf8e3503a7a6959f41f,
common/history/countries/IMS - Imshi.txt,1Bc53W5XSBJ_HsRGpYw4Eov-uxdtAWP9c,https://drive.google.com/file/d/1Bc53W5XSBJ_HsRGpYw4Eov-uxdtAWP9c/view?usp=drivesdk,text/plain,176,2023-05-25T19:35:34.049Z,true,176,75a850f878df4469f00855110ffb3dc91c68e3ad1ad939689587e107a855a590,
common/history/countries/ELX - Elrixhiyuem.txt,18u1pSBd6qyAyffrparGgB9AZKBTlRNiJ,https://drive.google.com/file/d/18u1pSBd6qyAyffrparGgB9AZKBTlRNiJ/view?usp=drivesdk,text/plain,2326,2023-05-25T09:00:51.244Z,true,2326,0a25799473d67e01824322f438b3cf85ef1b96cdae0833563fd574af8f1eb1a5,
common/history/conscription/00_conscription_center.txt,1jtK0MBOcoxYm0sOPOysogGLybrRG0nAB,https://drive.google.com/file/d/1jtK0MBOcoxYm0sOPOysogGLybrRG0nAB/view?usp=drivesdk,text/plain,2154,2023-03-05T10:46:09.618Z,true,2154,3e00aa9b160f1e8dbdc3630164e9736f06e631e15c7bb941f215bbe0d8cfa891,
common/history/characters/ELX - Elrixhiyuem.txt,1dq65dCKJAXnrxq_8y2ydCtt6slRsziUJ,https://drive.google.com/file/d/1dq65dCKJAXnrxq_8y2ydCtt6slRsziUJ/view?usp=drivesdk,text/plain,347,2022-10-29T11:03:02.685Z,true,347,f778cd6a583aa090de6b062090b835f212b7791f1c28bac93ac807150760f1e6,
common/history/ai/00_strategy.txt,11W6DvZ85xYDfwgZ_jZW6REVrSBY9fKjm,https://drive.google.com/file/d/11W6DvZ85xYDfwgZ_jZW6REVrSBY9fKjm/view?usp=drivesdk,text/plain,7,2023-03-05T10:46:09.557Z,true,7,4a63b8900358808cf17af9edf9d5894bca39e8498473e83403c9925e2beba84d,
common/history/ai/00_secret_goals.txt,1DGaPOjx3OqvBtArdoJSlBcFTaJnOkBzT,https://drive.google.com/file/d/1DGaPOjx3OqvBtArdoJSlBcFTaJnOkBzT/view?usp=drivesdk,text/plain,248,2023-03-05T10:46:09.225Z,true,248,ea5ec231444a79f03ba9d47a09604d8013c8b05683117baf43bc53298b8243b3,
localization/korean/map/states_l_korean.yml,1Wxi9JnMA7T7vLIJAhHbTapO54vmy2jY2,https://drive.google.com/file/d/1Wxi9JnMA7T7vLIJAhHbTapO54vmy2jY2/view?usp=drivesdk,application/octet-stream,75311,2025-05-29T14:35:37.613Z,true,75311,415e5be22457e177f964fc837f9f9f13f870c227ead5d791fdbfda80f22205a4,
localization/korean/map/seas_l_korean.yml,12Hr_xUTeFT4sx6Ev-tKmHD5yhQ24Tdiw,https://drive.google.com/file/d/12Hr_xUTeFT4sx6Ev-tKmHD5yhQ24Tdiw/view?usp=drivesdk,application/octet-stream,2544,2023-08-01T19:37:30.483Z,true,2544,058521c9371edf74ecdfa08d8bd939cd999f54dad1358b4bd0f8a296227a1d21,
localization/korean/map/strategic_regions_l_korean.yml,1VW3n-dBjdKWCNCCsBF_7FH58OeeM54Xy,https://drive.google.com/file/d/1VW3n-dBjdKWCNCCsBF_7FH58OeeM54Xy/view?usp=drivesdk,application/octet-stream,752,2023-05-29T15:26:05.483Z,true,752,f395fd87d6ee1c012a78a6a2f1c6d91105d01bdb84252906a52509945de5f29d,
gfx/map/map_object_data/generated_map_object_locators_city.txt,1c5wjXfXjG4mtJFaARs6Djrs5nmSwp_F4,https://drive.google.com/file/d/1c5wjXfXjG4mtJFaARs6Djrs5nmSwp_F4/view?usp=drivesdk,text/plain,305,2024-01-11T12:43:42.770Z,true,305,48d05a887bbbf36dbfe8acc0d2cb8a748d972a746408dabc081be85e1ee91240,
gfx/map/map_object_data/generated_map_object_locators_mine.txt,1oDn0k4W6xqLVtD1yboommVt4gsH5U-H1,https://drive.google.com/file/d/1oDn0k4W6xqLVtD1yboommVt4gsH5U-H1/view?usp=drivesdk,text/plain,305,2024-01-11T12:43:42.770Z,true,305,fa068c44734c318211e37701f01bd18620c501f181b0bae0f5a17e9320c0e0ee,
gfx/map/map_object_data/generated_map_object_locators_farm.txt,11JP3LXnl97JHDXETd6K9wPq41ATeVbwY,https://drive.google.com/file/d/11JP3LXnl97JHDXETd6K9wPq41ATeVbwY/view?usp=drivesdk,text/plain,305,2024-01-11T12:43:42.769Z,true,305,6f466850fa6ee79ef8eb04b1853aa948120ca7d1c1e88e4342d57c532f0cb38d,
gfx/map/map_object_data/generated_map_object_locators_port.txt,1pLYjCVBb30FjOVLKXQ2nhT0-BxHGJCpV,https://drive.google.com/file/d/1pLYjCVBb30FjOVLKXQ2nhT0-BxHGJCpV/view?usp=drivesdk,text/plain,301,2024-01-11T12:43:42.769Z,true,301,6c190103402b69888de4174b73f521fac09381149fb032e64d25b92cff780e12,
gfx/map/map_object_data/generated_map_object_locators_wood.txt,1uk9CJlDjE2E7xeg3JFX39k-umYtsQdkh,https://drive.google.com/file/d/1uk9CJlDjE2E7xeg3JFX39k-umYtsQdkh/view?usp=drivesdk,text/plain,305,2024-01-11T12:43:42.769Z,true,305,87b7e80f9c872865656bec0bd249df83dbd36f142ed3ba67006e22c859ee225e,
gfx/map/map_object_data/layers.txt,1vHH3dVl0hWlA1ZjsitthfRrJSel8-LNz,https://drive.google.com/file/d/1vHH3dVl0hWlA1ZjsitthfRrJSel8-LNz/view?usp=drivesdk,text/plain,1702,2024-01-11T12:43:42.769Z,true,1702,3130328c82df61590eab8aadd7b4ec63330ad1ef5639ba1a6a72ef223bec6444,
gfx/map/map_object_data/static.txt,1kcob7o4pcmUSbFpOaseYhnjvGxXraR9k,https://drive.google.com/file/d/1kcob7o4pcmUSbFpOaseYhnjvGxXraR9k/view?usp=drivesdk,text/plain,6298,2024-01-11T12:43:42.769Z,true,6298,dc0072cd1fd36e23648878eff3213b51843cecbfc5f6eb38b022e7def1b771ab,
gfx/map/map_object_data/env_effects.txt,1iptmem6IOqy6REfFvsKPiLxZbAyse0d6,https://drive.google.com/file/d/1iptmem6IOqy6REfFvsKPiLxZbAyse0d6/view?usp=drivesdk,text/plain,4425,2024-01-11T12:43:42.768Z,true,4425,ac60eaa2a87bc203c5ecc9a9936551c0b41dff2380884b340b667badb84d400d,
gfx/map/map_object_data/papermap_items.txt,1wDb2B9vg5bY5E59cRdh7NRsias4jvgVO,https://drive.google.com/file/d/1wDb2B9vg5bY5E59cRdh7NRsias4jvgVO/view?usp=drivesdk,text/plain,8152,2023-03-10T08:27:30.675Z,true,8152,1f16d8d12447eacba4200ca3248abff66df74ea58a410f495d6a281242ba766e,
gfx/map/map_object_data/wonder_great_wall_of_china.txt,1SvQB7o5JEu_lZ7dGxieoQBiknakBdBfo,https://drive.google.com/file/d/1SvQB7o5JEu_lZ7dGxieoQBiknakBdBfo/view?usp=drivesdk,text/plain,3,2023-03-05T10:46:08.819Z,true,3,f1945cd6c19e56b3c1c78943ef5ec18116907a4ca1efc40a57d48ab1db7adfc5,
gfx/map/map_object_data/american_unique_buildings.txt,1lhbP5o7XVNi_vnumSLf0a999kJcEC8mk,https://drive.google.com/file/d/1lhbP5o7XVNi_vnumSLf0a999kJcEC8mk/view?usp=drivesdk,text/plain,3,2023-03-05T10:46:08.817Z,true,3,f1945cd6c19e56b3c1c78943ef5ec18116907a4ca1efc40a57d48ab1db7adfc5,
gfx/map/map_object_data/unique_buildings.txt,1LQKlm72PDG5xvQy3_9U6xdhfgf_Lp6ui,https://drive.google.com/file/d/1LQKlm72PDG5xvQy3_9U6xdhfgf_Lp6ui/view?usp=drivesdk,text/plain,3,2023-03-05T10:46:08.817Z,true,3,f1945cd6c19e56b3c1c78943ef5ec18116907a4ca1efc40a57d48ab1db7adfc5,
gfx/map/map_object_data/lakes.txt,1AaKvNAi9nIARdK9J44JPpbKVymZb5dn5,https://drive.google.com/file/d/1AaKvNAi9nIARdK9J44JPpbKVymZb5dn5/view?usp=drivesdk,text/plain,3,2023-03-05T10:46:08.816Z,true,3,f1945cd6c19e56b3c1c78943ef5ec18116907a4ca1efc40a57d48ab1db7adfc5,
gfx/map/map_object_data/sandstone_monument.txt,1PuFEofU4eXNb0bwHYHXaA3R27lcqWvgR,https://drive.google.com/file/d/1PuFEofU4eXNb0bwHYHXaA3R27lcqWvgR/view?usp=drivesdk,text/plain,3,2023-03-05T10:46:08.816Z,true,3,f1945cd6c19e56b3c1c78943ef5ec18116907a4ca1efc40a57d48ab1db7adfc5,
gfx/map/spline_network/spline_network.splnet,1BSg-3D4aihmKuhUu6gLKP4hHFE42BA8g,https://drive.google.com/file/d/1BSg-3D4aihmKuhUu6gLKP4hHFE42BA8g/view?usp=drivesdk,application/octet-stream,2770,2024-01-11T12:43:44.264Z,true,2770,5239e75f6ca34c0563a804c2defb2932c9f8ae46ea7afbe2349feafc467c43cb,
tools/mapeditor/map_editor_status.txt,1S__4ldxyzZxVX2p32xbznUpoPMDjwe8p,https://drive.google.com/file/d/1S__4ldxyzZxVX2p32xbznUpoPMDjwe8p/view?usp=drivesdk,text/plain,2126378,2024-05-23T17:01:25.071Z,true,2126378,12be5b2ac7ed92461e0b6b8a373e15a99ea452178a4fb6a5c0b081585e709219,
