identifier,name_english,name_korean,name_key_derived,name_key_derived_is_official,localized_names,source_file,source_line,color_raw,raw_fields
state_trait_the_great_river,,운하 규모의 강,State Trait The Great River,false,"{""korean"":""운하 규모의 강""}",common/state_traits/00_ELX_state_traits.txt,1,,"{""icon"":""gfx/interface/icons/state_trait_icons/river.dds"",""modifier"":{""assignments"":[{""key"":""state_infrastructure_add"",""operator"":""="",""value"":250,""line"":5},{""key"":""state_tax_capacity_add"",""operator"":""="",""value"":500,""line"":6},{""key"":""state_construction_mult"",""operator"":""="",""value"":0.2,""line"":7},{""key"":""state_infrastructure_mult"",""operator"":""="",""value"":0.2,""line"":8},{""key"":""state_tax_capacity_mult"",""operator"":""="",""value"":0.4,""line"":9},{""key"":""building_output_electricity_mult"",""operator"":""="",""value"":0.1,""line"":10}]}}"
state_trait_remained_infrastructure,,대전이 이전의 온전한 기반시설,State Trait Remained Infrastructure,false,"{""korean"":""대전이 이전의 온전한 기반시설""}",common/state_traits/00_ELX_state_traits.txt,14,,"{""icon"":""gfx/interface/icons/state_trait_icons/natural_harbors.dds"",""modifier"":{""assignments"":[{""key"":""state_infrastructure_add"",""operator"":""="",""value"":120,""line"":18},{""key"":""state_tax_capacity_add"",""operator"":""="",""value"":150,""line"":19},{""key"":""state_infrastructure_mult"",""operator"":""="",""value"":0.5,""line"":20},{""key"":""state_tax_capacity_mult"",""operator"":""="",""value"":0.5,""line"":21}]}}"
state_trait_great_black_soil,,위대한 흑토 지대,State Trait Great Black Soil,false,"{""korean"":""위대한 흑토 지대""}",common/state_traits/00_ELX_state_traits.txt,25,,"{""icon"":""gfx/interface/icons/state_trait_icons/good_soils.dds"",""modifier"":{""assignments"":[{""key"":""building_group_bg_agriculture_throughput_mult"",""operator"":""="",""value"":0.8,""line"":29},{""key"":""building_group_bg_plantations_throughput_mult"",""operator"":""="",""value"":0.8,""line"":30},{""key"":""building_group_bg_ranching_throughput_mult"",""operator"":""="",""value"":0.5,""line"":31}]}}"
state_trait_blue_forest,,푸르른 삼림,State Trait Blue Forest,false,"{""korean"":""푸르른 삼림""}",common/state_traits/00_ELX_state_traits.txt,35,,"{""icon"":""gfx/interface/icons/state_trait_icons/resources_lumber.dds"",""modifier"":{""assignments"":[{""key"":""building_group_bg_logging_throughput_mult"",""operator"":""="",""value"":0.8,""line"":39}]}}"
state_trait_the_center_of_industry,,산업의 중심지,State Trait The Center Of Industry,false,"{""korean"":""산업의 중심지""}",common/state_traits/00_ELX_state_traits.txt,43,,"{""icon"":""gfx/interface/icons/state_trait_icons/turquoise.dds"",""modifier"":{""assignments"":[{""key"":""building_group_bg_manufacturing_throughput_mult"",""operator"":""="",""value"":0.75,""line"":47}]}}"
state_trait_the_great_palace,,제도권 황성 지역,State Trait The Great Palace,false,"{""korean"":""제도권 황성 지역""}",common/state_traits/00_ELX_state_traits.txt,51,,"{""icon"":""gfx/interface/icons/state_trait_icons/natural_harbors.dds"",""modifier"":{""assignments"":[{""key"":""building_group_bg_service_throughput_mult"",""operator"":""="",""value"":0.25,""line"":55},{""key"":""state_infrastructure_add"",""operator"":""="",""value"":1350,""line"":56},{""key"":""state_tax_capacity_add"",""operator"":""="",""value"":1500,""line"":57},{""key"":""state_construction_mult"",""operator"":""="",""value"":0.75,""line"":58},{""key"":""state_infrastructure_mult"",""operator"":""="",""value"":1.2,""line"":59},{""key"":""state_tax_capacity_mult"",""operator"":""="",""value"":1.5,""line"":60},{""key"":""building_output_electricity_mult"",""operator"":""="",""value"":0.45,""line"":61}]}}"
state_trait_grand_mountain,,전설의 산,State Trait Grand Mountain,false,"{""korean"":""전설의 산""}",common/state_traits/00_ELX_state_traits.txt,65,,"{""icon"":""gfx/interface/icons/state_trait_icons/mountain.dds"",""modifier"":{""assignments"":[{""key"":""building_group_bg_mining_throughput_mult"",""operator"":""="",""value"":0.5,""line"":69},{""key"":""building_group_bg_oil_extraction_throughput_mult"",""operator"":""="",""value"":0.2,""line"":70}]}}"
state_trait_earth_mankind_arrival_location,,구지구 전이자 도착지,State Trait Earth Mankind Arrival Location,false,"{""korean"":""구지구 전이자 도착지""}",common/state_traits/00_ELX_state_traits.txt,75,,"{""icon"":""gfx/interface/icons/state_trait_icons/good_soils.dds"",""modifier"":{""assignments"":[{""key"":""state_migration_pull_mult"",""operator"":""="",""value"":1.45,""line"":79}]}}"
state_good_place_for_mankind,,사람 살기 좋은 곳,State Good Place For Mankind,false,"{""korean"":""사람 살기 좋은 곳""}",common/state_traits/00_ELX_state_traits.txt,83,,"{""icon"":""gfx/interface/icons/state_trait_icons/good_soils.dds"",""modifier"":{""assignments"":[{""key"":""state_birth_rate_mult"",""operator"":""="",""value"":0.33,""line"":87}]}}"
