state_record_id,state_id,state_key,trait_key
STATE_RARHELIYA@map_data/state_regions/00_middle_senaxh.txt:1,1,STATE_RARHELIYA,state_trait_the_great_river
STATE_RARHELIYA@map_data/state_regions/00_middle_senaxh.txt:1,1,STATE_RARHELIYA,state_trait_remained_infrastructure
STATE_RARHELIYA@map_data/state_regions/00_middle_senaxh.txt:1,1,STATE_RARHELIYA,state_trait_great_black_soil
STATE_RARHELIYA@map_data/state_regions/00_middle_senaxh.txt:1,1,STATE_RARHELIYA,state_trait_blue_forest
STATE_RARHELIYA@map_data/state_regions/00_middle_senaxh.txt:1,1,STATE_RARHELIYA,state_trait_the_center_of_industry
STATE_RARHELIYA@map_data/state_regions/00_middle_senaxh.txt:1,1,STATE_RARHELIYA,state_trait_the_great_palace
STATE_RARHELIYA@map_data/state_regions/00_middle_senaxh.txt:1,1,STATE_RARHELIYA,state_trait_earth_mankind_arrival_location
STATE_RARHELIYA@map_data/state_regions/00_middle_senaxh.txt:1,1,STATE_RARHELIYA,state_good_place_for_mankind
STATE_RYUVLROCZEAH@map_data/state_regions/00_middle_senaxh.txt:20,2,STATE_RYUVLROCZEAH,state_trait_the_great_palace
STATE_RYUVLROCZEAH@map_data/state_regions/00_middle_senaxh.txt:20,2,STATE_RYUVLROCZEAH,state_trait_the_great_river
STATE_RYUVLROCZEAH@map_data/state_regions/00_middle_senaxh.txt:20,2,STATE_RYUVLROCZEAH,state_trait_remained_infrastructure
STATE_RYUVLROCZEAH@map_data/state_regions/00_middle_senaxh.txt:20,2,STATE_RYUVLROCZEAH,state_trait_great_black_soil
STATE_RYUVLROCZEAH@map_data/state_regions/00_middle_senaxh.txt:20,2,STATE_RYUVLROCZEAH,state_trait_the_center_of_industry
STATE_AKTYVANA@map_data/state_regions/00_middle_senaxh.txt:39,3,STATE_AKTYVANA,state_trait_the_great_palace
STATE_AKTYVANA@map_data/state_regions/00_middle_senaxh.txt:39,3,STATE_AKTYVANA,state_trait_the_great_river
STATE_AKTYVANA@map_data/state_regions/00_middle_senaxh.txt:39,3,STATE_AKTYVANA,state_trait_remained_infrastructure
STATE_AKTYVANA@map_data/state_regions/00_middle_senaxh.txt:39,3,STATE_AKTYVANA,state_trait_blue_forest
STATE_AKTYVANA@map_data/state_regions/00_middle_senaxh.txt:39,3,STATE_AKTYVANA,state_trait_great_black_soil
STATE_HAILREIYUEM@map_data/state_regions/00_middle_senaxh.txt:58,4,STATE_HAILREIYUEM,state_trait_the_great_palace
STATE_HAILREIYUEM@map_data/state_regions/00_middle_senaxh.txt:58,4,STATE_HAILREIYUEM,state_trait_the_great_river
STATE_HAILREIYUEM@map_data/state_regions/00_middle_senaxh.txt:58,4,STATE_HAILREIYUEM,state_trait_remained_infrastructure
STATE_HAILREIYUEM@map_data/state_regions/00_middle_senaxh.txt:58,4,STATE_HAILREIYUEM,state_trait_the_center_of_industry
STATE_HAILREIYUEM@map_data/state_regions/00_middle_senaxh.txt:58,4,STATE_HAILREIYUEM,state_trait_blue_forest
STATE_HAILREIYUEM@map_data/state_regions/00_middle_senaxh.txt:58,4,STATE_HAILREIYUEM,state_trait_grand_mountain
STATE_HAILREIYUEM@map_data/state_regions/00_middle_senaxh.txt:58,4,STATE_HAILREIYUEM,state_trait_earth_mankind_arrival_location
STATE_HAILREIYUEM@map_data/state_regions/00_middle_senaxh.txt:58,4,STATE_HAILREIYUEM,state_good_place_for_mankind
STATE_KAELRINIAH@map_data/state_regions/00_middle_senaxh.txt:77,5,STATE_KAELRINIAH,state_trait_the_great_palace
STATE_KAELRINIAH@map_data/state_regions/00_middle_senaxh.txt:77,5,STATE_KAELRINIAH,state_trait_the_great_river
STATE_KAELRINIAH@map_data/state_regions/00_middle_senaxh.txt:77,5,STATE_KAELRINIAH,state_trait_remained_infrastructure
STATE_KAELRINIAH@map_data/state_regions/00_middle_senaxh.txt:77,5,STATE_KAELRINIAH,state_trait_great_black_soil
STATE_KAELRINIAH@map_data/state_regions/00_middle_senaxh.txt:77,5,STATE_KAELRINIAH,state_trait_the_center_of_industry
STATE_KAELRINIAH@map_data/state_regions/00_middle_senaxh.txt:77,5,STATE_KAELRINIAH,state_trait_earth_mankind_arrival_location
STATE_KAELRINIAH@map_data/state_regions/00_middle_senaxh.txt:77,5,STATE_KAELRINIAH,state_good_place_for_mankind
STATE_EKKELRINVERKH@map_data/state_regions/00_middle_senaxh.txt:95,6,STATE_EKKELRINVERKH,state_trait_the_great_palace
STATE_EKKELRINVERKH@map_data/state_regions/00_middle_senaxh.txt:95,6,STATE_EKKELRINVERKH,state_trait_the_great_river
STATE_EKKELRINVERKH@map_data/state_regions/00_middle_senaxh.txt:95,6,STATE_EKKELRINVERKH,state_trait_remained_infrastructure
STATE_EKKELRINVERKH@map_data/state_regions/00_middle_senaxh.txt:95,6,STATE_EKKELRINVERKH,state_trait_grand_mountain
STATE_EKKENXHIYUEM@map_data/state_regions/00_middle_senaxh.txt:118,7,STATE_EKKENXHIYUEM,state_trait_the_great_river
STATE_EKKENXHIYUEM@map_data/state_regions/00_middle_senaxh.txt:118,7,STATE_EKKENXHIYUEM,state_trait_the_great_palace
STATE_EKKENXHIYUEM@map_data/state_regions/00_middle_senaxh.txt:118,7,STATE_EKKENXHIYUEM,state_trait_great_black_soil
STATE_INXHIYUEM@map_data/state_regions/00_middle_senaxh.txt:138,8,STATE_INXHIYUEM,state_trait_the_great_river
STATE_INXHIYUEM@map_data/state_regions/00_middle_senaxh.txt:138,8,STATE_INXHIYUEM,state_trait_the_great_palace
STATE_RELRAVHRINTH@map_data/state_regions/00_middle_senaxh.txt:155,9,STATE_RELRAVHRINTH,state_trait_the_great_river
STATE_RELRAVHRINTH@map_data/state_regions/00_middle_senaxh.txt:155,9,STATE_RELRAVHRINTH,state_trait_the_great_palace
STATE_ARIVH@map_data/state_regions/00_middle_senaxh.txt:172,10,STATE_ARIVH,state_trait_the_great_river
STATE_ARIVH@map_data/state_regions/00_middle_senaxh.txt:172,10,STATE_ARIVH,state_trait_the_great_palace
STATE_INXHELRIYUEM_ATHVANH@map_data/state_regions/00_middle_senaxh.txt:189,11,STATE_INXHELRIYUEM_ATHVANH,state_trait_the_great_river
STATE_INXHELRIYUEM_ATHVANH@map_data/state_regions/00_middle_senaxh.txt:189,11,STATE_INXHELRIYUEM_ATHVANH,state_trait_the_great_palace
STATE_RUVELRINION@map_data/state_regions/00_middle_senaxh.txt:208,12,STATE_RUVELRINION,state_trait_the_great_river
STATE_RUVELRINION@map_data/state_regions/00_middle_senaxh.txt:208,12,STATE_RUVELRINION,state_trait_remained_infrastructure
STATE_RUVELRINION@map_data/state_regions/00_middle_senaxh.txt:208,12,STATE_RUVELRINION,state_trait_great_black_soil
STATE_RUVELRINION@map_data/state_regions/00_middle_senaxh.txt:208,12,STATE_RUVELRINION,state_trait_blue_forest
STATE_RUVELRINION@map_data/state_regions/00_middle_senaxh.txt:208,12,STATE_RUVELRINION,state_trait_the_center_of_industry
STATE_RUVELRINION@map_data/state_regions/00_middle_senaxh.txt:208,12,STATE_RUVELRINION,state_trait_the_great_palace
STATE_RUVELRINION@map_data/state_regions/00_middle_senaxh.txt:208,12,STATE_RUVELRINION,state_trait_grand_mountain
STATE_RUVELRINION@map_data/state_regions/00_middle_senaxh.txt:208,12,STATE_RUVELRINION,state_trait_earth_mankind_arrival_location
STATE_RUVELRINION@map_data/state_regions/00_middle_senaxh.txt:208,12,STATE_RUVELRINION,state_good_place_for_mankind
STATE_YUSELRENEYUEM@map_data/state_regions/00_middle_senaxh.txt:228,13,STATE_YUSELRENEYUEM,state_trait_the_great_river
STATE_YUSELRENEYUEM@map_data/state_regions/00_middle_senaxh.txt:228,13,STATE_YUSELRENEYUEM,state_trait_great_black_soil
STATE_RISVOAH@map_data/state_regions/00_middle_senaxh.txt:245,14,STATE_RISVOAH,state_trait_the_great_river
STATE_AXHTELRANTH@map_data/state_regions/00_middle_senaxh.txt:262,15,STATE_AXHTELRANTH,state_trait_the_great_river
STATE_AXHTELRANTH@map_data/state_regions/00_middle_senaxh.txt:262,15,STATE_AXHTELRANTH,state_trait_great_black_soil
STATE_AHALRANENTH@map_data/state_regions/00_middle_senaxh.txt:279,16,STATE_AHALRANENTH,state_trait_the_great_river
STATE_ISVELRIYA@map_data/state_regions/00_middle_senaxh.txt:350,20,STATE_ISVELRIYA,state_trait_the_great_river
STATE_RIARHTO@map_data/state_regions/00_middle_senaxh.txt:369,21,STATE_RIARHTO,state_trait_the_great_river
STATE_RIARHTO@map_data/state_regions/00_middle_senaxh.txt:369,21,STATE_RIARHTO,state_trait_the_center_of_industry
STATE_KAFHVELRIYA@map_data/state_regions/00_middle_senaxh.txt:387,22,STATE_KAFHVELRIYA,state_trait_blue_forest
STATE_IOHNITH@map_data/state_regions/00_middle_senaxh.txt:404,23,STATE_IOHNITH,state_trait_the_great_river
STATE_IOHNITH@map_data/state_regions/00_middle_senaxh.txt:404,23,STATE_IOHNITH,state_trait_grand_mountain
STATE_PIYERHTO@map_data/state_regions/00_middle_senaxh.txt:424,24,STATE_PIYERHTO,state_trait_the_great_river
STATE_AVHTSELANTH@map_data/state_regions/00_middle_senaxh.txt:457,26,STATE_AVHTSELANTH,state_trait_the_great_river
STATE_AVHTSELANTH@map_data/state_regions/00_middle_senaxh.txt:457,26,STATE_AVHTSELANTH,state_trait_grand_mountain
STATE_RUTOTORIYUEM@map_data/state_regions/00_middle_senaxh.txt:475,27,STATE_RUTOTORIYUEM,state_trait_the_great_river
STATE_RUTOTORIYUEM@map_data/state_regions/00_middle_senaxh.txt:475,27,STATE_RUTOTORIYUEM,state_trait_great_black_soil
STATE_RUTOTORIYUEM@map_data/state_regions/00_middle_senaxh.txt:475,27,STATE_RUTOTORIYUEM,state_good_place_for_mankind
STATE_KUPALHACZAL@map_data/state_regions/00_middle_senaxh.txt:491,28,STATE_KUPALHACZAL,state_trait_the_great_river
STATE_SHUTHFAL@map_data/state_regions/00_middle_senaxh.txt:508,29,STATE_SHUTHFAL,state_trait_the_great_river
STATE_KAMPFCZAL@map_data/state_regions/00_middle_senaxh.txt:526,30,STATE_KAMPFCZAL,state_trait_the_great_river
STATE_KAMPFCZAL@map_data/state_regions/00_middle_senaxh.txt:526,30,STATE_KAMPFCZAL,state_trait_grand_mountain
STATE_SEPLFARIYUEM@map_data/state_regions/00_middle_senaxh.txt:545,31,STATE_SEPLFARIYUEM,state_trait_the_great_river
STATE_INNANXHIYUEM@map_data/state_regions/00_middle_senaxh.txt:577,33,STATE_INNANXHIYUEM,state_trait_the_great_river
STATE_ROTELRANTH@map_data/state_regions/00_middle_senaxh.txt:611,35,STATE_ROTELRANTH,state_trait_the_great_river
STATE_KARIXHUSH@map_data/state_regions/00_middle_senaxh.txt:628,36,STATE_KARIXHUSH,state_trait_the_great_river
STATE_AKALRIXHIYUEM@map_data/state_regions/00_middle_senaxh.txt:645,37,STATE_AKALRIXHIYUEM,state_trait_the_great_river
STATE_AKALRIXHIYUEM@map_data/state_regions/00_middle_senaxh.txt:645,37,STATE_AKALRIXHIYUEM,state_trait_grand_mountain
STATE_AVAROXH@map_data/state_regions/00_middle_senaxh.txt:666,38,STATE_AVAROXH,state_trait_the_great_river
STATE_RUNACZAL@map_data/state_regions/00_middle_senaxh.txt:736,42,STATE_RUNACZAL,state_trait_the_great_river
STATE_SATALRONIAH@map_data/state_regions/00_middle_senaxh.txt:753,43,STATE_SATALRONIAH,state_trait_the_great_river
STATE_RUTALRONIAH@map_data/state_regions/00_middle_senaxh.txt:771,44,STATE_RUTALRONIAH,state_trait_the_great_river
STATE_RUTALRONIAH@map_data/state_regions/00_middle_senaxh.txt:771,44,STATE_RUTALRONIAH,state_trait_blue_forest
STATE_KAPHAZIAH@map_data/state_regions/00_middle_senaxh.txt:790,45,STATE_KAPHAZIAH,state_trait_the_great_river
STATE_KAPHAZIAH@map_data/state_regions/00_middle_senaxh.txt:790,45,STATE_KAPHAZIAH,state_trait_blue_forest
STATE_SAVALRANAH@map_data/state_regions/00_middle_senaxh.txt:840,48,STATE_SAVALRANAH,state_trait_the_great_river
STATE_YUVALRIOTH@map_data/state_regions/00_middle_senaxh.txt:858,49,STATE_YUVALRIOTH,state_trait_the_great_river
STATE_KUKELRITS@map_data/state_regions/00_middle_senaxh.txt:910,52,STATE_KUKELRITS,state_trait_the_great_river
STATE_XHEIMVHRANTH@map_data/state_regions/00_middle_senaxh.txt:945,54,STATE_XHEIMVHRANTH,state_trait_the_great_river
STATE_XHEIMVHRANTH@map_data/state_regions/00_middle_senaxh.txt:945,54,STATE_XHEIMVHRANTH,state_trait_great_black_soil
STATE_XHEIMVHRANTH@map_data/state_regions/00_middle_senaxh.txt:945,54,STATE_XHEIMVHRANTH,state_good_place_for_mankind
STATE_EKKELRIYUEM@map_data/state_regions/00_middle_senaxh.txt:964,55,STATE_EKKELRIYUEM,state_trait_the_great_river
STATE_EKKELRIYUEM@map_data/state_regions/00_middle_senaxh.txt:964,55,STATE_EKKELRIYUEM,state_trait_remained_infrastructure
STATE_EKKELRIYUEM@map_data/state_regions/00_middle_senaxh.txt:964,55,STATE_EKKELRIYUEM,state_trait_grand_mountain
STATE_EKKELRIYUEM@map_data/state_regions/00_middle_senaxh.txt:964,55,STATE_EKKELRIYUEM,state_trait_great_black_soil
STATE_RAVANENTH@map_data/state_regions/00_middle_senaxh.txt:986,56,STATE_RAVANENTH,state_trait_the_great_river
STATE_IKELRITS@map_data/state_regions/00_middle_senaxh.txt:1004,57,STATE_IKELRITS,state_trait_the_great_river
STATE_AIXHTETS@map_data/state_regions/00_middle_senaxh.txt:1021,58,STATE_AIXHTETS,state_trait_the_great_river
STATE_KAXHTETS@map_data/state_regions/00_middle_senaxh.txt:1037,59,STATE_KAXHTETS,state_trait_the_great_river
STATE_RIENHAIM@map_data/state_regions/00_middle_senaxh.txt:1072,61,STATE_RIENHAIM,state_trait_the_great_river
STATE_AHELRONIAH@map_data/state_regions/00_middle_senaxh.txt:1090,62,STATE_AHELRONIAH,state_trait_the_great_river
STATE_KAVHRITH@map_data/state_regions/00_middle_senaxh.txt:1109,63,STATE_KAVHRITH,state_trait_the_great_river
STATE_RIHIZERTH@map_data/state_regions/00_middle_senaxh.txt:1126,64,STATE_RIHIZERTH,state_trait_the_great_river
STATE_RIHIZERTH@map_data/state_regions/00_middle_senaxh.txt:1126,64,STATE_RIHIZERTH,state_good_place_for_mankind
STATE_RIHIZERTH@map_data/state_regions/00_middle_senaxh.txt:1126,64,STATE_RIHIZERTH,state_trait_earth_mankind_arrival_location
STATE_RIHIZERTH@map_data/state_regions/00_middle_senaxh.txt:1126,64,STATE_RIHIZERTH,state_trait_great_black_soil
STATE_HIKANTITS@map_data/state_regions/00_middle_senaxh.txt:1146,65,STATE_HIKANTITS,state_trait_the_great_river
STATE_HIKANTITS@map_data/state_regions/00_middle_senaxh.txt:1146,65,STATE_HIKANTITS,state_trait_great_black_soil
STATE_SOIVETS@map_data/state_regions/00_middle_senaxh.txt:1165,66,STATE_SOIVETS,state_trait_the_great_river
STATE_AYUTH@map_data/state_regions/00_middle_senaxh.txt:1182,67,STATE_AYUTH,state_trait_the_great_river
STATE_AYUTH@map_data/state_regions/00_middle_senaxh.txt:1182,67,STATE_AYUTH,state_trait_blue_forest
STATE_REFANTH@map_data/state_regions/00_middle_senaxh.txt:1200,68,STATE_REFANTH,state_trait_the_great_river
STATE_REFANTH@map_data/state_regions/00_middle_senaxh.txt:1200,68,STATE_REFANTH,state_trait_great_black_soil
STATE_REFANTH@map_data/state_regions/00_middle_senaxh.txt:1200,68,STATE_REFANTH,state_good_place_for_mankind
STATE_REFANTH@map_data/state_regions/00_middle_senaxh.txt:1200,68,STATE_REFANTH,state_trait_blue_forest
STATE_AFANXHINIAH@map_data/state_regions/00_middle_senaxh.txt:1220,69,STATE_AFANXHINIAH,state_trait_the_great_river
STATE_AFANXHINIAH@map_data/state_regions/00_middle_senaxh.txt:1220,69,STATE_AFANXHINIAH,state_trait_grand_mountain
STATE_AINENXHIYUEM@map_data/state_regions/00_middle_senaxh.txt:1242,70,STATE_AINENXHIYUEM,state_trait_the_great_river
STATE_YUELRIXHIYUEM@map_data/state_regions/00_middle_senaxh.txt:1279,72,STATE_YUELRIXHIYUEM,state_trait_the_great_river
STATE_HEIMVEXH@map_data/state_regions/00_middle_senaxh.txt:1296,73,STATE_HEIMVEXH,state_trait_the_great_river
STATE_HAEXH@map_data/state_regions/00_middle_senaxh.txt:1313,74,STATE_HAEXH,state_trait_the_great_river
STATE_RUTHKANA@map_data/state_regions/00_middle_senaxh.txt:1331,75,STATE_RUTHKANA,state_trait_the_great_river
STATE_RUTHKANA@map_data/state_regions/00_middle_senaxh.txt:1331,75,STATE_RUTHKANA,state_trait_great_black_soil
STATE_AKAXHINA@map_data/state_regions/00_middle_senaxh.txt:1350,76,STATE_AKAXHINA,state_trait_remained_infrastructure
STATE_AKAXHINA@map_data/state_regions/00_middle_senaxh.txt:1350,76,STATE_AKAXHINA,state_good_place_for_mankind
STATE_AKAXHINA@map_data/state_regions/00_middle_senaxh.txt:1350,76,STATE_AKAXHINA,state_trait_earth_mankind_arrival_location
STATE_RYUXHTELRONTH@map_data/state_regions/00_middle_senaxh.txt:1368,77,STATE_RYUXHTELRONTH,state_trait_the_great_river
STATE_HAPLRATS@map_data/state_regions/00_middle_senaxh.txt:1388,78,STATE_HAPLRATS,state_trait_the_great_river
STATE_RAIVATS@map_data/state_regions/00_middle_senaxh.txt:1407,79,STATE_RAIVATS,state_trait_the_great_river
STATE_RAIVATS@map_data/state_regions/00_middle_senaxh.txt:1407,79,STATE_RAIVATS,state_good_place_for_mankind
STATE_RIVOXH@map_data/state_regions/00_middle_senaxh.txt:1426,81,STATE_RIVOXH,state_trait_the_great_river
STATE_KIYEFELROTS@map_data/state_regions/00_middle_senaxh.txt:1444,82,STATE_KIYEFELROTS,state_trait_the_great_river
STATE_KIYEFELROTS@map_data/state_regions/00_middle_senaxh.txt:1444,82,STATE_KIYEFELROTS,state_trait_remained_infrastructure
STATE_KIYEFELROTS@map_data/state_regions/00_middle_senaxh.txt:1444,82,STATE_KIYEFELROTS,state_trait_the_center_of_industry
STATE_IKELROTS@map_data/state_regions/00_middle_senaxh.txt:1466,83,STATE_IKELROTS,state_trait_the_great_river
STATE_IKELROTS@map_data/state_regions/00_middle_senaxh.txt:1466,83,STATE_IKELROTS,state_trait_blue_forest
STATE_ANNERXH@map_data/state_regions/00_middle_senaxh.txt:1483,84,STATE_ANNERXH,state_trait_the_great_river
STATE_ANNERXH@map_data/state_regions/00_middle_senaxh.txt:1483,84,STATE_ANNERXH,state_trait_great_black_soil
STATE_KARFELRANIAH@map_data/state_regions/00_middle_senaxh.txt:1500,85,STATE_KARFELRANIAH,state_trait_the_great_river
STATE_RIXHRANTH@map_data/state_regions/00_middle_senaxh.txt:1521,86,STATE_RIXHRANTH,state_trait_the_great_river
STATE_KRAMXHUTH@map_data/state_regions/00_middle_senaxh.txt:1541,87,STATE_KRAMXHUTH,state_trait_the_great_river
STATE_KRAMXHUTH@map_data/state_regions/00_middle_senaxh.txt:1541,87,STATE_KRAMXHUTH,state_trait_remained_infrastructure
STATE_AKANXHINEYUEM@map_data/state_regions/00_middle_senaxh.txt:1558,88,STATE_AKANXHINEYUEM,state_trait_remained_infrastructure
STATE_AKANXHINEYUEM@map_data/state_regions/00_middle_senaxh.txt:1558,88,STATE_AKANXHINEYUEM,state_trait_the_great_palace
STATE_RIOHYUXH@map_data/state_regions/00_middle_senaxh.txt:1576,89,STATE_RIOHYUXH,state_trait_the_great_river
STATE_RIODERANTE@map_data/state_regions/00_middle_senaxh.txt:1595,90,STATE_RIODERANTE,state_trait_the_great_river
STATE_AKAVANAH@map_data/state_regions/00_middle_senaxh.txt:1722,97,STATE_AKAVANAH,state_trait_great_black_soil
STATE_AKAVANAH@map_data/state_regions/00_middle_senaxh.txt:1722,97,STATE_AKAVANAH,state_trait_remained_infrastructure
STATE_AKAVANAH@map_data/state_regions/00_middle_senaxh.txt:1722,97,STATE_AKAVANAH,state_trait_earth_mankind_arrival_location
STATE_AKAVANAH@map_data/state_regions/00_middle_senaxh.txt:1722,97,STATE_AKAVANAH,state_good_place_for_mankind
STATE_ROXH_AQUITENTS@map_data/state_regions/00_middle_senaxh.txt:1777,100,STATE_ROXH_AQUITENTS,state_trait_the_great_river
STATE_ROXH_AQUITENTS@map_data/state_regions/00_middle_senaxh.txt:1777,100,STATE_ROXH_AQUITENTS,state_trait_great_black_soil
STATE_RIYUTS@map_data/state_regions/00_middle_senaxh.txt:1796,101,STATE_RIYUTS,state_trait_the_great_river
STATE_OTS@map_data/state_regions/00_middle_senaxh.txt:1816,102,STATE_OTS,state_trait_the_great_river
STATE_IOTS@map_data/state_regions/00_middle_senaxh.txt:1833,103,STATE_IOTS,state_trait_the_great_river
STATE_KIPENTS@map_data/state_regions/00_middle_senaxh.txt:1851,104,STATE_KIPENTS,state_trait_the_great_river
STATE_KAROTA@map_data/state_regions/00_middle_senaxh.txt:1871,105,STATE_KAROTA,state_trait_the_great_river
STATE_KAROTA@map_data/state_regions/00_middle_senaxh.txt:1871,105,STATE_KAROTA,state_trait_remained_infrastructure
STATE_NIUXH@map_data/state_regions/00_middle_senaxh.txt:1929,108,STATE_NIUXH,state_trait_the_great_river
STATE_KAOTS@map_data/state_regions/00_middle_senaxh.txt:1946,109,STATE_KAOTS,state_trait_the_great_river
STATE_KAOTS@map_data/state_regions/00_middle_senaxh.txt:1946,109,STATE_KAOTS,state_trait_great_black_soil
STATE_YEIL@map_data/state_regions/00_middle_senaxh.txt:1963,110,STATE_YEIL,state_trait_the_great_river
STATE_KRANHEXH@map_data/state_regions/00_middle_senaxh.txt:1982,111,STATE_KRANHEXH,state_trait_the_great_river
STATE_SAILRETS@map_data/state_regions/00_middle_senaxh.txt:1998,112,STATE_SAILRETS,state_trait_the_great_river
STATE_XHEVHRANTH@map_data/state_regions/00_middle_senaxh.txt:2014,113,STATE_XHEVHRANTH,state_trait_the_great_river
STATE_RANKAXH@map_data/state_regions/00_middle_senaxh.txt:2034,114,STATE_RANKAXH,state_trait_the_great_river
STATE_SAOLRITS@map_data/state_regions/00_middle_senaxh.txt:2053,115,STATE_SAOLRITS,state_trait_great_black_soil
STATE_SPELRITS@map_data/state_regions/00_middle_senaxh.txt:2070,116,STATE_SPELRITS,state_trait_remained_infrastructure
STATE_SPELRITS@map_data/state_regions/00_middle_senaxh.txt:2070,116,STATE_SPELRITS,state_trait_the_center_of_industry
STATE_RIVONETS@map_data/state_regions/00_middle_senaxh.txt:2088,117,STATE_RIVONETS,state_trait_the_great_river
STATE_AIN_HEXH@map_data/state_regions/00_middle_senaxh.txt:2106,118,STATE_AIN_HEXH,state_trait_the_great_river
STATE_MIXH@map_data/state_regions/00_middle_senaxh.txt:2156,121,STATE_MIXH,state_trait_the_great_river
STATE_AUXTHREH@map_data/state_regions/00_middle_senaxh.txt:2175,122,STATE_AUXTHREH,state_trait_the_great_river
STATE_RIXH@map_data/state_regions/00_middle_senaxh.txt:2208,124,STATE_RIXH,state_trait_the_great_river
STATE_RIXH@map_data/state_regions/00_middle_senaxh.txt:2208,124,STATE_RIXH,state_trait_grand_mountain
STATE_HEYELRITS@map_data/state_regions/00_middle_senaxh.txt:2248,126,STATE_HEYELRITS,state_trait_the_great_river
STATE_AVHAJYAEL@map_data/state_regions/00_middle_senaxh.txt:2281,128,STATE_AVHAJYAEL,state_trait_the_great_river
STATE_AVHAJYAEL@map_data/state_regions/00_middle_senaxh.txt:2281,128,STATE_AVHAJYAEL,state_trait_great_black_soil
STATE_ELRIVL@map_data/state_regions/00_middle_senaxh.txt:2299,129,STATE_ELRIVL,state_trait_the_great_river
STATE_HEINPAXH@map_data/state_regions/00_middle_senaxh.txt:2315,130,STATE_HEINPAXH,state_trait_the_great_river
STATE_RAFAELRANTH@map_data/state_regions/00_middle_senaxh.txt:2333,131,STATE_RAFAELRANTH,state_trait_the_great_river
STATE_RIOXHUTATH@map_data/state_regions/00_middle_senaxh.txt:2350,132,STATE_RIOXHUTATH,state_trait_the_great_river
STATE_RIOXHUTATH@map_data/state_regions/00_middle_senaxh.txt:2350,132,STATE_RIOXHUTATH,state_trait_great_black_soil
STATE_IKILRONTH@map_data/state_regions/00_middle_senaxh.txt:2384,134,STATE_IKILRONTH,state_trait_the_great_river
STATE_GEKELRITH@map_data/state_regions/00_middle_senaxh.txt:2403,135,STATE_GEKELRITH,state_trait_the_great_river
STATE_GEKELRITH@map_data/state_regions/00_middle_senaxh.txt:2403,135,STATE_GEKELRITH,state_trait_great_black_soil
STATE_RITOELRANTH@map_data/state_regions/00_middle_senaxh.txt:2438,137,STATE_RITOELRANTH,state_trait_the_great_river
STATE_RITOELRANTH@map_data/state_regions/00_middle_senaxh.txt:2438,137,STATE_RITOELRANTH,state_trait_the_center_of_industry
STATE_RITOELRANTH@map_data/state_regions/00_middle_senaxh.txt:2438,137,STATE_RITOELRANTH,state_trait_grand_mountain
STATE_XHIVELRHTO@map_data/state_regions/00_middle_senaxh.txt:2478,139,STATE_XHIVELRHTO,state_trait_the_great_river
STATE_RUTELRINVERKH@map_data/state_regions/00_middle_senaxh.txt:2496,140,STATE_RUTELRINVERKH,state_trait_the_great_river
STATE_RUTELRINVERKH@map_data/state_regions/00_middle_senaxh.txt:2496,140,STATE_RUTELRINVERKH,state_trait_grand_mountain
STATE_RYUVAXHTELRANTH@map_data/state_regions/00_middle_senaxh.txt:2519,141,STATE_RYUVAXHTELRANTH,state_trait_the_great_river
STATE_RYUVAXHTELRANTH@map_data/state_regions/00_middle_senaxh.txt:2519,141,STATE_RYUVAXHTELRANTH,state_trait_blue_forest
STATE_KAVARANTH@map_data/state_regions/00_middle_senaxh.txt:2538,142,STATE_KAVARANTH,state_trait_the_great_river
STATE_RIVELRANTH@map_data/state_regions/00_middle_senaxh.txt:2554,143,STATE_RIVELRANTH,state_trait_the_great_river
STATE_OSTRANTH@map_data/state_regions/00_middle_senaxh.txt:2570,144,STATE_OSTRANTH,state_trait_the_great_river
STATE_NORTHRANTH@map_data/state_regions/00_middle_senaxh.txt:2586,145,STATE_NORTHRANTH,state_trait_the_great_river
STATE_XHUKELRITH@map_data/state_regions/00_middle_senaxh.txt:2604,146,STATE_XHUKELRITH,state_trait_the_great_river
STATE_RUTORINVERKH@map_data/state_regions/00_middle_senaxh.txt:2638,148,STATE_RUTORINVERKH,state_trait_great_black_soil
STATE_RUTORINVERKH@map_data/state_regions/00_middle_senaxh.txt:2638,148,STATE_RUTORINVERKH,state_trait_grand_mountain
STATE_RUTORINVERKH@map_data/state_regions/00_middle_senaxh.txt:2638,148,STATE_RUTORINVERKH,state_good_place_for_mankind
STATE_KANVERKH@map_data/state_regions/00_middle_senaxh.txt:2657,149,STATE_KANVERKH,state_trait_the_great_river
STATE_SCHUTHKHVERKH@map_data/state_regions/00_middle_senaxh.txt:2674,150,STATE_SCHUTHKHVERKH,state_trait_grand_mountain
STATE_RINOVL@map_data/state_regions/00_middle_senaxh.txt:2695,151,STATE_RINOVL,state_trait_the_great_river
STATE_YUAHELRINTH@map_data/state_regions/00_middle_senaxh.txt:2729,153,STATE_YUAHELRINTH,state_trait_the_great_river
STATE_KAVABOAH@map_data/state_regions/00_middle_senaxh.txt:2763,155,STATE_KAVABOAH,state_trait_the_great_river
STATE_INSTELRANTH@map_data/state_regions/00_middle_senaxh.txt:2780,156,STATE_INSTELRANTH,state_trait_the_great_river
STATE_INSTELRANTH@map_data/state_regions/00_middle_senaxh.txt:2780,156,STATE_INSTELRANTH,state_trait_great_black_soil
STATE_AVAXHTANINVERKH@map_data/state_regions/00_middle_senaxh.txt:2797,157,STATE_AVAXHTANINVERKH,state_trait_blue_forest
STATE_AVAXHTANINVERKH@map_data/state_regions/00_middle_senaxh.txt:2797,157,STATE_AVAXHTANINVERKH,state_trait_grand_mountain
STATE_RANELRANTH@map_data/state_regions/00_middle_senaxh.txt:2817,158,STATE_RANELRANTH,state_trait_the_great_river
STATE_REKANUXH@map_data/state_regions/02_east_south_senaxh.txt:1,300,STATE_REKANUXH,state_trait_the_great_river
STATE_OLXH@map_data/state_regions/02_east_south_senaxh.txt:19,301,STATE_OLXH,state_trait_the_great_river
STATE_RAVENXH@map_data/state_regions/02_east_south_senaxh.txt:37,302,STATE_RAVENXH,state_trait_the_great_river
STATE_IOTOXH@map_data/state_regions/03_south_senaxh.txt:211,444,STATE_IOTOXH,state_trait_the_great_river
STATE_IOTOXH@map_data/state_regions/03_south_senaxh.txt:211,444,STATE_IOTOXH,state_trait_grand_mountain
STATE_NIHELRONIAH@map_data/state_regions/05_north_west_senaxh.txt:1,600,STATE_NIHELRONIAH,state_trait_the_great_river
STATE_ONTALRONIAH@map_data/state_regions/05_north_west_senaxh.txt:115,617,STATE_ONTALRONIAH,state_trait_the_great_river
STATE_ONTALRONIAH@map_data/state_regions/05_north_west_senaxh.txt:115,617,STATE_ONTALRONIAH,state_trait_blue_forest
STATE_ONTALRONIAH@map_data/state_regions/05_north_west_senaxh.txt:115,617,STATE_ONTALRONIAH,state_trait_grand_mountain
STATE_AMARHNIAH@map_data/state_regions/05_north_west_senaxh.txt:134,618,STATE_AMARHNIAH,state_trait_the_great_river
STATE_AMARHNIAH@map_data/state_regions/05_north_west_senaxh.txt:134,618,STATE_AMARHNIAH,state_trait_blue_forest
STATE_AMARHNIAH@map_data/state_regions/05_north_west_senaxh.txt:134,618,STATE_AMARHNIAH,state_trait_grand_mountain
STATE_ONTORINTANCZ@map_data/state_regions/05_north_west_senaxh.txt:153,619,STATE_ONTORINTANCZ,state_trait_the_great_river
STATE_ONTORINTANCZ@map_data/state_regions/05_north_west_senaxh.txt:153,619,STATE_ONTORINTANCZ,state_trait_blue_forest
STATE_ONTORINTANCZ@map_data/state_regions/05_north_west_senaxh.txt:153,619,STATE_ONTORINTANCZ,state_trait_grand_mountain
STATE_SHINSEOUL@map_data/state_regions/07_raionion_korea.txt:1,800,STATE_SHINSEOUL,state_trait_the_great_river
STATE_SHINSEOUL@map_data/state_regions/07_raionion_korea.txt:1,800,STATE_SHINSEOUL,state_trait_remained_infrastructure
STATE_SHINSEOUL@map_data/state_regions/07_raionion_korea.txt:1,800,STATE_SHINSEOUL,state_trait_grand_mountain
STATE_SHINSEOUL@map_data/state_regions/07_raionion_korea.txt:1,800,STATE_SHINSEOUL,state_trait_great_black_soil
STATE_SHINSEOUL@map_data/state_regions/07_raionion_korea.txt:1,800,STATE_SHINSEOUL,state_trait_the_center_of_industry
STATE_SHINSEOUL@map_data/state_regions/07_raionion_korea.txt:1,800,STATE_SHINSEOUL,state_good_place_for_mankind
STATE_SHINSEOUL@map_data/state_regions/07_raionion_korea.txt:1,800,STATE_SHINSEOUL,state_trait_earth_mankind_arrival_location
STATE_CHEONGJIN@map_data/state_regions/07_raionion_korea.txt:24,801,STATE_CHEONGJIN,state_trait_the_great_river
STATE_GAIHN@map_data/state_regions/07_raionion_korea.txt:44,802,STATE_GAIHN,state_trait_the_great_river
STATE_BUWON@map_data/state_regions/07_raionion_korea.txt:64,803,STATE_BUWON,state_trait_the_great_river
STATE_NAMREUNG@map_data/state_regions/07_raionion_korea.txt:83,804,STATE_NAMREUNG,state_trait_the_great_river
STATE_SUREUNG@map_data/state_regions/07_raionion_korea.txt:103,805,STATE_SUREUNG,state_trait_the_great_river
STATE_HWANGAHN@map_data/state_regions/07_raionion_korea.txt:123,806,STATE_HWANGAHN,state_trait_the_great_river
STATE_PYEONGJEON@map_data/state_regions/07_raionion_korea.txt:144,807,STATE_PYEONGJEON,state_trait_the_great_river
STATE_HAMSEON@map_data/state_regions/07_raionion_korea.txt:165,808,STATE_HAMSEON,state_trait_the_great_river
STATE_JEJU@map_data/state_regions/07_raionion_korea.txt:242,812,STATE_JEJU,state_trait_the_great_river
STATE_GRIENDH@map_data/state_regions/12_siyraeion.txt:2,1300,STATE_GRIENDH,state_trait_the_great_river
STATE_RYUTS@map_data/state_regions/12_siyraeion.txt:23,1301,STATE_RYUTS,state_trait_the_great_river
