region_record_id,region_key,state_key,state_ids,state_record_ids,state_defined,membership_order
region_seivranth_strategic_region@common/strategic_regions/traiah_continent_strategic_regions.txt:11,region_seivranth_strategic_region,STATE_RARHELIYA,[1],"[""STATE_RARHELIYA@map_data/state_regions/00_middle_senaxh.txt:1""]",true,0
region_seivranth_strategic_region@common/strategic_regions/traiah_continent_strategic_regions.txt:11,region_seivranth_strategic_region,STATE_RYUVLROCZEAH,[2],"[""STATE_RYUVLROCZEAH@map_data/state_regions/00_middle_senaxh.txt:20""]",true,1
region_seivranth_strategic_region@common/strategic_regions/traiah_continent_strategic_regions.txt:11,region_seivranth_strategic_region,STATE_AKTYVANA,[3],"[""STATE_AKTYVANA@map_data/state_regions/00_middle_senaxh.txt:39""]",true,2
region_seivranth_strategic_region@common/strategic_regions/traiah_continent_strategic_regions.txt:11,region_seivranth_strategic_region,STATE_HAILREIYUEM,[4],"[""STATE_HAILREIYUEM@map_data/state_regions/00_middle_senaxh.txt:58""]",true,3
region_seivranth_strategic_region@common/strategic_regions/traiah_continent_strategic_regions.txt:11,region_seivranth_strategic_region,STATE_KAELRINIAH,[5],"[""STATE_KAELRINIAH@map_data/state_regions/00_middle_senaxh.txt:77""]",true,4
region_seivranth_strategic_region@common/strategic_regions/traiah_continent_strategic_regions.txt:11,region_seivranth_strategic_region,STATE_EKKELRINVERKH,[6],"[""STATE_EKKELRINVERKH@map_data/state_regions/00_middle_senaxh.txt:95""]",true,5
region_seivranth_strategic_region@common/strategic_regions/traiah_continent_strategic_regions.txt:11,region_seivranth_strategic_region,STATE_INXHIYUEM,[8],"[""STATE_INXHIYUEM@map_data/state_regions/00_middle_senaxh.txt:138""]",true,6
region_seivranth_strategic_region@common/strategic_regions/traiah_continent_strategic_regions.txt:11,region_seivranth_strategic_region,STATE_RELRAVHRINTH,[9],"[""STATE_RELRAVHRINTH@map_data/state_regions/00_middle_senaxh.txt:155""]",true,7
region_seivranth_strategic_region@common/strategic_regions/traiah_continent_strategic_regions.txt:11,region_seivranth_strategic_region,STATE_ARIVH,[10],"[""STATE_ARIVH@map_data/state_regions/00_middle_senaxh.txt:172""]",true,8
region_seivranth_strategic_region@common/strategic_regions/traiah_continent_strategic_regions.txt:11,region_seivranth_strategic_region,STATE_INXHELRIYUEM_ATHVANH,[11],"[""STATE_INXHELRIYUEM_ATHVANH@map_data/state_regions/00_middle_senaxh.txt:189""]",true,9
region_seivranth_strategic_region@common/strategic_regions/traiah_continent_strategic_regions.txt:11,region_seivranth_strategic_region,STATE_RUVELRINION,[12],"[""STATE_RUVELRINION@map_data/state_regions/00_middle_senaxh.txt:208""]",true,10
region_seivranth_strategic_region@common/strategic_regions/traiah_continent_strategic_regions.txt:11,region_seivranth_strategic_region,STATE_YUSELRENEYUEM,[13],"[""STATE_YUSELRENEYUEM@map_data/state_regions/00_middle_senaxh.txt:228""]",true,11
region_seivranth_strategic_region@common/strategic_regions/traiah_continent_strategic_regions.txt:11,region_seivranth_strategic_region,STATE_RISVOAH,[14],"[""STATE_RISVOAH@map_data/state_regions/00_middle_senaxh.txt:245""]",true,12
region_seivranth_strategic_region@common/strategic_regions/traiah_continent_strategic_regions.txt:11,region_seivranth_strategic_region,STATE_EKKENXHIYUEM,[7],"[""STATE_EKKENXHIYUEM@map_data/state_regions/00_middle_senaxh.txt:118""]",true,13
region_seivranth_strategic_region@common/strategic_regions/traiah_continent_strategic_regions.txt:11,region_seivranth_strategic_region,STATE_KRAMXHUTH,[87],"[""STATE_KRAMXHUTH@map_data/state_regions/00_middle_senaxh.txt:1541""]",true,14
region_seivranth_strategic_region@common/strategic_regions/traiah_continent_strategic_regions.txt:11,region_seivranth_strategic_region,STATE_EKKELRIYUEM,[55],"[""STATE_EKKELRIYUEM@map_data/state_regions/00_middle_senaxh.txt:964""]",true,15
region_seivranth_strategic_region@common/strategic_regions/traiah_continent_strategic_regions.txt:11,region_seivranth_strategic_region,STATE_XHEIMVHRANTH,[54],"[""STATE_XHEIMVHRANTH@map_data/state_regions/00_middle_senaxh.txt:945""]",true,16
region_seivranth_strategic_region@common/strategic_regions/traiah_continent_strategic_regions.txt:11,region_seivranth_strategic_region,STATE_EKKELRIYUEM,[55],"[""STATE_EKKELRIYUEM@map_data/state_regions/00_middle_senaxh.txt:964""]",true,17
region_seivranth_strategic_region@common/strategic_regions/traiah_continent_strategic_regions.txt:11,region_seivranth_strategic_region,STATE_RANELRANTH,[158],"[""STATE_RANELRANTH@map_data/state_regions/00_middle_senaxh.txt:2817""]",true,18
region_seivranth_strategic_region@common/strategic_regions/traiah_continent_strategic_regions.txt:11,region_seivranth_strategic_region,STATE_RIOXHUTATH,[132],"[""STATE_RIOXHUTATH@map_data/state_regions/00_middle_senaxh.txt:2350""]",true,19
region_seivranth_strategic_region@common/strategic_regions/traiah_continent_strategic_regions.txt:11,region_seivranth_strategic_region,STATE_RANPATCZAN,[133],"[""STATE_RANPATCZAN@map_data/state_regions/00_middle_senaxh.txt:2368""]",true,20
region_seivranth_strategic_region@common/strategic_regions/traiah_continent_strategic_regions.txt:11,region_seivranth_strategic_region,STATE_AUXTHREH,[122],"[""STATE_AUXTHREH@map_data/state_regions/00_middle_senaxh.txt:2175""]",true,21
region_seivranth_strategic_region@common/strategic_regions/traiah_continent_strategic_regions.txt:11,region_seivranth_strategic_region,STATE_RANKAXH,[114],"[""STATE_RANKAXH@map_data/state_regions/00_middle_senaxh.txt:2034""]",true,22
region_seivranth_strategic_region@common/strategic_regions/traiah_continent_strategic_regions.txt:11,region_seivranth_strategic_region,STATE_XHEVHRANTH,[113],"[""STATE_XHEVHRANTH@map_data/state_regions/00_middle_senaxh.txt:2014""]",true,23
region_seivranth_strategic_region@common/strategic_regions/traiah_continent_strategic_regions.txt:11,region_seivranth_strategic_region,STATE_IKILRONTH,[134],"[""STATE_IKILRONTH@map_data/state_regions/00_middle_senaxh.txt:2384""]",true,24
region_seivranth_strategic_region@common/strategic_regions/traiah_continent_strategic_regions.txt:11,region_seivranth_strategic_region,STATE_GEKELRITH,[135],"[""STATE_GEKELRITH@map_data/state_regions/00_middle_senaxh.txt:2403""]",true,25
region_seivranth_strategic_region@common/strategic_regions/traiah_continent_strategic_regions.txt:11,region_seivranth_strategic_region,STATE_OSTATH,[136],"[""STATE_OSTATH@map_data/state_regions/00_middle_senaxh.txt:2421""]",true,26
region_seivranth_strategic_region@common/strategic_regions/traiah_continent_strategic_regions.txt:11,region_seivranth_strategic_region,STATE_RYUVAXHTELRANTH,[141],"[""STATE_RYUVAXHTELRANTH@map_data/state_regions/00_middle_senaxh.txt:2519""]",true,27
region_seivranth_strategic_region@common/strategic_regions/traiah_continent_strategic_regions.txt:11,region_seivranth_strategic_region,STATE_RUTELRINVERKH,[140],"[""STATE_RUTELRINVERKH@map_data/state_regions/00_middle_senaxh.txt:2496""]",true,28
region_seivranth_strategic_region@common/strategic_regions/traiah_continent_strategic_regions.txt:11,region_seivranth_strategic_region,STATE_XHIVELRHTO,[139],"[""STATE_XHIVELRHTO@map_data/state_regions/00_middle_senaxh.txt:2478""]",true,29
region_seivranth_strategic_region@common/strategic_regions/traiah_continent_strategic_regions.txt:11,region_seivranth_strategic_region,STATE_IKIVANTS,[138],"[""STATE_IKIVANTS@map_data/state_regions/00_middle_senaxh.txt:2460""]",true,30
region_seivranth_strategic_region@common/strategic_regions/traiah_continent_strategic_regions.txt:11,region_seivranth_strategic_region,STATE_RITOELRANTH,[137],"[""STATE_RITOELRANTH@map_data/state_regions/00_middle_senaxh.txt:2438""]",true,31
region_seivranth_strategic_region@common/strategic_regions/traiah_continent_strategic_regions.txt:11,region_seivranth_strategic_region,STATE_RAFAELRANTH,[131],"[""STATE_RAFAELRANTH@map_data/state_regions/00_middle_senaxh.txt:2333""]",true,32
region_seivranth_strategic_region@common/strategic_regions/traiah_continent_strategic_regions.txt:11,region_seivranth_strategic_region,STATE_ROTELRANTH,[35],"[""STATE_ROTELRANTH@map_data/state_regions/00_middle_senaxh.txt:611""]",true,33
region_seivranth_strategic_region@common/strategic_regions/traiah_continent_strategic_regions.txt:11,region_seivranth_strategic_region,STATE_KARIXHUSH,[36],"[""STATE_KARIXHUSH@map_data/state_regions/00_middle_senaxh.txt:628""]",true,34
region_seivranth_strategic_region@common/strategic_regions/traiah_continent_strategic_regions.txt:11,region_seivranth_strategic_region,STATE_AVAXHTANINVERKH,[157],"[""STATE_AVAXHTANINVERKH@map_data/state_regions/00_middle_senaxh.txt:2797""]",true,35
region_seivranth_strategic_region@common/strategic_regions/traiah_continent_strategic_regions.txt:11,region_seivranth_strategic_region,STATE_AXHTELRANTH,[15],"[""STATE_AXHTELRANTH@map_data/state_regions/00_middle_senaxh.txt:262""]",true,36
region_seivranth_strategic_region@common/strategic_regions/traiah_continent_strategic_regions.txt:11,region_seivranth_strategic_region,STATE_ISVELRIYA,[20],"[""STATE_ISVELRIYA@map_data/state_regions/00_middle_senaxh.txt:350""]",true,37
region_seivranth_strategic_region@common/strategic_regions/traiah_continent_strategic_regions.txt:11,region_seivranth_strategic_region,STATE_IOHNITH,[23],"[""STATE_IOHNITH@map_data/state_regions/00_middle_senaxh.txt:404""]",true,38
region_seivranth_strategic_region@common/strategic_regions/traiah_continent_strategic_regions.txt:11,region_seivranth_strategic_region,STATE_PIYERHTO,[24],"[""STATE_PIYERHTO@map_data/state_regions/00_middle_senaxh.txt:424""]",true,39
region_seivranth_strategic_region@common/strategic_regions/traiah_continent_strategic_regions.txt:11,region_seivranth_strategic_region,STATE_NIXHTSELRANTH,[25],"[""STATE_NIXHTSELRANTH@map_data/state_regions/00_middle_senaxh.txt:441""]",true,40
region_seivranth_strategic_region@common/strategic_regions/traiah_continent_strategic_regions.txt:11,region_seivranth_strategic_region,STATE_RIXH,[124],"[""STATE_RIXH@map_data/state_regions/00_middle_senaxh.txt:2208""]",true,41
region_seivranth_strategic_region@common/strategic_regions/traiah_continent_strategic_regions.txt:11,region_seivranth_strategic_region,STATE_SHUTHFAL,[29],"[""STATE_SHUTHFAL@map_data/state_regions/00_middle_senaxh.txt:508""]",true,42
region_seivranth_strategic_region@common/strategic_regions/traiah_continent_strategic_regions.txt:11,region_seivranth_strategic_region,STATE_KUPALHACZAL,[28],"[""STATE_KUPALHACZAL@map_data/state_regions/00_middle_senaxh.txt:491""]",true,43
region_seivranth_strategic_region@common/strategic_regions/traiah_continent_strategic_regions.txt:11,region_seivranth_strategic_region,STATE_KAMPFCZAL,[30],"[""STATE_KAMPFCZAL@map_data/state_regions/00_middle_senaxh.txt:526""]",true,44
region_seivranth_strategic_region@common/strategic_regions/traiah_continent_strategic_regions.txt:11,region_seivranth_strategic_region,STATE_AVHTSELANTH,[26],"[""STATE_AVHTSELANTH@map_data/state_regions/00_middle_senaxh.txt:457""]",true,45
region_seivranth_strategic_region@common/strategic_regions/traiah_continent_strategic_regions.txt:11,region_seivranth_strategic_region,STATE_RUTOTORIYUEM,[27],"[""STATE_RUTOTORIYUEM@map_data/state_regions/00_middle_senaxh.txt:475""]",true,46
region_seivranth_strategic_region@common/strategic_regions/traiah_continent_strategic_regions.txt:11,region_seivranth_strategic_region,STATE_SEPLFARIYUEM,[31],"[""STATE_SEPLFARIYUEM@map_data/state_regions/00_middle_senaxh.txt:545""]",true,47
region_seivranth_strategic_region@common/strategic_regions/traiah_continent_strategic_regions.txt:11,region_seivranth_strategic_region,STATE_IVELRELRANTH,[32],"[""STATE_IVELRELRANTH@map_data/state_regions/00_middle_senaxh.txt:561""]",true,48
region_seivranth_strategic_region@common/strategic_regions/traiah_continent_strategic_regions.txt:11,region_seivranth_strategic_region,STATE_INNANXHIYUEM,[33],"[""STATE_INNANXHIYUEM@map_data/state_regions/00_middle_senaxh.txt:577""]",true,49
region_seivranth_strategic_region@common/strategic_regions/traiah_continent_strategic_regions.txt:11,region_seivranth_strategic_region,STATE_OVELRAXHIYUEM,[34],"[""STATE_OVELRAXHIYUEM@map_data/state_regions/00_middle_senaxh.txt:593""]",true,50
region_seivranth_strategic_region@common/strategic_regions/traiah_continent_strategic_regions.txt:11,region_seivranth_strategic_region,STATE_AKALRIXHIYUEM,[37],"[""STATE_AKALRIXHIYUEM@map_data/state_regions/00_middle_senaxh.txt:645""]",true,51
region_seivranth_strategic_region@common/strategic_regions/traiah_continent_strategic_regions.txt:11,region_seivranth_strategic_region,STATE_AHALRANENTH,[16],"[""STATE_AHALRANENTH@map_data/state_regions/00_middle_senaxh.txt:279""]",true,52
region_seivranth_strategic_region@common/strategic_regions/traiah_continent_strategic_regions.txt:11,region_seivranth_strategic_region,STATE_KARFALRANTH,[17],"[""STATE_KARFALRANTH@map_data/state_regions/00_middle_senaxh.txt:297""]",true,53
region_seivranth_strategic_region@common/strategic_regions/traiah_continent_strategic_regions.txt:11,region_seivranth_strategic_region,STATE_TOTARANTH,[18],"[""STATE_TOTARANTH@map_data/state_regions/00_middle_senaxh.txt:316""]",true,54
region_seivranth_strategic_region@common/strategic_regions/traiah_continent_strategic_regions.txt:11,region_seivranth_strategic_region,STATE_RAXHVELRANYA,[19],"[""STATE_RAXHVELRANYA@map_data/state_regions/00_middle_senaxh.txt:333""]",true,55
region_seivranth_strategic_region@common/strategic_regions/traiah_continent_strategic_regions.txt:11,region_seivranth_strategic_region,STATE_AVAROXH,[38],"[""STATE_AVAROXH@map_data/state_regions/00_middle_senaxh.txt:666""]",true,56
region_seivranth_strategic_region@common/strategic_regions/traiah_continent_strategic_regions.txt:11,region_seivranth_strategic_region,STATE_KERIVIXH,[39],"[""STATE_KERIVIXH@map_data/state_regions/00_middle_senaxh.txt:683""]",true,57
region_seivranth_strategic_region@common/strategic_regions/traiah_continent_strategic_regions.txt:11,region_seivranth_strategic_region,STATE_VILRUNIAH,[40],"[""STATE_VILRUNIAH@map_data/state_regions/00_middle_senaxh.txt:700""]",true,58
region_seivranth_strategic_region@common/strategic_regions/traiah_continent_strategic_regions.txt:11,region_seivranth_strategic_region,STATE_RERUHNIAH,[41],"[""STATE_RERUHNIAH@map_data/state_regions/00_middle_senaxh.txt:718""]",true,59
region_seivranth_strategic_region@common/strategic_regions/traiah_continent_strategic_regions.txt:11,region_seivranth_strategic_region,STATE_RUNACZAL,[42],"[""STATE_RUNACZAL@map_data/state_regions/00_middle_senaxh.txt:736""]",true,60
region_seivranth_strategic_region@common/strategic_regions/traiah_continent_strategic_regions.txt:11,region_seivranth_strategic_region,STATE_SATALRONIAH,[43],"[""STATE_SATALRONIAH@map_data/state_regions/00_middle_senaxh.txt:753""]",true,61
region_seivranth_strategic_region@common/strategic_regions/traiah_continent_strategic_regions.txt:11,region_seivranth_strategic_region,STATE_KEILRAYA,[46],"[""STATE_KEILRAYA@map_data/state_regions/00_middle_senaxh.txt:808""]",true,62
region_seivranth_strategic_region@common/strategic_regions/traiah_continent_strategic_regions.txt:11,region_seivranth_strategic_region,STATE_SCHUVELRUNAHN,[47],"[""STATE_SCHUVELRUNAHN@map_data/state_regions/00_middle_senaxh.txt:824""]",true,63
region_seivranth_strategic_region@common/strategic_regions/traiah_continent_strategic_regions.txt:11,region_seivranth_strategic_region,STATE_SAVALRANAH,[48],"[""STATE_SAVALRANAH@map_data/state_regions/00_middle_senaxh.txt:840""]",true,64
region_seivranth_strategic_region@common/strategic_regions/traiah_continent_strategic_regions.txt:11,region_seivranth_strategic_region,STATE_YUVALRIOTH,[49],"[""STATE_YUVALRIOTH@map_data/state_regions/00_middle_senaxh.txt:858""]",true,65
region_seivranth_strategic_region@common/strategic_regions/traiah_continent_strategic_regions.txt:11,region_seivranth_strategic_region,STATE_ROFOPELRIYA,[50],"[""STATE_ROFOPELRIYA@map_data/state_regions/00_middle_senaxh.txt:877""]",true,66
region_seivranth_strategic_region@common/strategic_regions/traiah_continent_strategic_regions.txt:11,region_seivranth_strategic_region,STATE_SCHUTELRANTH,[51],"[""STATE_SCHUTELRANTH@map_data/state_regions/00_middle_senaxh.txt:893""]",true,67
region_seivranth_strategic_region@common/strategic_regions/traiah_continent_strategic_regions.txt:11,region_seivranth_strategic_region,STATE_KAFHVELRIYA,[22],"[""STATE_KAFHVELRIYA@map_data/state_regions/00_middle_senaxh.txt:387""]",true,68
region_seivranth_strategic_region@common/strategic_regions/traiah_continent_strategic_regions.txt:11,region_seivranth_strategic_region,STATE_RUTORINVERKH,[148],"[""STATE_RUTORINVERKH@map_data/state_regions/00_middle_senaxh.txt:2638""]",true,69
region_seivranth_strategic_region@common/strategic_regions/traiah_continent_strategic_regions.txt:11,region_seivranth_strategic_region,STATE_KAVARANTH,[142],"[""STATE_KAVARANTH@map_data/state_regions/00_middle_senaxh.txt:2538""]",true,70
region_seivranth_strategic_region@common/strategic_regions/traiah_continent_strategic_regions.txt:11,region_seivranth_strategic_region,STATE_RIVELRANTH,[143],"[""STATE_RIVELRANTH@map_data/state_regions/00_middle_senaxh.txt:2554""]",true,71
region_seivranth_strategic_region@common/strategic_regions/traiah_continent_strategic_regions.txt:11,region_seivranth_strategic_region,STATE_OSTRANTH,[144],"[""STATE_OSTRANTH@map_data/state_regions/00_middle_senaxh.txt:2570""]",true,72
region_seivranth_strategic_region@common/strategic_regions/traiah_continent_strategic_regions.txt:11,region_seivranth_strategic_region,STATE_NORTHRANTH,[145],"[""STATE_NORTHRANTH@map_data/state_regions/00_middle_senaxh.txt:2586""]",true,73
region_seivranth_strategic_region@common/strategic_regions/traiah_continent_strategic_regions.txt:11,region_seivranth_strategic_region,STATE_XHUKELRITH,[146],"[""STATE_XHUKELRITH@map_data/state_regions/00_middle_senaxh.txt:2604""]",true,74
region_seivranth_strategic_region@common/strategic_regions/traiah_continent_strategic_regions.txt:11,region_seivranth_strategic_region,STATE_ANXHTELRANTH,[147],"[""STATE_ANXHTELRANTH@map_data/state_regions/00_middle_senaxh.txt:2621""]",true,75
region_seivranth_strategic_region@common/strategic_regions/traiah_continent_strategic_regions.txt:11,region_seivranth_strategic_region,STATE_KANVERKH,[149],"[""STATE_KANVERKH@map_data/state_regions/00_middle_senaxh.txt:2657""]",true,76
region_seivranth_strategic_region@common/strategic_regions/traiah_continent_strategic_regions.txt:11,region_seivranth_strategic_region,STATE_SCHUTHKHVERKH,[150],"[""STATE_SCHUTHKHVERKH@map_data/state_regions/00_middle_senaxh.txt:2674""]",true,77
region_seivranth_strategic_region@common/strategic_regions/traiah_continent_strategic_regions.txt:11,region_seivranth_strategic_region,STATE_RINOVL,[151],"[""STATE_RINOVL@map_data/state_regions/00_middle_senaxh.txt:2695""]",true,78
region_seivranth_strategic_region@common/strategic_regions/traiah_continent_strategic_regions.txt:11,region_seivranth_strategic_region,STATE_RIOSLRAVL,[152],"[""STATE_RIOSLRAVL@map_data/state_regions/00_middle_senaxh.txt:2712""]",true,79
region_seivranth_strategic_region@common/strategic_regions/traiah_continent_strategic_regions.txt:11,region_seivranth_strategic_region,STATE_YUAHELRINTH,[153],"[""STATE_YUAHELRINTH@map_data/state_regions/00_middle_senaxh.txt:2729""]",true,80
region_seivranth_strategic_region@common/strategic_regions/traiah_continent_strategic_regions.txt:11,region_seivranth_strategic_region,STATE_NIXHVOAH,[154],"[""STATE_NIXHVOAH@map_data/state_regions/00_middle_senaxh.txt:2746""]",true,81
region_seivranth_strategic_region@common/strategic_regions/traiah_continent_strategic_regions.txt:11,region_seivranth_strategic_region,STATE_KAVABOAH,[155],"[""STATE_KAVABOAH@map_data/state_regions/00_middle_senaxh.txt:2763""]",true,82
region_seivranth_strategic_region@common/strategic_regions/traiah_continent_strategic_regions.txt:11,region_seivranth_strategic_region,STATE_INSTELRANTH,[156],"[""STATE_INSTELRANTH@map_data/state_regions/00_middle_senaxh.txt:2780""]",true,83
region_seivranth_strategic_region@common/strategic_regions/traiah_continent_strategic_regions.txt:11,region_seivranth_strategic_region,STATE_AKANXHINEYUEM,[88],"[""STATE_AKANXHINEYUEM@map_data/state_regions/00_middle_senaxh.txt:1558""]",true,84
region_seivranth_strategic_region@common/strategic_regions/traiah_continent_strategic_regions.txt:11,region_seivranth_strategic_region,STATE_RIARHTO,[21],"[""STATE_RIARHTO@map_data/state_regions/00_middle_senaxh.txt:369""]",true,85
region_seivranth_strategic_region@common/strategic_regions/traiah_continent_strategic_regions.txt:11,region_seivranth_strategic_region,STATE_AFANXHINIAH,[69],"[""STATE_AFANXHINIAH@map_data/state_regions/00_middle_senaxh.txt:1220""]",true,86
region_kauats_strategic_region@common/strategic_regions/traiah_continent_strategic_regions.txt:17,region_kauats_strategic_region,STATE_KAXHTETS,[59],"[""STATE_KAXHTETS@map_data/state_regions/00_middle_senaxh.txt:1037""]",true,0
region_kauats_strategic_region@common/strategic_regions/traiah_continent_strategic_regions.txt:17,region_kauats_strategic_region,STATE_AIXHTETS,[58],"[""STATE_AIXHTETS@map_data/state_regions/00_middle_senaxh.txt:1021""]",true,1
region_kauats_strategic_region@common/strategic_regions/traiah_continent_strategic_regions.txt:17,region_kauats_strategic_region,STATE_KAVHRITH,[63],"[""STATE_KAVHRITH@map_data/state_regions/00_middle_senaxh.txt:1109""]",true,2
region_kauats_strategic_region@common/strategic_regions/traiah_continent_strategic_regions.txt:17,region_kauats_strategic_region,STATE_RIENHAIM,[61],"[""STATE_RIENHAIM@map_data/state_regions/00_middle_senaxh.txt:1072""]",true,3
region_kauats_strategic_region@common/strategic_regions/traiah_continent_strategic_regions.txt:17,region_kauats_strategic_region,STATE_AHELRONIAH,[62],"[""STATE_AHELRONIAH@map_data/state_regions/00_middle_senaxh.txt:1090""]",true,4
region_kauats_strategic_region@common/strategic_regions/traiah_continent_strategic_regions.txt:17,region_kauats_strategic_region,STATE_REFANTH,[68],"[""STATE_REFANTH@map_data/state_regions/00_middle_senaxh.txt:1200""]",true,5
region_kauats_strategic_region@common/strategic_regions/traiah_continent_strategic_regions.txt:17,region_kauats_strategic_region,STATE_RIHIZERTH,[64],"[""STATE_RIHIZERTH@map_data/state_regions/00_middle_senaxh.txt:1126""]",true,6
region_kauats_strategic_region@common/strategic_regions/traiah_continent_strategic_regions.txt:17,region_kauats_strategic_region,STATE_HAEXH,[74],"[""STATE_HAEXH@map_data/state_regions/00_middle_senaxh.txt:1313""]",true,7
region_kauats_strategic_region@common/strategic_regions/traiah_continent_strategic_regions.txt:17,region_kauats_strategic_region,STATE_AYUTH,[67],"[""STATE_AYUTH@map_data/state_regions/00_middle_senaxh.txt:1182""]",true,8
region_kauats_strategic_region@common/strategic_regions/traiah_continent_strategic_regions.txt:17,region_kauats_strategic_region,STATE_SOIVETS,[66],"[""STATE_SOIVETS@map_data/state_regions/00_middle_senaxh.txt:1165""]",true,9
region_kauats_strategic_region@common/strategic_regions/traiah_continent_strategic_regions.txt:17,region_kauats_strategic_region,STATE_HIKANTITS,[65],"[""STATE_HIKANTITS@map_data/state_regions/00_middle_senaxh.txt:1146""]",true,10
region_kauats_strategic_region@common/strategic_regions/traiah_continent_strategic_regions.txt:17,region_kauats_strategic_region,STATE_AKAXHINA,[76],"[""STATE_AKAXHINA@map_data/state_regions/00_middle_senaxh.txt:1350""]",true,11
region_kauats_strategic_region@common/strategic_regions/traiah_continent_strategic_regions.txt:17,region_kauats_strategic_region,STATE_RUTHKANA,[75],"[""STATE_RUTHKANA@map_data/state_regions/00_middle_senaxh.txt:1331""]",true,12
region_kauats_strategic_region@common/strategic_regions/traiah_continent_strategic_regions.txt:17,region_kauats_strategic_region,STATE_RYUXHTELRONTH,[77],"[""STATE_RYUXHTELRONTH@map_data/state_regions/00_middle_senaxh.txt:1368""]",true,13
region_kauats_strategic_region@common/strategic_regions/traiah_continent_strategic_regions.txt:17,region_kauats_strategic_region,STATE_RAVANENTH,[56],"[""STATE_RAVANENTH@map_data/state_regions/00_middle_senaxh.txt:986""]",true,14
region_kauats_strategic_region@common/strategic_regions/traiah_continent_strategic_regions.txt:17,region_kauats_strategic_region,STATE_OSTER,[60],"[""STATE_OSTER@map_data/state_regions/00_middle_senaxh.txt:1053""]",true,15
region_kauats_strategic_region@common/strategic_regions/traiah_continent_strategic_regions.txt:17,region_kauats_strategic_region,STATE_IKELRITS,[57],"[""STATE_IKELRITS@map_data/state_regions/00_middle_senaxh.txt:1004""]",true,16
region_kauats_strategic_region@common/strategic_regions/traiah_continent_strategic_regions.txt:17,region_kauats_strategic_region,STATE_KUKELRITS,[52],"[""STATE_KUKELRITS@map_data/state_regions/00_middle_senaxh.txt:910""]",true,17
region_kauats_strategic_region@common/strategic_regions/traiah_continent_strategic_regions.txt:17,region_kauats_strategic_region,STATE_RIVHRANENTH,[53],"[""STATE_RIVHRANENTH@map_data/state_regions/00_middle_senaxh.txt:927""]",true,18
region_north_senaxh_low_land_strategic_region@common/strategic_regions/traiah_continent_strategic_regions.txt:23,region_north_senaxh_low_land_strategic_region,STATE_KIYEFELROTS,[82],"[""STATE_KIYEFELROTS@map_data/state_regions/00_middle_senaxh.txt:1444""]",true,0
region_north_senaxh_low_land_strategic_region@common/strategic_regions/traiah_continent_strategic_regions.txt:23,region_north_senaxh_low_land_strategic_region,STATE_RIVOXH,[81],"[""STATE_RIVOXH@map_data/state_regions/00_middle_senaxh.txt:1426""]",true,1
region_north_senaxh_low_land_strategic_region@common/strategic_regions/traiah_continent_strategic_regions.txt:23,region_north_senaxh_low_land_strategic_region,STATE_KRANHEXH,[111],"[""STATE_KRANHEXH@map_data/state_regions/00_middle_senaxh.txt:1982""]",true,2
region_north_senaxh_low_land_strategic_region@common/strategic_regions/traiah_continent_strategic_regions.txt:23,region_north_senaxh_low_land_strategic_region,STATE_SIYELRITS,[127],"[""STATE_SIYELRITS@map_data/state_regions/00_middle_senaxh.txt:2264""]",true,3
region_north_senaxh_low_land_strategic_region@common/strategic_regions/traiah_continent_strategic_regions.txt:23,region_north_senaxh_low_land_strategic_region,STATE_SAILRETS,[112],"[""STATE_SAILRETS@map_data/state_regions/00_middle_senaxh.txt:1998""]",true,4
region_north_senaxh_low_land_strategic_region@common/strategic_regions/traiah_continent_strategic_regions.txt:23,region_north_senaxh_low_land_strategic_region,STATE_AKAVANAH,[97],"[""STATE_AKAVANAH@map_data/state_regions/00_middle_senaxh.txt:1722""]",true,5
region_north_senaxh_low_land_strategic_region@common/strategic_regions/traiah_continent_strategic_regions.txt:23,region_north_senaxh_low_land_strategic_region,STATE_HAIOXH,[125],"[""STATE_HAIOXH@map_data/state_regions/00_middle_senaxh.txt:2229""]",true,6
region_north_senaxh_low_land_strategic_region@common/strategic_regions/traiah_continent_strategic_regions.txt:23,region_north_senaxh_low_land_strategic_region,STATE_RIODERANTE,[90],"[""STATE_RIODERANTE@map_data/state_regions/00_middle_senaxh.txt:1595""]",true,7
region_north_senaxh_low_land_strategic_region@common/strategic_regions/traiah_continent_strategic_regions.txt:23,region_north_senaxh_low_land_strategic_region,STATE_KAIVAH,[99],"[""STATE_KAIVAH@map_data/state_regions/00_middle_senaxh.txt:1760""]",true,8
region_north_senaxh_low_land_strategic_region@common/strategic_regions/traiah_continent_strategic_regions.txt:23,region_north_senaxh_low_land_strategic_region,STATE_AISPATS,[98],"[""STATE_AISPATS@map_data/state_regions/00_middle_senaxh.txt:1743""]",true,9
region_north_senaxh_low_land_strategic_region@common/strategic_regions/traiah_continent_strategic_regions.txt:23,region_north_senaxh_low_land_strategic_region,STATE_RUSTANCZAH,[96],"[""STATE_RUSTANCZAH@map_data/state_regions/00_middle_senaxh.txt:1704""]",true,10
region_north_senaxh_low_land_strategic_region@common/strategic_regions/traiah_continent_strategic_regions.txt:23,region_north_senaxh_low_land_strategic_region,STATE_HAVANERA,[95],"[""STATE_HAVANERA@map_data/state_regions/00_middle_senaxh.txt:1685""]",true,11
region_north_senaxh_low_land_strategic_region@common/strategic_regions/traiah_continent_strategic_regions.txt:23,region_north_senaxh_low_land_strategic_region,STATE_RAXHINITH,[94],"[""STATE_RAXHINITH@map_data/state_regions/00_middle_senaxh.txt:1667""]",true,12
region_north_senaxh_low_land_strategic_region@common/strategic_regions/traiah_continent_strategic_regions.txt:23,region_north_senaxh_low_land_strategic_region,STATE_AXTOLTS,[93],"[""STATE_AXTOLTS@map_data/state_regions/00_middle_senaxh.txt:1649""]",true,13
region_north_senaxh_low_land_strategic_region@common/strategic_regions/traiah_continent_strategic_regions.txt:23,region_north_senaxh_low_land_strategic_region,STATE_RIASUXH,[92],"[""STATE_RIASUXH@map_data/state_regions/00_middle_senaxh.txt:1632""]",true,14
region_north_senaxh_low_land_strategic_region@common/strategic_regions/traiah_continent_strategic_regions.txt:23,region_north_senaxh_low_land_strategic_region,STATE_RANTATS,[91],"[""STATE_RANTATS@map_data/state_regions/00_middle_senaxh.txt:1613""]",true,15
region_north_senaxh_low_land_strategic_region@common/strategic_regions/traiah_continent_strategic_regions.txt:23,region_north_senaxh_low_land_strategic_region,STATE_RIOHYUXH,[89],"[""STATE_RIOHYUXH@map_data/state_regions/00_middle_senaxh.txt:1576""]",true,16
region_north_senaxh_low_land_strategic_region@common/strategic_regions/traiah_continent_strategic_regions.txt:23,region_north_senaxh_low_land_strategic_region,STATE_YUELRIXHIYUEM,[72],"[""STATE_YUELRIXHIYUEM@map_data/state_regions/00_middle_senaxh.txt:1279""]",true,17
region_north_senaxh_low_land_strategic_region@common/strategic_regions/traiah_continent_strategic_regions.txt:23,region_north_senaxh_low_land_strategic_region,STATE_KARFELRANIAH,[85],"[""STATE_KARFELRANIAH@map_data/state_regions/00_middle_senaxh.txt:1500""]",true,18
region_north_senaxh_low_land_strategic_region@common/strategic_regions/traiah_continent_strategic_regions.txt:23,region_north_senaxh_low_land_strategic_region,STATE_ANNERXH,[84],"[""STATE_ANNERXH@map_data/state_regions/00_middle_senaxh.txt:1483""]",true,19
region_north_senaxh_low_land_strategic_region@common/strategic_regions/traiah_continent_strategic_regions.txt:23,region_north_senaxh_low_land_strategic_region,STATE_HAPLRATS,[78],"[""STATE_HAPLRATS@map_data/state_regions/00_middle_senaxh.txt:1388""]",true,20
region_north_senaxh_low_land_strategic_region@common/strategic_regions/traiah_continent_strategic_regions.txt:23,region_north_senaxh_low_land_strategic_region,STATE_RAIVATS,[79],"[""STATE_RAIVATS@map_data/state_regions/00_middle_senaxh.txt:1407""]",true,21
region_north_senaxh_low_land_strategic_region@common/strategic_regions/traiah_continent_strategic_regions.txt:23,region_north_senaxh_low_land_strategic_region,STATE_HEINPAXH,[130],"[""STATE_HEINPAXH@map_data/state_regions/00_middle_senaxh.txt:2315""]",true,22
region_north_senaxh_low_land_strategic_region@common/strategic_regions/traiah_continent_strategic_regions.txt:23,region_north_senaxh_low_land_strategic_region,STATE_HEIMVEXH,[73],"[""STATE_HEIMVEXH@map_data/state_regions/00_middle_senaxh.txt:1296""]",true,23
region_north_senaxh_low_land_strategic_region@common/strategic_regions/traiah_continent_strategic_regions.txt:23,region_north_senaxh_low_land_strategic_region,STATE_IKELROTS,[83],"[""STATE_IKELROTS@map_data/state_regions/00_middle_senaxh.txt:1466""]",true,24
region_north_senaxh_low_land_strategic_region@common/strategic_regions/traiah_continent_strategic_regions.txt:23,region_north_senaxh_low_land_strategic_region,STATE_AINENXHIYUEM,[70],"[""STATE_AINENXHIYUEM@map_data/state_regions/00_middle_senaxh.txt:1242""]",true,25
region_north_senaxh_low_land_strategic_region@common/strategic_regions/traiah_continent_strategic_regions.txt:23,region_north_senaxh_low_land_strategic_region,STATE_ILRIRIYUEM,[71],"[""STATE_ILRIRIYUEM@map_data/state_regions/00_middle_senaxh.txt:1260""]",true,26
region_karotaniah_strategic_region@common/strategic_regions/traiah_continent_strategic_regions.txt:29,region_karotaniah_strategic_region,STATE_KAROTA,[105],"[""STATE_KAROTA@map_data/state_regions/00_middle_senaxh.txt:1871""]",true,0
region_karotaniah_strategic_region@common/strategic_regions/traiah_continent_strategic_regions.txt:29,region_karotaniah_strategic_region,STATE_RIYUTS,[101],"[""STATE_RIYUTS@map_data/state_regions/00_middle_senaxh.txt:1796""]",true,1
region_karotaniah_strategic_region@common/strategic_regions/traiah_continent_strategic_regions.txt:29,region_karotaniah_strategic_region,STATE_RIXHRANTH,[86],"[""STATE_RIXHRANTH@map_data/state_regions/00_middle_senaxh.txt:1521""]",true,2
region_karotaniah_strategic_region@common/strategic_regions/traiah_continent_strategic_regions.txt:29,region_karotaniah_strategic_region,STATE_ROXH_AQUITENTS,[100],"[""STATE_ROXH_AQUITENTS@map_data/state_regions/00_middle_senaxh.txt:1777""]",true,3
region_karotaniah_strategic_region@common/strategic_regions/traiah_continent_strategic_regions.txt:29,region_karotaniah_strategic_region,STATE_KIOTS,[106],"[""STATE_KIOTS@map_data/state_regions/00_middle_senaxh.txt:1891""]",true,4
region_karotaniah_strategic_region@common/strategic_regions/traiah_continent_strategic_regions.txt:29,region_karotaniah_strategic_region,STATE_NIUXH,[108],"[""STATE_NIUXH@map_data/state_regions/00_middle_senaxh.txt:1929""]",true,5
region_karotaniah_strategic_region@common/strategic_regions/traiah_continent_strategic_regions.txt:29,region_karotaniah_strategic_region,STATE_AVHAJYAEL,[128],"[""STATE_AVHAJYAEL@map_data/state_regions/00_middle_senaxh.txt:2281""]",true,6
region_karotaniah_strategic_region@common/strategic_regions/traiah_continent_strategic_regions.txt:29,region_karotaniah_strategic_region,STATE_KIPENTS,[104],"[""STATE_KIPENTS@map_data/state_regions/00_middle_senaxh.txt:1851""]",true,7
region_karotaniah_strategic_region@common/strategic_regions/traiah_continent_strategic_regions.txt:29,region_karotaniah_strategic_region,STATE_IOTS,[103],"[""STATE_IOTS@map_data/state_regions/00_middle_senaxh.txt:1833""]",true,8
region_karotaniah_strategic_region@common/strategic_regions/traiah_continent_strategic_regions.txt:29,region_karotaniah_strategic_region,STATE_OTS,[102],"[""STATE_OTS@map_data/state_regions/00_middle_senaxh.txt:1816""]",true,9
region_karotaniah_strategic_region@common/strategic_regions/traiah_continent_strategic_regions.txt:29,region_karotaniah_strategic_region,STATE_SEVILRUXH,[107],"[""STATE_SEVILRUXH@map_data/state_regions/00_middle_senaxh.txt:1909""]",true,10
region_kastalriya_strategic_region@common/strategic_regions/traiah_continent_strategic_regions.txt:35,region_kastalriya_strategic_region,STATE_VEIGAH,[234],"[""STATE_VEIGAH@map_data/state_regions/01_east_north_senaxh.txt:171""]",true,0
region_kastalriya_strategic_region@common/strategic_regions/traiah_continent_strategic_regions.txt:35,region_kastalriya_strategic_region,STATE_INTOIGAH,[235],"[""STATE_INTOIGAH@map_data/state_regions/01_east_north_senaxh.txt:176""]",true,1
region_kastalriya_strategic_region@common/strategic_regions/traiah_continent_strategic_regions.txt:35,region_kastalriya_strategic_region,STATE_RUVAXHZIYEH,[236],"[""STATE_RUVAXHZIYEH@map_data/state_regions/01_east_north_senaxh.txt:181""]",true,2
region_kastalriya_strategic_region@common/strategic_regions/traiah_continent_strategic_regions.txt:35,region_kastalriya_strategic_region,STATE_ANXHUNAYA,[237],"[""STATE_ANXHUNAYA@map_data/state_regions/01_east_north_senaxh.txt:186""]",true,3
region_kastalriya_strategic_region@common/strategic_regions/traiah_continent_strategic_regions.txt:35,region_kastalriya_strategic_region,STATE_OKLRAYA,[238],"[""STATE_OKLRAYA@map_data/state_regions/01_east_north_senaxh.txt:191""]",true,4
region_kastalriya_strategic_region@common/strategic_regions/traiah_continent_strategic_regions.txt:35,region_kastalriya_strategic_region,STATE_VITHHARALRAYA,[239],"[""STATE_VITHHARALRAYA@map_data/state_regions/01_east_north_senaxh.txt:196""]",true,5
region_kastalriya_strategic_region@common/strategic_regions/traiah_continent_strategic_regions.txt:35,region_kastalriya_strategic_region,STATE_HARHHARALRAYA,[240],"[""STATE_HARHHARALRAYA@map_data/state_regions/01_east_north_senaxh.txt:201""]",true,6
region_kastalriya_strategic_region@common/strategic_regions/traiah_continent_strategic_regions.txt:35,region_kastalriya_strategic_region,STATE_SARALRAYA,[241],"[""STATE_SARALRAYA@map_data/state_regions/01_east_north_senaxh.txt:206""]",true,7
region_kastalriya_strategic_region@common/strategic_regions/traiah_continent_strategic_regions.txt:35,region_kastalriya_strategic_region,STATE_ANXHHARALRAYA,[242],"[""STATE_ANXHHARALRAYA@map_data/state_regions/01_east_north_senaxh.txt:211""]",true,8
region_kastalriya_strategic_region@common/strategic_regions/traiah_continent_strategic_regions.txt:35,region_kastalriya_strategic_region,STATE_HOVHNAYA,[224],"[""STATE_HOVHNAYA@map_data/state_regions/01_east_north_senaxh.txt:121""]",true,9
region_kastalriya_strategic_region@common/strategic_regions/traiah_continent_strategic_regions.txt:35,region_kastalriya_strategic_region,STATE_ROXHTOEM,[225],"[""STATE_ROXHTOEM@map_data/state_regions/01_east_north_senaxh.txt:126""]",true,10
region_kastalriya_strategic_region@common/strategic_regions/traiah_continent_strategic_regions.txt:35,region_kastalriya_strategic_region,STATE_OSTRAHAM,[226],"[""STATE_OSTRAHAM@map_data/state_regions/01_east_north_senaxh.txt:131""]",true,11
region_kastalriya_strategic_region@common/strategic_regions/traiah_continent_strategic_regions.txt:35,region_kastalriya_strategic_region,STATE_SIOZUNA,[227],"[""STATE_SIOZUNA@map_data/state_regions/01_east_north_senaxh.txt:136""]",true,12
region_kastalriya_strategic_region@common/strategic_regions/traiah_continent_strategic_regions.txt:35,region_kastalriya_strategic_region,STATE_KAIZUKA,[228],"[""STATE_KAIZUKA@map_data/state_regions/01_east_north_senaxh.txt:141""]",true,13
region_kastalriya_strategic_region@common/strategic_regions/traiah_continent_strategic_regions.txt:35,region_kastalriya_strategic_region,STATE_RUDHGA,[229],"[""STATE_RUDHGA@map_data/state_regions/01_east_north_senaxh.txt:146""]",true,14
region_kastalriya_strategic_region@common/strategic_regions/traiah_continent_strategic_regions.txt:35,region_kastalriya_strategic_region,STATE_IHOTANYA,[230],"[""STATE_IHOTANYA@map_data/state_regions/01_east_north_senaxh.txt:151""]",true,15
region_kastalriya_strategic_region@common/strategic_regions/traiah_continent_strategic_regions.txt:35,region_kastalriya_strategic_region,STATE_RUSTOKA,[231],"[""STATE_RUSTOKA@map_data/state_regions/01_east_north_senaxh.txt:156""]",true,16
region_kastalriya_strategic_region@common/strategic_regions/traiah_continent_strategic_regions.txt:35,region_kastalriya_strategic_region,STATE_ROTONTANYA,[232],"[""STATE_ROTONTANYA@map_data/state_regions/01_east_north_senaxh.txt:161""]",true,17
region_kastalriya_strategic_region@common/strategic_regions/traiah_continent_strategic_regions.txt:35,region_kastalriya_strategic_region,STATE_EVELRIGA,[260],"[""STATE_EVELRIGA@map_data/state_regions/01_east_north_senaxh.txt:291""]",true,18
region_kastalriya_strategic_region@common/strategic_regions/traiah_continent_strategic_regions.txt:35,region_kastalriya_strategic_region,STATE_INVOENTAHN,[233],"[""STATE_INVOENTAHN@map_data/state_regions/01_east_north_senaxh.txt:166""]",true,19
region_naiheldaroniah_strategic_region@common/strategic_regions/traiah_continent_strategic_regions.txt:41,region_naiheldaroniah_strategic_region,STATE_SPELRITS,[116],"[""STATE_SPELRITS@map_data/state_regions/00_middle_senaxh.txt:2070""]",true,0
region_naiheldaroniah_strategic_region@common/strategic_regions/traiah_continent_strategic_regions.txt:41,region_naiheldaroniah_strategic_region,STATE_RIVONETS,[117],"[""STATE_RIVONETS@map_data/state_regions/00_middle_senaxh.txt:2088""]",true,1
region_naiheldaroniah_strategic_region@common/strategic_regions/traiah_continent_strategic_regions.txt:41,region_naiheldaroniah_strategic_region,STATE_AIN_HEXH,[118],"[""STATE_AIN_HEXH@map_data/state_regions/00_middle_senaxh.txt:2106""]",true,2
region_naiheldaroniah_strategic_region@common/strategic_regions/traiah_continent_strategic_regions.txt:41,region_naiheldaroniah_strategic_region,STATE_SEINVL,[123],"[""STATE_SEINVL@map_data/state_regions/00_middle_senaxh.txt:2192""]",true,3
region_naiheldaroniah_strategic_region@common/strategic_regions/traiah_continent_strategic_regions.txt:41,region_naiheldaroniah_strategic_region,STATE_KAOTS,[109],"[""STATE_KAOTS@map_data/state_regions/00_middle_senaxh.txt:1946""]",true,4
region_naiheldaroniah_strategic_region@common/strategic_regions/traiah_continent_strategic_regions.txt:41,region_naiheldaroniah_strategic_region,STATE_YEIL,[110],"[""STATE_YEIL@map_data/state_regions/00_middle_senaxh.txt:1963""]",true,5
region_naiheldaroniah_strategic_region@common/strategic_regions/traiah_continent_strategic_regions.txt:41,region_naiheldaroniah_strategic_region,STATE_HEYELRITS,[126],"[""STATE_HEYELRITS@map_data/state_regions/00_middle_senaxh.txt:2248""]",true,6
region_naiheldaroniah_strategic_region@common/strategic_regions/traiah_continent_strategic_regions.txt:41,region_naiheldaroniah_strategic_region,STATE_SAOLRITS,[115],"[""STATE_SAOLRITS@map_data/state_regions/00_middle_senaxh.txt:2053""]",true,7
region_naiheldaroniah_strategic_region@common/strategic_regions/traiah_continent_strategic_regions.txt:41,region_naiheldaroniah_strategic_region,STATE_ELRIVL,[129],"[""STATE_ELRIVL@map_data/state_regions/00_middle_senaxh.txt:2299""]",true,8
region_naiheldaroniah_strategic_region@common/strategic_regions/traiah_continent_strategic_regions.txt:41,region_naiheldaroniah_strategic_region,STATE_MIXH,[121],"[""STATE_MIXH@map_data/state_regions/00_middle_senaxh.txt:2156""]",true,9
region_naiheldaroniah_strategic_region@common/strategic_regions/traiah_continent_strategic_regions.txt:41,region_naiheldaroniah_strategic_region,STATE_KIEXH,[119],"[""STATE_KIEXH@map_data/state_regions/00_middle_senaxh.txt:2123""]",true,10
region_naiheldaroniah_strategic_region@common/strategic_regions/traiah_continent_strategic_regions.txt:41,region_naiheldaroniah_strategic_region,STATE_YARESLRAVL,[120],"[""STATE_YARESLRAVL@map_data/state_regions/00_middle_senaxh.txt:2140""]",true,11
region_hyaryet_strategic_region@common/strategic_regions/traiah_continent_strategic_regions.txt:47,region_hyaryet_strategic_region,STATE_ZAFIAH_KAIMTH,[1000],"[""STATE_ZAFIAH_KAIMTH@map_data/state_regions/09_hyaryet.txt:2""]",true,0
region_hyaryet_strategic_region@common/strategic_regions/traiah_continent_strategic_regions.txt:47,region_hyaryet_strategic_region,STATE_NORTIAH_KAIMTH,[1001],"[""STATE_NORTIAH_KAIMTH@map_data/state_regions/09_hyaryet.txt:7""]",true,1
region_hyaryet_strategic_region@common/strategic_regions/traiah_continent_strategic_regions.txt:47,region_hyaryet_strategic_region,STATE_HANOELRON,[1002],"[""STATE_HANOELRON@map_data/state_regions/09_hyaryet.txt:12""]",true,2
region_hyaryet_strategic_region@common/strategic_regions/traiah_continent_strategic_regions.txt:47,region_hyaryet_strategic_region,STATE_ZAFIAH_HAILRIXH,[1003],"[""STATE_ZAFIAH_HAILRIXH@map_data/state_regions/09_hyaryet.txt:17""]",true,3
region_hyaryet_strategic_region@common/strategic_regions/traiah_continent_strategic_regions.txt:47,region_hyaryet_strategic_region,STATE_VESTIAH_HAILRIXH,[1004],"[""STATE_VESTIAH_HAILRIXH@map_data/state_regions/09_hyaryet.txt:22""]",true,4
region_hyaryet_strategic_region@common/strategic_regions/traiah_continent_strategic_regions.txt:47,region_hyaryet_strategic_region,STATE_NORTIAH_HAILRIXH,[1005],"[""STATE_NORTIAH_HAILRIXH@map_data/state_regions/09_hyaryet.txt:27""]",true,5
region_hyaryet_strategic_region@common/strategic_regions/traiah_continent_strategic_regions.txt:47,region_hyaryet_strategic_region,STATE_CZENTRAL_HYARYET,[1006],"[""STATE_CZENTRAL_HYARYET@map_data/state_regions/09_hyaryet.txt:32""]",true,6
region_hyaryet_strategic_region@common/strategic_regions/traiah_continent_strategic_regions.txt:47,region_hyaryet_strategic_region,STATE_DONIAH_HYARYET,[1007],"[""STATE_DONIAH_HYARYET@map_data/state_regions/09_hyaryet.txt:37""]",true,7
region_hyaryet_strategic_region@common/strategic_regions/traiah_continent_strategic_regions.txt:47,region_hyaryet_strategic_region,STATE_AKXHUKEHNTH,[1008],"[""STATE_AKXHUKEHNTH@map_data/state_regions/09_hyaryet.txt:42""]",true,8
region_hyaryet_strategic_region@common/strategic_regions/traiah_continent_strategic_regions.txt:47,region_hyaryet_strategic_region,STATE_RIAXHTIZEH,[1009],"[""STATE_RIAXHTIZEH@map_data/state_regions/09_hyaryet.txt:47""]",true,9
region_hyaryet_strategic_region@common/strategic_regions/traiah_continent_strategic_regions.txt:47,region_hyaryet_strategic_region,STATE_SHURHVENTH,[1010],"[""STATE_SHURHVENTH@map_data/state_regions/09_hyaryet.txt:52""]",true,10
region_hyaryet_strategic_region@common/strategic_regions/traiah_continent_strategic_regions.txt:47,region_hyaryet_strategic_region,STATE_RIXHUTEHN,[1011],"[""STATE_RIXHUTEHN@map_data/state_regions/09_hyaryet.txt:57""]",true,11
region_hyaryet_strategic_region@common/strategic_regions/traiah_continent_strategic_regions.txt:47,region_hyaryet_strategic_region,STATE_AKITEN,[1012],"[""STATE_AKITEN@map_data/state_regions/09_hyaryet.txt:62""]",true,12
region_hyaryet_strategic_region@common/strategic_regions/traiah_continent_strategic_regions.txt:47,region_hyaryet_strategic_region,STATE_RAXHTANIAH,[1013],"[""STATE_RAXHTANIAH@map_data/state_regions/09_hyaryet.txt:67""]",true,13
region_hyaryet_strategic_region@common/strategic_regions/traiah_continent_strategic_regions.txt:47,region_hyaryet_strategic_region,STATE_FEVHRAIL,[1014],"[""STATE_FEVHRAIL@map_data/state_regions/09_hyaryet.txt:72""]",true,14
region_granblruts_strategic_region@common/strategic_regions/traiah_continent_strategic_regions.txt:53,region_granblruts_strategic_region,STATE_RIKORIXH,[2700],"[""STATE_RIKORIXH@map_data/state_regions/26_grangblruts.txt:1""]",true,0
region_granblruts_strategic_region@common/strategic_regions/traiah_continent_strategic_regions.txt:53,region_granblruts_strategic_region,STATE_VEXHZELATS,[2701],"[""STATE_VEXHZELATS@map_data/state_regions/26_grangblruts.txt:18""]",true,1
region_granblruts_strategic_region@common/strategic_regions/traiah_continent_strategic_regions.txt:53,region_granblruts_strategic_region,STATE_DOSELRONIAH,[2702],"[""STATE_DOSELRONIAH@map_data/state_regions/26_grangblruts.txt:35""]",true,2
region_granblruts_strategic_region@common/strategic_regions/traiah_continent_strategic_regions.txt:53,region_granblruts_strategic_region,STATE_AKANTICZ,[2703],"[""STATE_AKANTICZ@map_data/state_regions/26_grangblruts.txt:52""]",true,3
region_granblruts_strategic_region@common/strategic_regions/traiah_continent_strategic_regions.txt:53,region_granblruts_strategic_region,STATE_TERHCZEAH,[2704],"[""STATE_TERHCZEAH@map_data/state_regions/26_grangblruts.txt:69""]",true,4
region_granblruts_strategic_region@common/strategic_regions/traiah_continent_strategic_regions.txt:53,region_granblruts_strategic_region,STATE_VESTIAH_GRANGBLRUTS,[2705],"[""STATE_VESTIAH_GRANGBLRUTS@map_data/state_regions/26_grangblruts.txt:87""]",true,5
region_granblruts_strategic_region@common/strategic_regions/traiah_continent_strategic_regions.txt:53,region_granblruts_strategic_region,STATE_DONIAH_GRANGBLRUTS,[2706],"[""STATE_DONIAH_GRANGBLRUTS@map_data/state_regions/26_grangblruts.txt:104""]",true,6
region_korean_peninsula_strategic_region@common/strategic_regions/traiah_continent_strategic_regions.txt:59,region_korean_peninsula_strategic_region,STATE_SHINSEOUL,[800],"[""STATE_SHINSEOUL@map_data/state_regions/07_raionion_korea.txt:1""]",true,0
region_korean_peninsula_strategic_region@common/strategic_regions/traiah_continent_strategic_regions.txt:59,region_korean_peninsula_strategic_region,STATE_CHEONGJIN,[801],"[""STATE_CHEONGJIN@map_data/state_regions/07_raionion_korea.txt:24""]",true,1
region_korean_peninsula_strategic_region@common/strategic_regions/traiah_continent_strategic_regions.txt:59,region_korean_peninsula_strategic_region,STATE_GAIHN,[802],"[""STATE_GAIHN@map_data/state_regions/07_raionion_korea.txt:44""]",true,2
region_korean_peninsula_strategic_region@common/strategic_regions/traiah_continent_strategic_regions.txt:59,region_korean_peninsula_strategic_region,STATE_BUWON,[803],"[""STATE_BUWON@map_data/state_regions/07_raionion_korea.txt:64""]",true,3
region_korean_peninsula_strategic_region@common/strategic_regions/traiah_continent_strategic_regions.txt:59,region_korean_peninsula_strategic_region,STATE_NAMREUNG,[804],"[""STATE_NAMREUNG@map_data/state_regions/07_raionion_korea.txt:83""]",true,4
region_korean_peninsula_strategic_region@common/strategic_regions/traiah_continent_strategic_regions.txt:59,region_korean_peninsula_strategic_region,STATE_SUREUNG,[805],"[""STATE_SUREUNG@map_data/state_regions/07_raionion_korea.txt:103""]",true,5
region_korean_peninsula_strategic_region@common/strategic_regions/traiah_continent_strategic_regions.txt:59,region_korean_peninsula_strategic_region,STATE_HWANGAHN,[806],"[""STATE_HWANGAHN@map_data/state_regions/07_raionion_korea.txt:123""]",true,6
region_korean_peninsula_strategic_region@common/strategic_regions/traiah_continent_strategic_regions.txt:59,region_korean_peninsula_strategic_region,STATE_PYEONGJEON,[807],"[""STATE_PYEONGJEON@map_data/state_regions/07_raionion_korea.txt:144""]",true,7
region_korean_peninsula_strategic_region@common/strategic_regions/traiah_continent_strategic_regions.txt:59,region_korean_peninsula_strategic_region,STATE_HAMSEON,[808],"[""STATE_HAMSEON@map_data/state_regions/07_raionion_korea.txt:165""]",true,8
region_korean_peninsula_strategic_region@common/strategic_regions/traiah_continent_strategic_regions.txt:59,region_korean_peninsula_strategic_region,STATE_ULREUNG,[809],"[""STATE_ULREUNG@map_data/state_regions/07_raionion_korea.txt:185""]",true,9
region_korean_peninsula_strategic_region@common/strategic_regions/traiah_continent_strategic_regions.txt:59,region_korean_peninsula_strategic_region,STATE_NAMDANMAN,[810],"[""STATE_NAMDANMAN@map_data/state_regions/07_raionion_korea.txt:204""]",true,10
region_korean_peninsula_strategic_region@common/strategic_regions/traiah_continent_strategic_regions.txt:59,region_korean_peninsula_strategic_region,STATE_BUKDANMAN,[811],"[""STATE_BUKDANMAN@map_data/state_regions/07_raionion_korea.txt:223""]",true,11
region_korean_peninsula_strategic_region@common/strategic_regions/traiah_continent_strategic_regions.txt:59,region_korean_peninsula_strategic_region,STATE_JEJU,[812],"[""STATE_JEJU@map_data/state_regions/07_raionion_korea.txt:242""]",true,12
region_korean_peninsula_strategic_region@common/strategic_regions/traiah_continent_strategic_regions.txt:59,region_korean_peninsula_strategic_region,STATE_PYEONGSEO_GUNDO,[817],"[""STATE_PYEONGSEO_GUNDO@map_data/state_regions/07_raionion_korea.txt:330""]",true,13
region_korean_peninsula_strategic_region@common/strategic_regions/traiah_continent_strategic_regions.txt:59,region_korean_peninsula_strategic_region,STATE_JINOH_GUNDO,[818],"[""STATE_JINOH_GUNDO@map_data/state_regions/07_raionion_korea.txt:347""]",true,14
region_korean_peninsula_strategic_region@common/strategic_regions/traiah_continent_strategic_regions.txt:59,region_korean_peninsula_strategic_region,STATE_ANJODO,[832],"[""STATE_ANJODO@map_data/state_regions/07_raionion_korea.txt:585""]",true,15
region_korean_peninsula_strategic_region@common/strategic_regions/traiah_continent_strategic_regions.txt:59,region_korean_peninsula_strategic_region,STATE_IHJODO,[833],"[""STATE_IHJODO@map_data/state_regions/07_raionion_korea.txt:602""]",true,16
region_korean_peninsula_strategic_region@common/strategic_regions/traiah_continent_strategic_regions.txt:59,region_korean_peninsula_strategic_region,STATE_YIEODO,[834],"[""STATE_YIEODO@map_data/state_regions/07_raionion_korea.txt:619""]",true,17
