region_record_id,region_key,name_english,name_korean,name_key_derived,name_key_derived_is_official,localized_names,capital_province_hex,map_color_raw,state_keys,state_token_count,state_count,source_file,source_line,raw_fields,pixel_area,area_fraction,centroid_x,centroid_y,centroid_x_norm,centroid_y_norm,bbox_min_x,bbox_min_y,bbox_max_x,bbox_max_y,bbox_min_x_norm,bbox_min_y_norm,bbox_max_x_norm,bbox_max_y_norm,circular_centroid_x_norm,circular_resultant_x,defined_state_count,missing_state_keys,province_count,capital_on_map,capital_in_declared_region
region_seivranth_strategic_region@common/strategic_regions/traiah_continent_strategic_regions.txt:11,region_seivranth_strategic_region,,세이브란트 고원,Seivranth,false,"{""korean"":""세이브란트 고원""}",6FB165,"{""type"":""rgb"",""value"":[62,98,201]}","[""STATE_RARHELIYA"",""STATE_RYUVLROCZEAH"",""STATE_AKTYVANA"",""STATE_HAILREIYUEM"",""STATE_KAELRINIAH"",""STATE_EKKELRINVERKH"",""STATE_INXHIYUEM"",""STATE_RELRAVHRINTH"",""STATE_ARIVH"",""STATE_INXHELRIYUEM_ATHVANH"",""STATE_RUVELRINION"",""STATE_YUSELRENEYUEM"",""STATE_RISVOAH"",""STATE_EKKENXHIYUEM"",""STATE_KRAMXHUTH"",""STATE_EKKELRIYUEM"",""STATE_XHEIMVHRANTH"",""STATE_RANELRANTH"",""STATE_RIOXHUTATH"",""STATE_RANPATCZAN"",""STATE_AUXTHREH"",""STATE_RANKAXH"",""STATE_XHEVHRANTH"",""STATE_IKILRONTH"",""STATE_GEKELRITH"",""STATE_OSTATH"",""STATE_RYUVAXHTELRANTH"",""STATE_RUTELRINVERKH"",""STATE_XHIVELRHTO"",""STATE_IKIVANTS"",""STATE_RITOELRANTH"",""STATE_RAFAELRANTH"",""STATE_ROTELRANTH"",""STATE_KARIXHUSH"",""STATE_AVAXHTANINVERKH"",""STATE_AXHTELRANTH"",""STATE_ISVELRIYA"",""STATE_IOHNITH"",""STATE_PIYERHTO"",""STATE_NIXHTSELRANTH"",""STATE_RIXH"",""STATE_SHUTHFAL"",""STATE_KUPALHACZAL"",""STATE_KAMPFCZAL"",""STATE_AVHTSELANTH"",""STATE_RUTOTORIYUEM"",""STATE_SEPLFARIYUEM"",""STATE_IVELRELRANTH"",""STATE_INNANXHIYUEM"",""STATE_OVELRAXHIYUEM"",""STATE_AKALRIXHIYUEM"",""STATE_AHALRANENTH"",""STATE_KARFALRANTH"",""STATE_TOTARANTH"",""STATE_RAXHVELRANYA"",""STATE_AVAROXH"",""STATE_KERIVIXH"",""STATE_VILRUNIAH"",""STATE_RERUHNIAH"",""STATE_RUNACZAL"",""STATE_SATALRONIAH"",""STATE_KEILRAYA"",""STATE_SCHUVELRUNAHN"",""STATE_SAVALRANAH"",""STATE_YUVALRIOTH"",""STATE_ROFOPELRIYA"",""STATE_SCHUTELRANTH"",""STATE_KAFHVELRIYA"",""STATE_RUTORINVERKH"",""STATE_KAVARANTH"",""STATE_RIVELRANTH"",""STATE_OSTRANTH"",""STATE_NORTHRANTH"",""STATE_XHUKELRITH"",""STATE_ANXHTELRANTH"",""STATE_KANVERKH"",""STATE_SCHUTHKHVERKH"",""STATE_RINOVL"",""STATE_RIOSLRAVL"",""STATE_YUAHELRINTH"",""STATE_NIXHVOAH"",""STATE_KAVABOAH"",""STATE_INSTELRANTH"",""STATE_AKANXHINEYUEM"",""STATE_RIARHTO"",""STATE_AFANXHINIAH""]",87,86,common/strategic_regions/traiah_continent_strategic_regions.txt,11,"{""capital_province"":""x6FB165"",""map_color"":{""type"":""rgb"",""value"":[62,98,201]},""states"":[""STATE_RARHELIYA"",""STATE_RYUVLROCZEAH"",""STATE_AKTYVANA"",""STATE_HAILREIYUEM"",""STATE_KAELRINIAH"",""STATE_EKKELRINVERKH"",""STATE_INXHIYUEM"",""STATE_RELRAVHRINTH"",""STATE_ARIVH"",""STATE_INXHELRIYUEM_ATHVANH"",""STATE_RUVELRINION"",""STATE_YUSELRENEYUEM"",""STATE_RISVOAH"",""STATE_EKKENXHIYUEM"",""STATE_KRAMXHUTH"",""STATE_EKKELRIYUEM"",""STATE_XHEIMVHRANTH"",""STATE_EKKELRIYUEM"",""STATE_RANELRANTH"",""STATE_RIOXHUTATH"",""STATE_RANPATCZAN"",""STATE_AUXTHREH"",""STATE_RANKAXH"",""STATE_XHEVHRANTH"",""STATE_IKILRONTH"",""STATE_GEKELRITH"",""STATE_OSTATH"",""STATE_RYUVAXHTELRANTH"",""STATE_RUTELRINVERKH"",""STATE_XHIVELRHTO"",""STATE_IKIVANTS"",""STATE_RITOELRANTH"",""STATE_RAFAELRANTH"",""STATE_ROTELRANTH"",""STATE_KARIXHUSH"",""STATE_AVAXHTANINVERKH"",""STATE_AXHTELRANTH"",""STATE_ISVELRIYA"",""STATE_IOHNITH"",""STATE_PIYERHTO"",""STATE_NIXHTSELRANTH"",""STATE_RIXH"",""STATE_SHUTHFAL"",""STATE_KUPALHACZAL"",""STATE_KAMPFCZAL"",""STATE_AVHTSELANTH"",""STATE_RUTOTORIYUEM"",""STATE_SEPLFARIYUEM"",""STATE_IVELRELRANTH"",""STATE_INNANXHIYUEM"",""STATE_OVELRAXHIYUEM"",""STATE_AKALRIXHIYUEM"",""STATE_AHALRANENTH"",""STATE_KARFALRANTH"",""STATE_TOTARANTH"",""STATE_RAXHVELRANYA"",""STATE_AVAROXH"",""STATE_KERIVIXH"",""STATE_VILRUNIAH"",""STATE_RERUHNIAH"",""STATE_RUNACZAL"",""STATE_SATALRONIAH"",""STATE_KEILRAYA"",""STATE_SCHUVELRUNAHN"",""STATE_SAVALRANAH"",""STATE_YUVALRIOTH"",""STATE_ROFOPELRIYA"",""STATE_SCHUTELRANTH"",""STATE_KAFHVELRIYA"",""STATE_RUTORINVERKH"",""STATE_KAVARANTH"",""STATE_RIVELRANTH"",""STATE_OSTRANTH"",""STATE_NORTHRANTH"",""STATE_XHUKELRITH"",""STATE_ANXHTELRANTH"",""STATE_KANVERKH"",""STATE_SCHUTHKHVERKH"",""STATE_RINOVL"",""STATE_RIOSLRAVL"",""STATE_YUAHELRINTH"",""STATE_NIXHVOAH"",""STATE_KAVABOAH"",""STATE_INSTELRANTH"",""STATE_AKANXHINEYUEM"",""STATE_RIARHTO"",""STATE_AFANXHINIAH""]}",368716,0.012447255902585731,6951.884051682054,1892.631016825958,0.8486796938088444,0.5235428696974441,4546,1261,7393,2153,0.554931640625,0.3487278761061947,0.902587890625,0.5956858407079646,0.8487924115260961,0.9828249616175199,86,[],2721,false,false
region_kauats_strategic_region@common/strategic_regions/traiah_continent_strategic_regions.txt:17,region_kauats_strategic_region,,카우아츠,Kauats,false,"{""korean"":""카우아츠""}",44D17B,"{""type"":""rgb"",""value"":[192,173,208]}","[""STATE_KAXHTETS"",""STATE_AIXHTETS"",""STATE_KAVHRITH"",""STATE_RIENHAIM"",""STATE_AHELRONIAH"",""STATE_REFANTH"",""STATE_RIHIZERTH"",""STATE_HAEXH"",""STATE_AYUTH"",""STATE_SOIVETS"",""STATE_HIKANTITS"",""STATE_AKAXHINA"",""STATE_RUTHKANA"",""STATE_RYUXHTELRONTH"",""STATE_RAVANENTH"",""STATE_OSTER"",""STATE_IKELRITS"",""STATE_KUKELRITS"",""STATE_RIVHRANENTH""]",19,19,common/strategic_regions/traiah_continent_strategic_regions.txt,17,"{""capital_province"":""x44D17B"",""map_color"":{""type"":""rgb"",""value"":[192,173,208]},""states"":[""STATE_KAXHTETS"",""STATE_AIXHTETS"",""STATE_KAVHRITH"",""STATE_RIENHAIM"",""STATE_AHELRONIAH"",""STATE_REFANTH"",""STATE_RIHIZERTH"",""STATE_HAEXH"",""STATE_AYUTH"",""STATE_SOIVETS"",""STATE_HIKANTITS"",""STATE_AKAXHINA"",""STATE_RUTHKANA"",""STATE_RYUXHTELRONTH"",""STATE_RAVANENTH"",""STATE_OSTER"",""STATE_IKELRITS"",""STATE_KUKELRITS"",""STATE_RIVHRANENTH""]}",79297,0.0026769384873651827,6655.202441454279,1554.9738325535645,0.8124636769353368,0.430164223604415,4836,1381,6880,1755,0.59033203125,0.3819137168141593,0.8399658203125,0.4856194690265487,0.8124739642778287,0.9975587492187812,19,[],590,false,false
region_north_senaxh_low_land_strategic_region@common/strategic_regions/traiah_continent_strategic_regions.txt:23,region_north_senaxh_low_land_strategic_region,,북부 세나스 저지대,North Senaxh Low Land,false,"{""korean"":""북부 세나스 저지대""}",1A8BBC,"{""type"":""rgb"",""value"":[186,170,174]}","[""STATE_KIYEFELROTS"",""STATE_RIVOXH"",""STATE_KRANHEXH"",""STATE_SIYELRITS"",""STATE_SAILRETS"",""STATE_AKAVANAH"",""STATE_HAIOXH"",""STATE_RIODERANTE"",""STATE_KAIVAH"",""STATE_AISPATS"",""STATE_RUSTANCZAH"",""STATE_HAVANERA"",""STATE_RAXHINITH"",""STATE_AXTOLTS"",""STATE_RIASUXH"",""STATE_RANTATS"",""STATE_RIOHYUXH"",""STATE_YUELRIXHIYUEM"",""STATE_KARFELRANIAH"",""STATE_ANNERXH"",""STATE_HAPLRATS"",""STATE_RAIVATS"",""STATE_HEINPAXH"",""STATE_HEIMVEXH"",""STATE_IKELROTS"",""STATE_AINENXHIYUEM"",""STATE_ILRIRIYUEM""]",27,27,common/strategic_regions/traiah_continent_strategic_regions.txt,23,"{""capital_province"":""x1A8BBC"",""map_color"":{""type"":""rgb"",""value"":[186,170,174]},""states"":[""STATE_KIYEFELROTS"",""STATE_RIVOXH"",""STATE_KRANHEXH"",""STATE_SIYELRITS"",""STATE_SAILRETS"",""STATE_AKAVANAH"",""STATE_HAIOXH"",""STATE_RIODERANTE"",""STATE_KAIVAH"",""STATE_AISPATS"",""STATE_RUSTANCZAH"",""STATE_HAVANERA"",""STATE_RAXHINITH"",""STATE_AXTOLTS"",""STATE_RIASUXH"",""STATE_RANTATS"",""STATE_RIOHYUXH"",""STATE_YUELRIXHIYUEM"",""STATE_KARFELRANIAH"",""STATE_ANNERXH"",""STATE_HAPLRATS"",""STATE_RAIVATS"",""STATE_HEINPAXH"",""STATE_HEIMVEXH"",""STATE_IKELROTS"",""STATE_AINENXHIYUEM"",""STATE_ILRIRIYUEM""]}",95368,0.0032194694586559734,6987.735718479993,1551.2591225568324,0.8530561179785148,0.42913692548584964,4650,1280,7258,1813,0.567626953125,0.35398230088495575,0.8861083984375,0.5016592920353983,0.8531484434964545,0.9943690632926081,27,[],758,false,false
region_karotaniah_strategic_region@common/strategic_regions/traiah_continent_strategic_regions.txt:29,region_karotaniah_strategic_region,,카로타니아,Karotaniah,false,"{""korean"":""카로타니아""}",76B6D4,"{""type"":""rgb"",""value"":[241,211,178]}","[""STATE_KAROTA"",""STATE_RIYUTS"",""STATE_RIXHRANTH"",""STATE_ROXH_AQUITENTS"",""STATE_KIOTS"",""STATE_NIUXH"",""STATE_AVHAJYAEL"",""STATE_KIPENTS"",""STATE_IOTS"",""STATE_OTS"",""STATE_SEVILRUXH""]",11,11,common/strategic_regions/traiah_continent_strategic_regions.txt,29,"{""capital_province"":""x76B6D4"",""map_color"":{""type"":""rgb"",""value"":[241,211,178]},""states"":[""STATE_KAROTA"",""STATE_RIYUTS"",""STATE_RIXHRANTH"",""STATE_ROXH_AQUITENTS"",""STATE_KIOTS"",""STATE_NIUXH"",""STATE_AVHAJYAEL"",""STATE_KIPENTS"",""STATE_IOTS"",""STATE_OTS"",""STATE_SEVILRUXH""]}",25137,0.0008485844704957135,7285.550344114254,1495.1978756414846,0.8894104423967595,0.41363326206899464,5170,1426,7449,1855,0.631103515625,0.39435840707964603,0.909423828125,0.5132743362831859,0.8894925177241527,0.9978346500546297,11,[],199,false,false
region_kastalriya_strategic_region@common/strategic_regions/traiah_continent_strategic_regions.txt:35,region_kastalriya_strategic_region,,카스탈리야,Kastalriya,false,"{""korean"":""카스탈리야""}",1F56E0,"{""type"":""rgb"",""value"":[225,155,151]}","[""STATE_VEIGAH"",""STATE_INTOIGAH"",""STATE_RUVAXHZIYEH"",""STATE_ANXHUNAYA"",""STATE_OKLRAYA"",""STATE_VITHHARALRAYA"",""STATE_HARHHARALRAYA"",""STATE_SARALRAYA"",""STATE_ANXHHARALRAYA"",""STATE_HOVHNAYA"",""STATE_ROXHTOEM"",""STATE_OSTRAHAM"",""STATE_SIOZUNA"",""STATE_KAIZUKA"",""STATE_RUDHGA"",""STATE_IHOTANYA"",""STATE_RUSTOKA"",""STATE_ROTONTANYA"",""STATE_EVELRIGA"",""STATE_INVOENTAHN""]",20,20,common/strategic_regions/traiah_continent_strategic_regions.txt,35,"{""capital_province"":""x1F56E0"",""map_color"":{""type"":""rgb"",""value"":[225,155,151]},""states"":[""STATE_VEIGAH"",""STATE_INTOIGAH"",""STATE_RUVAXHZIYEH"",""STATE_ANXHUNAYA"",""STATE_OKLRAYA"",""STATE_VITHHARALRAYA"",""STATE_HARHHARALRAYA"",""STATE_SARALRAYA"",""STATE_ANXHHARALRAYA"",""STATE_HOVHNAYA"",""STATE_ROXHTOEM"",""STATE_OSTRAHAM"",""STATE_SIOZUNA"",""STATE_KAIZUKA"",""STATE_RUDHGA"",""STATE_IHOTANYA"",""STATE_RUSTOKA"",""STATE_ROTONTANYA"",""STATE_EVELRIGA"",""STATE_INVOENTAHN""]}",117986,0.003983016562672843,7912.692997474277,1594.1079789127523,0.9659659420744967,0.44098671983206644,4761,1307,8141,1827,0.5811767578125,0.3614491150442478,0.993896484375,0.5055309734513275,0.9660463033842247,0.9956871751352262,20,[],1026,false,false
region_naiheldaroniah_strategic_region@common/strategic_regions/traiah_continent_strategic_regions.txt:41,region_naiheldaroniah_strategic_region,,나이엘다로니아,Naiheldaroniah,false,"{""korean"":""나이엘다로니아""}",206E89,"{""type"":""rgb"",""value"":[205,210,186]}","[""STATE_SPELRITS"",""STATE_RIVONETS"",""STATE_AIN_HEXH"",""STATE_SEINVL"",""STATE_KAOTS"",""STATE_YEIL"",""STATE_HEYELRITS"",""STATE_SAOLRITS"",""STATE_ELRIVL"",""STATE_MIXH"",""STATE_KIEXH"",""STATE_YARESLRAVL""]",12,12,common/strategic_regions/traiah_continent_strategic_regions.txt,41,"{""capital_province"":""x206E89"",""map_color"":{""type"":""rgb"",""value"":[205,210,186]},""states"":[""STATE_SPELRITS"",""STATE_RIVONETS"",""STATE_AIN_HEXH"",""STATE_SEINVL"",""STATE_KAOTS"",""STATE_YEIL"",""STATE_HEYELRITS"",""STATE_SAOLRITS"",""STATE_ELRIVL"",""STATE_MIXH"",""STATE_KIEXH"",""STATE_YARESLRAVL""]}",18305,0.0006179471986483684,7277.6246927069105,1657.520513520896,0.888442955652699,0.4585233721020177,4895,1568,7385,1731,0.5975341796875,0.4336283185840708,0.901611328125,0.47898230088495575,0.8886596003136172,0.9973868668881638,12,[],150,false,false
region_hyaryet_strategic_region@common/strategic_regions/traiah_continent_strategic_regions.txt:47,region_hyaryet_strategic_region,,햐롓,Hyaryet,false,"{""korean"":""햐롓""}",656DB2,"{""type"":""rgb"",""value"":[230,181,211]}","[""STATE_ZAFIAH_KAIMTH"",""STATE_NORTIAH_KAIMTH"",""STATE_HANOELRON"",""STATE_ZAFIAH_HAILRIXH"",""STATE_VESTIAH_HAILRIXH"",""STATE_NORTIAH_HAILRIXH"",""STATE_CZENTRAL_HYARYET"",""STATE_DONIAH_HYARYET"",""STATE_AKXHUKEHNTH"",""STATE_RIAXHTIZEH"",""STATE_SHURHVENTH"",""STATE_RIXHUTEHN"",""STATE_AKITEN"",""STATE_RAXHTANIAH"",""STATE_FEVHRAIL""]",15,15,common/strategic_regions/traiah_continent_strategic_regions.txt,47,"{""capital_province"":""x656DB2"",""map_color"":{""type"":""rgb"",""value"":[230,181,211]},""states"":[""STATE_ZAFIAH_KAIMTH"",""STATE_NORTIAH_KAIMTH"",""STATE_HANOELRON"",""STATE_ZAFIAH_HAILRIXH"",""STATE_VESTIAH_HAILRIXH"",""STATE_NORTIAH_HAILRIXH"",""STATE_CZENTRAL_HYARYET"",""STATE_DONIAH_HYARYET"",""STATE_AKXHUKEHNTH"",""STATE_RIAXHTIZEH"",""STATE_SHURHVENTH"",""STATE_RIXHUTEHN"",""STATE_AKITEN"",""STATE_RAXHTANIAH"",""STATE_FEVHRAIL""]}",8566,0.000289174307764104,6902.0225309362595,990.8917814615924,0.8425930823896801,0.27416808115641383,4755,926,6957,1824,0.5804443359375,0.2560840707964602,0.849365234375,0.5047013274336283,0.8428584078047817,0.9970186843602212,15,[],64,false,false
region_granblruts_strategic_region@common/strategic_regions/traiah_continent_strategic_regions.txt:53,region_granblruts_strategic_region,,그랑블루츠 제도,Granblruts,false,"{""korean"":""그랑블루츠 제도""}",7FADC8,"{""type"":""rgb"",""value"":[230,183,181]}","[""STATE_RIKORIXH"",""STATE_VEXHZELATS"",""STATE_DOSELRONIAH"",""STATE_AKANTICZ"",""STATE_TERHCZEAH"",""STATE_VESTIAH_GRANGBLRUTS"",""STATE_DONIAH_GRANGBLRUTS""]",7,7,common/strategic_regions/traiah_continent_strategic_regions.txt,53,"{""capital_province"":""x7FADC8"",""map_color"":{""type"":""rgb"",""value"":[230,183,181]},""states"":[""STATE_RIKORIXH"",""STATE_VEXHZELATS"",""STATE_DOSELRONIAH"",""STATE_AKANTICZ"",""STATE_TERHCZEAH"",""STATE_VESTIAH_GRANGBLRUTS"",""STATE_DONIAH_GRANGBLRUTS""]}",19249,0.0006498151120886338,6646.931476959842,1313.2561691516441,0.8114540377148245,0.36331752465476885,5196,1194,6772,1416,0.63427734375,0.3301991150442478,0.8267822265625,0.3918694690265487,0.8115104940633586,0.998282294873615,7,[],105,false,false
region_korean_peninsula_strategic_region@common/strategic_regions/traiah_continent_strategic_regions.txt:59,region_korean_peninsula_strategic_region,,한반도,Korean Peninsula,false,"{""korean"":""한반도""}",EB858E,"{""type"":""rgb"",""value"":[151,196,209]}","[""STATE_SHINSEOUL"",""STATE_CHEONGJIN"",""STATE_GAIHN"",""STATE_BUWON"",""STATE_NAMREUNG"",""STATE_SUREUNG"",""STATE_HWANGAHN"",""STATE_PYEONGJEON"",""STATE_HAMSEON"",""STATE_ULREUNG"",""STATE_NAMDANMAN"",""STATE_BUKDANMAN"",""STATE_JEJU"",""STATE_PYEONGSEO_GUNDO"",""STATE_JINOH_GUNDO"",""STATE_ANJODO"",""STATE_IHJODO"",""STATE_YIEODO""]",18,18,common/strategic_regions/traiah_continent_strategic_regions.txt,59,"{""capital_province"":""xEB858E"",""map_color"":{""type"":""rgb"",""value"":[151,196,209]},""states"":[""STATE_SHINSEOUL"",""STATE_CHEONGJIN"",""STATE_GAIHN"",""STATE_BUWON"",""STATE_NAMREUNG"",""STATE_SUREUNG"",""STATE_HWANGAHN"",""STATE_PYEONGJEON"",""STATE_HAMSEON"",""STATE_ULREUNG"",""STATE_NAMDANMAN"",""STATE_BUKDANMAN"",""STATE_JEJU"",""STATE_PYEONGSEO_GUNDO"",""STATE_JINOH_GUNDO"",""STATE_ANJODO"",""STATE_IHJODO"",""STATE_YIEODO""]}",57520,0.00194178218335177,6447.560813630042,3112.775347705146,0.7871167985388234,0.8609721647414674,6092,2893,6668,3538,0.74365234375,0.8000553097345132,0.8140869140625,0.9787057522123894,0.7871439849298782,0.9954920663978933,18,[],457,false,false
region_saidenphroith_strategic_region@common/strategic_regions/traiah_continent_strategic_regions.txt:65,region_saidenphroith_strategic_region,,사이덴프로이트,Saidenphroith,false,"{""korean"":""사이덴프로이트""}",,"{""type"":""rgb"",""value"":[234,207,227]}",[],0,0,common/strategic_regions/traiah_continent_strategic_regions.txt,65,"{""capital_province"":null,""map_color"":{""type"":""rgb"",""value"":[234,207,227]},""states"":[]}",0,0,,,,,,,,,,,,,,,0,[],0,false,
region_raihentonih_strategic_region@common/strategic_regions/traiah_continent_strategic_regions.txt:71,region_raihentonih_strategic_region,,라이헨토니,Raihentonih,false,"{""korean"":""라이헨토니""}",,"{""type"":""rgb"",""value"":[209,187,155]}",[],0,0,common/strategic_regions/traiah_continent_strategic_regions.txt,71,"{""capital_province"":null,""map_color"":{""type"":""rgb"",""value"":[209,187,155]},""states"":[]}",0,0,,,,,,,,,,,,,,,0,[],0,false,
region_phtynatroxh_strategic_region@common/strategic_regions/traiah_continent_strategic_regions.txt:77,region_phtynatroxh_strategic_region,,프티나트로스,Phtynatroxh,false,"{""korean"":""프티나트로스""}",,"{""type"":""rgb"",""value"":[228,229,200]}",[],0,0,common/strategic_regions/traiah_continent_strategic_regions.txt,77,"{""capital_province"":null,""map_color"":{""type"":""rgb"",""value"":[228,229,200]},""states"":[]}",0,0,,,,,,,,,,,,,,,0,[],0,false,
region_kaieslram_strategic_region@common/strategic_regions/traiah_continent_strategic_regions.txt:83,region_kaieslram_strategic_region,,,Kaieslram,false,{},,"{""type"":""rgb"",""value"":[247,223,242]}",[],0,0,common/strategic_regions/traiah_continent_strategic_regions.txt,83,"{""capital_province"":null,""map_color"":{""type"":""rgb"",""value"":[247,223,242]},""states"":[]}",0,0,,,,,,,,,,,,,,,0,[],0,false,
