mapping_id,source_file,source_sheet,target_file_code,target_table_or_function,migration_action,preservation_and_validation,execution_status,evidence_location
MAP-001,REG-V1,00 공통 기준,C00,공통기준 / 기준개정이력,이관·정규화,같은 기준 ID의 복수 행 보존. revision_id 부여 및 현재 채택 여부 분리. 뒤쪽 행을 자동 정본으로 채택하지 않는다.,미실행,
MAP-002,REG-V1,01-지역 마스터,R10,지역목록 / 지역관계,이관·분리,지역 ID·3종 표기·HEX·소속 보존. 병합 헤더를 단일 필드 헤더로 변환. 두 상위지역 열은 관계행으로 펼친다.,미실행,
MAP-003,REG-V1,02 국가 마스터,C00;N10,국가식별목록 / 원문별칭 / 국가기본,분리·대조,공통에는 국가 ID와 중립 목록명만 둔다. 연방 상세속성은 N10. 구형 외국어명과 여타 원문 필드는 별칭·이관보존에 남긴다.,미실행,
MAP-004,REG-V1,03 문화 마스터,C00,문화분류,이관,문화 ID·상위관계·적용기간·정의·복수정체성 규칙 보존.,미실행,
MAP-005,REG-V1,04 종교 마스터,C00,종교분류,이관,종교/종파 기본 식별자 보존. 지역 분포나 교단 조직과 합치지 않는다.,미실행,
MAP-006,REG-V1,05 언어 마스터,C00,언어분류,이관,언어·방언·문자 필드와 표기값을 손실 없이 보존.,미실행,
MAP-007,REG-V1,06 종족 마스터,C00,집단분류,이관,종족·민족·인종 분류축과 미결정 상태 보존. 진행 중인 별도 설정 검토를 추정 반영하지 않는다.,미실행,
MAP-008,REG-V1,07 자원 마스터,C00,자원분류,이관,"자원 ID·분류·기본 단위 보존. R70 매장, R60 생산이 함께 참조.",미실행,
MAP-009,REG-V1,08 특성 사전,C00,특성사전,이관,특성 정의·표시 우선순위·아이콘·효과 구분 보존.,미실행,
MAP-010,REG-V1,09 경제 지표 정의,C00,지표사전,확장 이관,원본 경제 지표 정의는 유지. 분야·분모·가격 기준·집계방식 필드 추가. 새 지표의 사실값은 생성하지 않는다.,미실행,
MAP-011,REG-V1,10 정치 지역관계,R50,지역국가관계,병합 후보 대조,지역 15 및 국가 03과 사실 단위로 대조. 자유서술 시간·적용범위·근거 보존. 중복 추정으로 삭제 금지.,미실행,
MAP-012,REG-V1,11 역사 사건,C00;H90,수동사건 / 통합연표,원본 이관·조회 재구현,수동 작성 사건의 입력 원본은 C00. 지역·국가·인물 ID는 관계필드로 보존. 자동 변동사건과 중복 집계하지 않는다.,미실행,
MAP-013,REG-V1,20 인구,R20,인구관측,정규화 이관,미상·미정·범위·추정값·자유서술 시점 보존. 연간 입력 구조에 맞추려고 정밀도를 조작하지 않는다.,미실행,
MAP-014,REG-V1,21 인구 변동,R20,인구변동,이관,출생·사망·유입·유출·기타증감·기간 보존. 변동 총량으로 미입력 인구를 자동 생성하지 않는다.,미실행,
MAP-015,REG-V1,30 문화 분포,R30,문화분포,이관,구성원수/비율/분모/자료범위를 각각 보존.,미실행,
MAP-016,REG-V1,31 종교 분포,R40,종교분포,이관,상위종교·하위종파 중복 및 다중응답 여부 검증. 다른 종교 관련 이력과 합치지 않는다.,미실행,
MAP-017,REG-V1,32 언어 분포,R30,언어분포,이관,조사 기준을 유지하고 모어·사용어·공용어 지위를 구분.,미실행,
MAP-018,REG-V1,33 종족 분포,R30,집단분포,이관,집단 ID·분모·분류축 보존. 인구 총량의 입력 원본을 이곳에 복제하지 않는다.,미실행,
MAP-019,REG-V1,40 경제 지역값,R60,경제관측,정규화 이관,기간·통화·가격기준·미분류·추정값 보존. 신형 13과 확정된 동일 사실만 통합.,미실행,
MAP-020,REG-V1,41 산업,R60,산업활동,이관,생산량·단위·고용·산업 비중·분모·기간 보존.,미실행,
MAP-021,REG-V1,42 교역,R60,지역간교역,이관,출발/도착 지역·품목·물량·금액·통화·경로 보존. 양쪽 지역 자료라고 같은 거래를 두 번 집계하지 않는다.,미실행,
MAP-022,REG-V1,50 환경 지역값,R70,환경관측,정규화 이관,수치·문자값·단위·기간·통계 기준을 보존하고 14 확장 입력과 대조.,미실행,
MAP-023,REG-V1,51 자원 분포,R70;R60,자원분포 / 자원생산,필드 단위 분리,존재·매장량·품질·이용 가능성은 R70. 생산량·생산기간은 R60. 공통 legacy_locator로 원래 행을 역추적.,미실행,
MAP-024,REG-V1,60 거점 시설,R10;R60;R40,시설목록 / 시설경제값 / 종교시설관계,기본 이관·조건부 필드분리,시설 ID·위치·운영자는 R10. 경제 생산 실적만 R60. 종교 시설의 종교 연결만 R40. 의미 불명 수용량은 원문 보존.,미실행,
MAP-025,REG-V1,61 교통망,R10;R60,교통노선 / 수송실적,기본 이관·조건부 필드분리,노선 ID·연결·방향·운영 상태·설계 속도/용량은 R10. 실제 운송 실적이 있을 때만 R60으로 분리.,미실행,
MAP-026,REG-V1,70 지역 특성,R10,지역특성관계,이관,특성 ID·적용기간·활성·지역별 설명 보존. 경제/환경 효과는 정의 확정 전 수치화하지 않는다.,미실행,
MAP-027,REG-V1,90 출처,C00,출처레지스트리 / 출처별칭,이관·중복 대조,원문 위치·링크·판본·정본 상태·작성일 보존. 국가 출처와 이름만 같다고 병합하지 않는다.,미실행,
MAP-028,REG-V1,00_기준_메타,C00;R10;R20;R60;H90,공통기준 / 분야설정 / 조회설정,역할별 분리,"역법·단위는 C00, 지역 집계범위는 해당 분야, 현재 조회조건은 각 파일. 구형 기본 루트를 자동 A루트로 바꾸지 않는다.",미실행,
MAP-029,REG-V1,02_지역_관계,R10,지역관계,원본 대조·재구현,01의 두 상위지역을 펼친 파생표임을 확인. 이중 이관하지 않고 기존 관계 ID는 별칭 또는 유지 ID로 기록.,미실행,
MAP-030,REG-V1,10_행성_기본값,R70,행성기본값 / 값채택,이관,원문·계산·채택값을 분리. 반경·표면적 불일치는 미해결로 유지. 역법 상수는 C00을 참조하되 물리 원문 근거 보존.,미실행,
MAP-031,REG-V1,11_행성_연간지표,R20;R60;H90,행성인구 / 행성경제 / 행성요약,지표별 분리·수식 재구현,"population은 R20, GDP 등 경제는 R60. 직접설정값과 원래 연도·루트행 보존. 합산/성장률은 재계산.",미실행,
MAP-032,REG-V1,12_지역_인구,R20,인구관측 / 연간입력뷰,정규화 이관,실제 입력행만 관측자료로 이관. 기본 FALSE·빈 수식행을 사실 레코드로 만들지 않는다. 구형 20의 정밀도 보존.,미실행,
MAP-033,REG-V1,13_지역_경제,R60,경제관측 / 연간입력뷰,정규화 이관,같은 연도라도 통화·가격연도·루트·설정판본이 다르면 별도 기록. 기본 FALSE행은 데이터 건수에서 제외.,미실행,
MAP-034,REG-V1,14_지역_자연환경,R70,환경관측,정규화 이관,기년·정수연도 구조를 50 원자료와 대조하고 텍스트·수치 모두 보존.,미실행,
MAP-035,REG-V1,15_지역_소속이력,R50,지역국가관계,병합 후보 대조,국가 03과 통치면적·관계종류·기간이 일치하는지 대조. 동일성 미확정은 별도 후보로 보존.,미실행,
MAP-036,REG-V1,99_검증,R10;R20;R30;R40;R50;R60;R70;C00;H90,분야검증 / 교차검증,검증 기능 재구현,기존 규칙을 검사항목 레지스트리로 이관. 저장된 정상/경고 문구를 새로운 검증 결과로 복사하지 않는다.,미실행,
MAP-037,NAT-V1,00_기준_메타,C00;N10;N20;N30;N40;N50;N60;N70;H90,공통기준 / 분야설정 / 조회조건,역할별 분리,"세계관 기준과 인터페이스 설정 분리. 연간/시점 조회, 종료 미상, 입력 한도, 기본 루트 보존 후 명시 개선.",미실행,
MAP-038,NAT-V1,00_코드북,C00,코드북 / 드롭다운배포,정규화 이관,행별 코드 정의가 원본. 오른쪽 보조목록과 legacy 칩 목록은 파생/호환 자료로 대조. 모든 유효 선택값 보존.,미실행,
MAP-039,NAT-V1,01_국가_기본정보,N10,국가기본,이관,nation-cog-1 및 표기·HEX·상태·출처 유지. C00 국가 목록의 구형 외국어명과 차이는 판본/별칭으로 기록.,미실행,
MAP-040,NAT-V1,02_국호_이력,N10,국호이력,이관,기간·루트·종료 상태 보존. 미입력인 과거 국호를 현행 국호로 자동 채우지 않는다.,미실행,
MAP-041,NAT-V1,03_영토_이력,R50;H90,지역국가관계 / 연방영토뷰,원본 통합·조회 분리,영토 사실은 R50에서만 입력. 국가 파일에는 입력 원본을 복제하지 않는다. 합산 포함과 면적은 독립 필드로 보존.,미실행,
MAP-042,NAT-V1,04_헌정국체_이력,N10,헌정국체이력,이관,체제·근거·전후관계·정확한 기간 보존. 실제 제도 운영은 N20과 ID로 연결.,미실행,
MAP-043,NAT-V1,05_수도_이력,N10,수도이력,이관,수도 종류·지역 ID·기간·출처 보존. 복수 종류의 수도 병존은 단일 수도로 축약하지 않는다.,미실행,
MAP-044,NAT-V1,06_기관구조_이력,N20,기관구조이력,이관,"개칭은 이력, 실제 신설·폐지는 별도 ID라는 기존 구별 유지.",미실행,
MAP-045,NAT-V1,07_선거구_계보,N20,선거구계보,이관,분할/통합 전후의 다대다 관계를 1연결 1행으로 보존.,미실행,
MAP-046,NAT-V1,10_인구_연간,N40,국가인구관측,이관,국가 직접 설정 총인구를 지역 합계와 별도로 보존. 1열 등 부가 열도 실데이터 존재 여부 확인 후 처리.,미실행,
MAP-047,NAT-V1,11_경제_연간,N50,국가경제관측,정규화 이관,"명목·실질·미분류 GDP, 통화, 기준가격연도, 미분류 검토 상태 보존. 광폭 입력뷰는 선택적으로 유지.",미실행,
MAP-048,NAT-V1,12_경제_파생,N50,경제파생 / 인구참조,수식 재구현,직접/채택 인구와 GDP 기준 일치 검사 후 성장률·1인당값 산출. 캐시 숫자로 원본을 대체하지 않는다.,미실행,
MAP-049,NAT-V1,20_기관_마스터,N20,기관직위,이관,office_id·기관/직위 구별·동시정원·상위관계·출력여부 보존. 기관과 선거권자 역할의 차이를 유지.,미실행,
MAP-050,NAT-V1,21_공직_임기,N20,공직임기,이관,황제 재위 포함 모든 공직임기의 원본은 N20. N30 황실신분과 중복 작성하지 않는다. 인물명은 N30 참조.,미실행,
MAP-051,NAT-V1,22_정당_마스터,N20,정당,이관,"정당·연정·무소속 구분, 원어명_기존 보존, HEX, 기반지역, 계보 메모 보존.",미실행,
MAP-052,NAT-V1,23_선거_마스터,N20,선거,이관,election_id·제도·표종·의석범위·클래스·예외·선행선거 보존. 정기 주기로 실제 선거를 생성하지 않는다.,미실행,
MAP-053,NAT-V1,24_선거_결과,N20,선거결과,이관,정당별 득표·당선·선거 후 보유의석 분리. 직접값 및 component_id 유지.,미실행,
MAP-054,NAT-V1,25_선거구_결과,N20,선거구결과,이관,후보 person_id·당선여부·표종·회차·분모 보존. 이름만으로 인물을 새로 만들지 않는다.,미실행,
MAP-055,NAT-V1,26_선거제도,N20,선거제도,이관,제도 개정판·정수·배분방식·임기·주기·예외·적용기간 유지. 과거 전체에 현행 규칙을 강제하지 않는다.,미실행,
MAP-056,NAT-V1,27_정당_연간,N20,정당연간,이관,의회·기준시점·의석·대표자 스냅샷 유지. 상세 지도부 이력과 모순 여부 검증.,미실행,
MAP-057,NAT-V1,28_선거_부문,N20,선거부문,이관,대표표종과 부문별 투표수·유효표·분모·의석을 보존.,미실행,
MAP-058,NAT-V1,29_선거_계산,N20,선거계산,수식 재구현,"직접/산출/채택 비율, 당선/보유 비중, 동수 공동순위 동작 유지. 외부 실제 선거 예측 기능은 추가하지 않는다.",미실행,
MAP-059,NAT-V1,30_역사사건,C00;H90,수동사건 / 통합연표,원본 이관·조회 재구현,지역 11과 ID·대상·시점 대조. 사건과 사건의 지역/국가 관계를 분리해 중복 입력을 방지.,미실행,
MAP-060,NAT-V1,31_인물_마스터,N30,인물,이관,person_id·표기·출생/사망 정밀도·성별/인적분류·상태 보존. 공직·황실 신분을 기본 인물값으로 압축하지 않는다.,미실행,
MAP-061,NAT-V1,32_정당직책_마스터,N20,정당직책,이관,"공통직책과 특정정당 직책, 지역·계파 여부, 동시정원 유지.",미실행,
MAP-062,NAT-V1,33_정당지도부_이력,N20,정당지도부이력,이관,직책·정당·인물·의회·지역·계파·기간을 모두 보존.,미실행,
MAP-063,NAT-V1,34_정당계파_마스터,N20,정당계파,이관,계파 ID·부모계파·정당소속·기간·기반지역 보존.,미실행,
MAP-064,NAT-V1,35_황실신분_이력,N30,황실신분,이관,신분 이력과 황제 재위 임기는 별개. N20 term_id는 보존하되 역방향 실시간 import는 하지 않고 H90에서 교차 검증.,미실행,
MAP-065,NAT-V1,36_친족관계_이력,N30,친족관계,이관,방향·친생/입양·법적상태·기간 보존. 역조회는 파생 기능. 친족으로 승계권 추정 금지.,미실행,
MAP-066,NAT-V1,37_황위계승_이력,N30,황위계승,이관,권리·순위·지명·황태자녀 필드 독립 유지. 황제 term_id와 event_id 참조는 H90 교차검증.,미실행,
MAP-067,NAT-V1,38_정당관계_이력,N20,정당관계,이관,합당·분당·계승의 전신/후신 다대다 관계 유지.,미실행,
MAP-068,NAT-V1,39_선거구_마스터,N20,선거구,이관,지역 ID와 선거구 ID 구별. 경계·정수·계보·기간 보존.,미실행,
MAP-069,NAT-V1,40_행성대비_지표,H90,행성국가비교,수식 재구현,루트·기년·연도·분모·정의·통화·가격·영토범위 일치 시만 인구/GDP/면적 비중 계산.,미실행,
MAP-070,NAT-V1,41_행성_연결,H90,이관보존 명세 / 새 연결로 대체,호환구조 퇴역,숨김 호환용 탭. 전수 참조검색 후 V2에서는 재복제하지 않는다. 원래 구조는 V1 백업에 보존.,미실행,
MAP-071,NAT-V1,42_행성_기본속성_연결,R70;H90,PUB_PLANET_PROPERTIES_V2,연결 재구현,R70 제공 범위를 직접 참조. V1 주소 또는 XLSX의 DUMMYFUNCTION 래퍼를 운영 수식으로 쓰지 않는다.,미실행,
MAP-072,NAT-V1,43_지역_참조_연결,R10;각 소비 파일,PUB_REGIONS_V2 / REF_REGIONS,연결 재구현,각 소비 파일에서 R10 원본 제공표를 직접 받아 1회 로컬 참조. 행순서/열번호에 종속된 이름 조회 제거.,미실행,
MAP-073,NAT-V1,44_행성_연간지표_연결,R20;R60;H90,PUB_PLANET_POP_V2 / PUB_PLANET_ECON_V2,분야별 연결 재구현,인구와 경제의 제공 원본을 분리. 인구 정의도 제공표의 메타데이터로 함께 전달.,미실행,
MAP-074,NAT-V1,80_연도별_정치현황,N20;H90,정치연간뷰 / 국가통합뷰,조회 재구현,정치인 명단·재임 조회 유지. N20에서 N30을 참조하고 역방향 import는 금지.,미실행,
MAP-075,NAT-V1,81_연도별_선거현황,N20;H90,선거연간뷰,조회 재구현,정기·보궐·재선거와 상하원 구별 유지. 기록 없는 연도의 선거는 빈칸.,미실행,
MAP-076,NAT-V1,82_연도별_경제현황,N50;H90,경제연간뷰,조회 재구현,GDP 분류·성장률·통화·인구·1인당 수치 표시와 자료상태 유지.,미실행,
MAP-077,NAT-V1,83_연방_통합연표,H90,연방통합연표,조회 재구현,기존 22개 열의 의미와 정보 범주를 기능대응표에 기록. 입력 원본은 분야 파일에만 둔다.,미실행,
MAP-078,NAT-V1,84_연도별_행정부,N20;H90,행정부연간뷰,조회 재구현,기관명 이력·상위기관·의장/부의장/기관장 표시 유지.,미실행,
MAP-079,NAT-V1,85_연도별_정당지도부,N20;H90,정당지도부뷰,조회 재구현,정당 필터와 당대표·원내대표·지역/계파 직책 표시 유지.,미실행,
MAP-080,NAT-V1,86_연도별_황실계승,N30;H90,황실계승뷰 / 황제재위 결합뷰,조회 분리,N30은 자신의 신분·계승 이력만 표시. N20 재위·N10 수도/체제 결합은 H90에서 완성.,미실행,
MAP-081,NAT-V1,87_시점별_황위계승,N30;H90,시점승계뷰,조회 재구현,시점별 권리·순위·지명·미정 서열 구분. 관련 황제 재위와의 정합성은 H90에서 확인.,미실행,
MAP-082,NAT-V1,88_친족관계_조회,N30;H90,친족조회,조회 재구현,"정방향·역방향, 법적관계·친생/입양·기간 필터 보존.",미실행,
MAP-083,NAT-V1,89_변동_연표,각 분야;H90,분야변동피드 / 통합변동연표,분산 생성·통합 조회,원자료별 시작·종료·선거를 분야에서 파생. feed_kind+원자료ID+변동종류로 중복 제거. H90은 되써넣지 않는다.,미실행,
MAP-084,NAT-V1,90_출처_레지스트리,C00,출처레지스트리 / 출처별칭,이관·중복 대조,서식 출처와 세계관 사실 근거를 구별. SRC-REGION-001을 모든 값의 직접 근거로 뭉뚱그리지 않는다.,미실행,
MAP-085,NAT-V1,91_스키마_안내,C00;각 분야;H90,V2안내 / 기능대응표 / 이관기록,재작성·과거 기록 보존,2026-09-23 검증기록은 과거 실행 기록. V2 통과 증거로 재사용하지 않는다.,미실행,
MAP-086,NAT-V1,98_검증_요약,각 분야;H90,분야검증요약 / 통합검증요약,검증 재구현,실제 검사대상수·미입력·연결미확인·경고·오류 분리. 0건 검사를 정상 데이터로 표시하지 않는다.,미실행,
MAP-087,NAT-V1,99_검증_상세,각 분야;H90,검사레지스트리 / 상세오류,검증 재구현,규칙·분류·원자료 이동 링크 계승. 빈 행 대량 수식은 복제하지 않고 활성 자료 범위에 적용.,미실행,
