test_id,test_group,priority,scenario,test_setup_or_action,expected_result,target_files,status,actual_result,evidence_location,checked_at
T-001,구조·보존,P0,16개 독립 운영 파일,실제 생성 파일 ID와 제목·폴더 목록 조회,16개 모두 독립 파일이며 V1 ID와 겹치지 않음,전체,미실행,,,
T-002,구조·보존,P0,V1 원본 무변경,전후 원본 ID·구조·내용·권한·제목 대조; 사용자 자체 변경은 별도 분리,WORK에 의한 V1 수정·이동·권한 변경 없음; 사용자 변경은 차분 보존,V1,미실행,,,
T-003,구조·보존,P0,87개 탭 및 추가분 대응,실행 시 실제 탭 목록과 탭 대응표 비교,누락 0개; 삭제된/추가된 탭도 관측·처리 결과 존재,전체,미실행,,,
T-004,구조·보존,P0,모든 실제 열 대응,원본의 헤더·부가 열·메모·링크와 필드 대응표 대조,모든 필드가 이관·명시 변환·원문보존 중 하나로 추적됨,전체,미실행,,,
T-005,구조·보존,P0,입력값과 호환 수식 캐시 구별,XLSX DUMMYFUNCTION·수식 결과·직접 숫자를 대조,호환 래퍼는 네이티브 기능으로 재구현; 캐시는 새 원문값으로 등록하지 않음,전체,미실행,,,
T-006,구조·보존,P0,불완전 입력행 보존,ID가 없고 다른 입력 셀이 채워진 시험행 준비,빈행 삭제 대상이 아니라 불완전 자료로 보존·오류 안내,전체,미실행,,,
T-007,구조·보존,P1,서식 전용행 제외,기본 FALSE·빈 문자열 수식·서식행과 실제 0 입력행 비교,"서식행은 실데이터 제외, 실제 0은 포함",R20;R60;전체,미실행,,,
T-008,구조·보존,P1,미작성 분야 구조,N60·N70 등 빈 자료 상태로 시작 화면·입력·검증 확인,"자료 없음 표시, 정상 동작하는 빈 스키마, 임의 사실 생성 없음",N60;N70;N40;N50,미실행,,,
T-009,ID·근거,P0,기존 고정 ID 유지,정렬·탭·파일 이동 후 원래 개체 ID 집합 대조,개체 ID 재발급·리넘버링 없음,전체,미실행,,,
T-010,ID·근거,P0,재실행 중복 방지,동일 스냅샷·배치를 두 번 이관,legacy_locator 기반 대조로 신규 중복행·중복 파일 생성 없음,전체,미실행,,,
T-011,ID·근거,P0,동명이인 분리,이름이 같은 TEST 인물 2명에 서로 다른 ID 부여,공직·친족·후보 결과가 각 ID에 정확히 연결됨,N30;N20;H90,미실행,,,
T-012,ID·근거,P0,ID 충돌 처리,같은 문자열이 다른 원본 개체를 뜻하는 시험자료,덮어쓰기하지 않고 네임스페이스·충돌 상태·원문을 보존,C00;H90,미실행,,,
T-013,ID·근거,P0,다중 출처 보존,동일 사실에 두 원본 위치와 출처 연결,"사실은 단일 원본, 두 근거와 legacy_locator 모두 역추적 가능",C00;전체,미실행,,,
T-014,ID·근거,P0,같은 키의 서로 다른 후보값,같은 지역·연도·지표에 다른 수치/판본 입력,임의 마지막값 채택 없이 후보·충돌·선택 근거 구분,R20;R60;N40;N50,미실행,,,
T-015,ID·근거,P1,국가 표기 역할,구형 외국어 표기와 현행 공식 표기를 함께 보존,현재 공식 표기·기본 목록명·별칭·원문 상태가 구분됨,C00;N10;H90,미실행,,,
T-016,시간,P0,48개월·30일 입력,"48월30일, 49월1일, 1월31일, 음수 월을 입력",48월30일은 유효; 나머지 잘못된 월일은 오류,전체,미실행,,,
T-017,시간,P0,기년 0년,제3기 0년의 사건·임기 입력,0년이 빈칸 또는 무효 연도로 처리되지 않음,C00;N20;H90,미실행,,,
T-018,시간,P0,정확한 기간 경계,"TEST A가 102년1월1일 종료, B가 같은 날 시작",해당 시점에는 B만 유효; A/B 교체 자체에 중첩 오탐 없음,N20;N30;H90,미실행,,,
T-019,시간,P0,연도 단위 정밀도,종료연도만 입력하고 월일은 공란,연간 조회에 종료연도 포함; 실제 종료일을 임의 저장하지 않음,전체,미실행,,,
T-020,시간,P0,종료 미상과 지속 중,종료 미상·지속 중을 각각 입력,"종료 미상은 시작연도만, 지속 중은 조회 기준까지 규칙대로 표시",전체,미실행,,,
T-021,시간,P0,A/B 루트 격리,같은 ID·연도에 서로 다른 A/B 이력 입력,조회·합산·선거·승계에 다른 루트 값이 섞이지 않음,전체,미실행,,,
T-022,시간,P0,구형/현행 기년 격리,구형 제2기와 현행 제2기에 같은 숫자 연도 입력,자동 비례축약·같은 시계열 병합 없음,C00;전체,미실행,,,
T-023,시간,P0,기년을 넘는 기간,시작·종료 기년이 다른 시험 이력 입력,각 기년과 정밀도 보존; 대응 미확정 시 절대기간 계산 보류,N10;N20;N30,미실행,,,
T-024,시간,P1,432초 보정구간,24월30일 끝·보정구간 첫/끝·25월1일 시작 순서 시험,날짜 1441일을 만들지 않고 보정구간이 두 날짜 사이에 위치,C00;시간기능,미실행,,,
T-025,시간,P1,같은 해의 미상 순서,월일이 없는 사건 두 개와 정확 날짜 사건 입력,미상 사건의 연중 선후를 확정한 것처럼 표시하지 않음,H90,미실행,,,
T-026,지역·통계,P0,지역 ID 3종 표기,다른 로마자·엘룬 문자열을 가진 지역 이관,언어 열 이동에도 내용이 뒤바뀌지 않음,R10;H90,미실행,,,
T-027,지역·통계,P0,복수 상위지역,한 전략지역권을 두 대륙권에 연결,관계는 둘 다 유지하고 동일 하위지역 인구는 한 번만 합산,R10;R20;H90,미실행,,,
T-028,지역·통계,P0,부모·자식 중복 집계,상위 총계와 하위 값이 함께 있는 시험자료,동일 집계에 부모·자식을 동시에 더하지 않음,R20;R60;H90,미실행,,,
T-029,지역·통계,P0,대상 ID 집합 검증,행 수는 맞지만 대상 하나 누락·다른 지역 하나 추가,완전 집계로 인정하지 않고 누락/초과 ID를 표시,R20;R60;H90,미실행,,,
T-030,지역·통계,P0,완전합계와 부분합,TEST 지역 인구 100·200; 이후 한 지역값 제거,완전할 때 300; 누락 시 부분합만 표시하고 전체 채택 금지,R20;N40;H90,미실행,,,
T-031,지역·통계,P0,실제 0·미상·미정·해당없음,네 가지 값을 별도 관측으로 입력,0만 수치 집계에 포함하고 나머지 상태가 보존됨,전체,미실행,,,
T-032,지역·통계,P0,직접값과 합산값 차이,"행성 직접인구 350, 완전 지역합계 300",둘 다 보존; 차이 50 및 채택 규칙을 표시,R20;H90,미실행,,,
T-033,지역·통계,P0,인구 정의 불일치,등록인구와 상주인구를 같은 비교에 넣음,자동 합계·비중 계산 보류와 정의 불일치 안내,R20;N40;H90,미실행,,,
T-034,지역·통계,P0,통치·주장 병존,같은 지역에 실제 통치와 영유권 주장 각각 입력,두 관계 보존; 실제 통치면적과 주장을 같은 통치합계에 합산하지 않음,R50;H90,미실행,,,
T-035,지역·통계,P0,부분 통치 자동 배분 방지,"지역면적 50% 통치, 인구·GDP 전체값만 존재",인구와 GDP를 자동으로 50%로 추정하지 않음,R50;N40;N50;H90,미실행,,,
T-036,지역·통계,P0,영토관계 단일 원본,국가/지역에서 동일 영토기록을 조회·수정 경로 확인,R50에서만 실제 수정; 국가 조회에 같은 변경 반영,R50;H90,미실행,,,
T-037,지역·통계,P1,성계·행성 상위 계층 보존,기존 성계권역주·항성계·행성계 행을 대조,대륙 이하 5단계로 제한해 누락하지 않음,R10,미실행,,,
T-038,지역·통계,P1,행성 물리 충돌 보존,원문/환산 반경·표면적이 다른 기존 기록 이관,원문·대조값·검토 상태가 남고 자동 정본 채택 없음,R70,미실행,,,
T-039,지역·통계,P1,자원 매장과 생산 분리,하나의 원본행에 매장량·생산량이 있는 시험자료,"R70 매장, R60 생산으로 분리되고 같은 원본행으로 역추적",R70;R60;H90,미실행,,,
T-040,지역·통계,P1,시설·노선 누락 방지,시설 ID·설계수용량·노선 방향·개폐·실적을 포함한 시험자료,기본 시설·노선 R10 유지; 실적만 R60; 교차=연결로 추정하지 않음,R10;R60,미실행,,,
T-041,비율·경제,P0,분모 일치,지역/국가의 같은 비율에 다른 분모를 설정,비교/합산 보류; 분모를 함께 표시,R30;R40;N40;N50;H90,미실행,,,
T-042,비율·경제,P0,상위 종교·하위 종파,상위종교 합계와 하위종파별 인원 동시 입력,계층 중복 인원을 두 번 집계하지 않음,R40;N70;H90,미실행,,,
T-043,비율·경제,P0,복수응답과 공식 단일분류,"단일분류 합계 100%, 복수응답 합계 140% 시험",단일분류에만 100% 완전성 검사; 복수응답 140%를 같은 오류로 보지 않음,R30;R40,미실행,,,
T-044,비율·경제,P0,인구 가중평균,"인구 100의 비율 0%, 인구 300의 비율 100%",전체 비율은 조건 일치 시 75%; 단순평균 50% 금지,R30;R40;H90,미실행,,,
T-045,비율·경제,P0,GDP 가격기준·통화,같은 연도의 명목/실질·상이한 통화·기준연도 입력,각 관측 보존; 다른 기준의 성장률·행성 비중 자동 계산 금지,R60;N50;H90,미실행,,,
T-046,비율·경제,P0,1인당 GDP,"TEST GDP 1000, 적합한 인구 100; 이후 인구 제거","적합할 때 10; 인구가 없으면 계산 불가, 0 또는 무한으로 표시하지 않음",N50,미실행,,,
T-047,비율·경제,P0,누락 연도와 성장률,100년·102년 값만 입력; 101년 없음,100→102 증감을 1년 성장률로 표시하지 않으며 101년 보간 없음,R20;R60;N40;N50,미실행,,,
T-048,비율·경제,P0,전기 0과 성장률,"전기 GDP 0, 당기 100 입력",0으로 나누지 않고 성장률 계산 불가 사유 표시,N50;R60,미실행,,,
T-049,비율·경제,P1,퍼센트 입력,"73.45%, 0.7345, 숫자 73.45 입력",앞 두 표현은 적합한 동일값; 세 번째는 경고/오류 또는 명시 변환 절차,전체,미실행,,,
T-050,비율·경제,P1,큰 수와 표시 정밀도,큰 인구/GDP 및 많은 소수자릿수의 원문 이관,표시 반올림으로 저장값을 훼손하지 않음; 정밀도 한계가 있으면 원문과 근사값 분리,R20;R60;N40;N50,미실행,,,
T-051,정치·선거,P0,정기·보궐·재선거,동일 기관의 서로 다른 선거 유형과 선행 election_id 입력,별도 사건·결과로 유지되며 주기만으로 선거 생성 없음,N20;H90,미실행,,,
T-052,정치·선거,P0,대행에서 정식 승계,A의 대행 종료와 정식 취임을 같은 정확 경계에 연결,term_id별 별도 이력 유지; 정상 경계 중복 오탐 없음,N20,미실행,,,
T-053,정치·선거,P0,기관/직위/선거권자 구분,기관·선출 공직·평신도 선거권자 역할 시험,권한/정원/재임 검증을 동일 공직으로 오적용하지 않음,N20;N70;H90,미실행,,,
T-054,정치·선거,P0,당선 의석과 보유의석,"10석 부분선거에서 당선 6석, 전체 보유 60/100석 입력",당선 비율 60%와 전체 보유 비율 60%의 분모를 각각 보존; 당선6=보유6으로 간주하지 않음,N20,미실행,,,
T-055,정치·선거,P0,표종별 유효표 분모,후보표·정당표의 유효표수를 다르게 입력,각 결과는 해당 component_id의 분모를 사용,N20,미실행,,,
T-056,정치·선거,P0,직접/산출 선거율 대조,시험 투표자70·선거인100·직접투표율75%,산출70%·직접75%·차이5%p를 보존하고 채택 규칙 표시,N20,미실행,,,
T-057,정치·선거,P0,제도 개정판,옛 제도와 새 제도에 다른 의석·임기 입력,과거 선거는 옛 제도를 유지; 최신값으로 소급 덮어쓰기하지 않음,N20,미실행,,,
T-058,정치·선거,P1,상원 갱신 클래스,A·B·C의 정기 갱신 순서와 예외선거 입력,기존 정기 다음 클래스 동작 유지; 예외가 정기 순서를 임의 확정하지 않음,N20,미실행,,,
T-059,정치·선거,P1,정당 의석 동수,같은 의회·시점에 동일 보유의석 정당 2개,기존의 동수 공동순위 규칙 유지; 득표율로 임의 타이브레이크 금지,N20,미실행,,,
T-060,정치·선거,P1,합당·분당·선거구 계보,복수 전신과 후신 관계 시험,1연결1행·기존 ID·원문 계보 메모 보존,N20,미실행,,,
T-061,정치·선거,P1,기관 개칭과 신설,같은 기관 개칭 및 별도 기관 신설 시험,개칭은 기존 ID 이력; 실제 신설은 새 ID. 당시 이름으로 조회,N20;H90,미실행,,,
T-062,인물·황실,P0,친생·입양·법적관계,친생 부모와 입양 부모 관계를 별도 입력,"관계 유형·시점·법적상태 보존, 역조회 정상",N30,미실행,,,
T-063,인물·황실,P0,승계권·순위·지명 독립,"권리 있으나 순위 미정, 지명자이나 별도 상태 등 시험",원래 필드가 독립 표시되고 친족/출생순으로 권리 자동 판정하지 않음,N30;H90,미실행,,,
T-064,인물·황실,P0,박탈·포기·복권,한 인물의 연중 상태변경 이력 입력,각 시점의 상태와 종료구간이 맞고 현재 상태가 과거를 덮어쓰지 않음,N30;H90,미실행,,,
T-065,인물·황실,P0,황실신분과 황제재위,N30 신분기간과 N20 황제 term_id 기간을 대조,두 사실은 구별; 기간 불일치는 H90에서 탐지,N30;N20;H90,미실행,,,
T-066,인물·황실,P0,존재하지 않는 외부 term_id,N30 계승에 미존재 황제 임기 ID 입력,"N30은 교차검증 대상 표시, H90은 참조 오류 검출; 순환 import 없음",N30;H90,미실행,,,
T-067,인물·황실,P1,황태자녀·황후 교체,정확한 경계에 신분 종료/신규 신분 입력,"연간 조회는 연중 이력, 시점 조회는 그날 유효한 신분만 표시",N30;H90,미실행,,,
T-068,연결·운영,P0,V2 연결 원본 식별,모든 운영 import와 제공 계약의 파일 ID 검색,V1 잔존 의존 0개; 보존 링크만 별도 예외 목록,전체,미실행,,,
T-069,연결·운영,P0,순환 연결 검사,실제 파일 ID 기반 의존 그래프를 작성·순환 탐지,순환0개; N20→N30 참조와 반대 import가 공존하지 않음,전체,미실행,,,
T-070,연결·운영,P0,연결 허용/실패 표시,TEST 원본 권한 미허용·잘못된 범위·접근실패 시험,연결 상태·영향을 표시; IFERROR로 0/정상으로 위장하지 않음,전체,미실행,,,
T-071,연결·운영,P0,원본 변경 반영,시험용 지역명·인구값을 원본에서 변경,소비 조회에 적절히 반영되고 실제 확인시각·판본 기록; 즉시성 가정 없음,R10;R20;N40;H90,미실행,,,
T-072,연결·운영,P0,제공표 헤더 변경,필수 열 삭제/개명 또는 열 순서 변경 시험,열명 기반 정상 해석 또는 스키마 불일치 탐지; 엉뚱한 값 조용히 사용하지 않음,전체,미실행,,,
T-073,연결·운영,P0,범위 초과·확장,마지막 준비행 직후 새 실제 입력을 추가한 뒤 확장 절차 수행,초과 경고; 확장 후 입력·계산·검증·제공·소비 모두 포함,전체,미실행,,,
T-074,연결·운영,P0,원본 최종 차분,PH0 스냅샷 뒤 V1과 V2에 각각 시험 변경,사용자 변경을 자동 덮어쓰지 않고 차분 대조·이관·영향 재시험,전체,미실행,,,
T-075,연결·운영,P0,복구 시험,TEST V2에 연결 오류 유발 후 정상 릴리스로 복구,"V1 무변경, V2 신규 입력 차분 보존, 정상 연결 복원",전체,미실행,,,
T-076,연결·운영,P0,시험 데이터 격리,운영 파일에서 TEST ID·시험 release/test_run 검색,운영 원자료 유입0건; 테스트 증거는 별도 폴더에 보존,전체,미실행,,,
T-077,연결·운영,P1,초안/정본/보존 조회,같은 분야에 정본·초안·구버전·폐기 행 준비,"필터에 맞는 행만 표시, 원본 상태 변경 없이 결과 구분",전체,미실행,,,
T-078,연결·운영,P1,검사대상0과 정상 구별,완전히 비어 있는 입력표로 검증 실행,검사대상 없음/미입력 표시; 실적 검증 완료처럼 숫자 정상 건수 생성 금지,전체,미실행,,,
T-079,연결·운영,P1,혼합 릴리스 탐지,소비 중 한 제공표만 다른 release_id로 변경,통합 결과에 혼합 릴리스/검증 미완료 표시,H90,미실행,,,
T-080,연결·운영,P1,자동 변동과 수동 사건 중복,같은 실제 사건을 수동사건과 원자료 변동으로 연결,"출처/피드 종류는 보존, 통합 조회에서 중복 표시 정책 적용, 원본에 되쓰기 없음",C00;H90,미실행,,,
T-081,연결·운영,P1,코드북·드롭다운 동기화,TEST 새 코드 추가 후 실제 입력 목록 검사,목록에 일관 반영되거나 미동기화 경고; 별도 칩 선택지의 침묵 불일치 없음,C00;전체,미실행,,,
T-082,연결·운영,P1,공개·보호 설정,공유 범위·숨김·보호·입력셀 권한 확인,임의 공개 없음; 입력 영역 작동; 수식영역 덮어쓰기 방지; 숨김을 보안으로 설명하지 않음,전체,미실행,,,
T-083,연결·운영,P1,오래된 값·시각 표시,캐시를 고정한 채 시계 값만 갱신하는 시험,NOW 변화만으로 최신 수신 완료 표시하지 않음,전체,미실행,,,
T-084,연결·운영,P2,작업 동선·가독성,인구 입력·인물 추가·임기 변경·선거 결과 작업을 시작 화면에서 수행,"유일한 입력처에 도달, 참조/계산영역 구별, 열 잘림·불필요 가로스크롤 최소화",전체,미실행,,,
