map_id,source_file_code,source_sheet_id,source_sheet_name,observed_fields,target_files,spec_status,migration_status,actual_target_file_ids
MAP-001,REG-V1,861639760,00 공통 기준,9,C00,전필드 목적지 및 보존/계산 역할 지정; 행별 대조는 이관 단계에서 실행,미실행,
MAP-002,REG-V1,608402244,01-지역 마스터,15,R10,전필드 목적지 및 보존/계산 역할 지정; 행별 대조는 이관 단계에서 실행,미실행,
MAP-003,REG-V1,1659135409,02 국가 마스터,12,C00;N10,전필드 목적지 및 보존/계산 역할 지정; 행별 대조는 이관 단계에서 실행,미실행,
MAP-004,REG-V1,1994704254,03 문화 마스터,13,C00,전필드 목적지 및 보존/계산 역할 지정; 행별 대조는 이관 단계에서 실행,미실행,
MAP-005,REG-V1,107402225,04 종교 마스터,13,C00,전필드 목적지 및 보존/계산 역할 지정; 행별 대조는 이관 단계에서 실행,미실행,
MAP-006,REG-V1,413334864,05 언어 마스터,13,C00,전필드 목적지 및 보존/계산 역할 지정; 행별 대조는 이관 단계에서 실행,미실행,
MAP-007,REG-V1,2060259922,06 종족 마스터,14,C00,전필드 목적지 및 보존/계산 역할 지정; 행별 대조는 이관 단계에서 실행,미실행,
MAP-008,REG-V1,242559508,07 자원 마스터,9,C00,전필드 목적지 및 보존/계산 역할 지정; 행별 대조는 이관 단계에서 실행,미실행,
MAP-009,REG-V1,986639480,08 특성 사전,11,C00,전필드 목적지 및 보존/계산 역할 지정; 행별 대조는 이관 단계에서 실행,미실행,
MAP-010,REG-V1,1685371830,09 경제 지표 정의,13,C00,전필드 목적지 및 보존/계산 역할 지정; 행별 대조는 이관 단계에서 실행,미실행,
MAP-011,REG-V1,1681007841,10 정치 지역관계,14,R50,전필드 목적지 및 보존/계산 역할 지정; 행별 대조는 이관 단계에서 실행,미실행,
MAP-012,REG-V1,91414319,11 역사 사건,15,C00;H90,전필드 목적지 및 보존/계산 역할 지정; 행별 대조는 이관 단계에서 실행,미실행,
MAP-013,REG-V1,456698286,20 인구,15,R20,전필드 목적지 및 보존/계산 역할 지정; 행별 대조는 이관 단계에서 실행,미실행,
MAP-014,REG-V1,453108903,21 인구 변동,16,R20,전필드 목적지 및 보존/계산 역할 지정; 행별 대조는 이관 단계에서 실행,미실행,
MAP-015,REG-V1,204899797,30 문화 분포,14,R30,전필드 목적지 및 보존/계산 역할 지정; 행별 대조는 이관 단계에서 실행,미실행,
MAP-016,REG-V1,891214331,31 종교 분포,14,R40,전필드 목적지 및 보존/계산 역할 지정; 행별 대조는 이관 단계에서 실행,미실행,
MAP-017,REG-V1,1273735161,32 언어 분포,15,R30,전필드 목적지 및 보존/계산 역할 지정; 행별 대조는 이관 단계에서 실행,미실행,
MAP-018,REG-V1,310772620,33 종족 분포,14,R30,전필드 목적지 및 보존/계산 역할 지정; 행별 대조는 이관 단계에서 실행,미실행,
MAP-019,REG-V1,1185232972,40 경제 지역값,14,R60,전필드 목적지 및 보존/계산 역할 지정; 행별 대조는 이관 단계에서 실행,미실행,
MAP-020,REG-V1,545095279,41 산업,16,R60,전필드 목적지 및 보존/계산 역할 지정; 행별 대조는 이관 단계에서 실행,미실행,
MAP-021,REG-V1,1215027434,42 교역,17,R60,전필드 목적지 및 보존/계산 역할 지정; 행별 대조는 이관 단계에서 실행,미실행,
MAP-022,REG-V1,1577841913,50 환경 지역값,13,R70,전필드 목적지 및 보존/계산 역할 지정; 행별 대조는 이관 단계에서 실행,미실행,
MAP-023,REG-V1,20957297,51 자원 분포,16,R60;R70,전필드 목적지 및 보존/계산 역할 지정; 행별 대조는 이관 단계에서 실행,미실행,
MAP-024,REG-V1,130412256,60 거점 시설,15,R10;R60,전필드 목적지 및 보존/계산 역할 지정; 행별 대조는 이관 단계에서 실행,미실행,
MAP-025,REG-V1,1832485931,61 교통망,20,R10,전필드 목적지 및 보존/계산 역할 지정; 행별 대조는 이관 단계에서 실행,미실행,
MAP-026,REG-V1,1161488954,70 지역 특성,12,R10,전필드 목적지 및 보존/계산 역할 지정; 행별 대조는 이관 단계에서 실행,미실행,
MAP-027,REG-V1,552935386,90 출처,9,C00,전필드 목적지 및 보존/계산 역할 지정; 행별 대조는 이관 단계에서 실행,미실행,
MAP-028,REG-V1,900230000,00_기준_메타,3,C00;H90;R10;R20,전필드 목적지 및 보존/계산 역할 지정; 행별 대조는 이관 단계에서 실행,미실행,
MAP-029,REG-V1,900230001,02_지역_관계,7,R10,전필드 목적지 및 보존/계산 역할 지정; 행별 대조는 이관 단계에서 실행,미실행,
MAP-030,REG-V1,900230002,10_행성_기본값,11,C00;R70,전필드 목적지 및 보존/계산 역할 지정; 행별 대조는 이관 단계에서 실행,미실행,
MAP-031,REG-V1,900230003,11_행성_연간지표,24,R20;R30;R60,전필드 목적지 및 보존/계산 역할 지정; 행별 대조는 이관 단계에서 실행,미실행,
MAP-032,REG-V1,900230004,12_지역_인구,15,R20,전필드 목적지 및 보존/계산 역할 지정; 행별 대조는 이관 단계에서 실행,미실행,
MAP-033,REG-V1,900230005,13_지역_경제,18,R60,전필드 목적지 및 보존/계산 역할 지정; 행별 대조는 이관 단계에서 실행,미실행,
MAP-034,REG-V1,900230006,14_지역_자연환경,15,R70,전필드 목적지 및 보존/계산 역할 지정; 행별 대조는 이관 단계에서 실행,미실행,
MAP-035,REG-V1,900230007,15_지역_소속이력,15,R50,전필드 목적지 및 보존/계산 역할 지정; 행별 대조는 이관 단계에서 실행,미실행,
MAP-036,REG-V1,900230008,99_검증,4,H90,전필드 목적지 및 보존/계산 역할 지정; 행별 대조는 이관 단계에서 실행,미실행,
MAP-037,NAT-V1,1611835517,00_기준_메타,3,C00;H90;N10;N20;R50,전필드 목적지 및 보존/계산 역할 지정; 행별 대조는 이관 단계에서 실행,미실행,
MAP-038,NAT-V1,920230013,00_코드북,53,C00,전필드 목적지 및 보존/계산 역할 지정; 행별 대조는 이관 단계에서 실행,미실행,
MAP-039,NAT-V1,1312073106,01_국가_기본정보,18,N10,전필드 목적지 및 보존/계산 역할 지정; 행별 대조는 이관 단계에서 실행,미실행,
MAP-040,NAT-V1,298446278,02_국호_이력,14,N10,전필드 목적지 및 보존/계산 역할 지정; 행별 대조는 이관 단계에서 실행,미실행,
MAP-041,NAT-V1,1317339757,03_영토_이력,17,R50,전필드 목적지 및 보존/계산 역할 지정; 행별 대조는 이관 단계에서 실행,미실행,
MAP-042,NAT-V1,920230000,04_헌정국체_이력,28,N10,전필드 목적지 및 보존/계산 역할 지정; 행별 대조는 이관 단계에서 실행,미실행,
MAP-043,NAT-V1,920230001,05_수도_이력,25,N10,전필드 목적지 및 보존/계산 역할 지정; 행별 대조는 이관 단계에서 실행,미실행,
MAP-044,NAT-V1,920230002,06_기관구조_이력,32,N20,전필드 목적지 및 보존/계산 역할 지정; 행별 대조는 이관 단계에서 실행,미실행,
MAP-045,NAT-V1,920230003,07_선거구_계보,17,N20,전필드 목적지 및 보존/계산 역할 지정; 행별 대조는 이관 단계에서 실행,미실행,
MAP-046,NAT-V1,1342670243,10_인구_연간,12,N40,전필드 목적지 및 보존/계산 역할 지정; 행별 대조는 이관 단계에서 실행,미실행,
MAP-047,NAT-V1,647378182,11_경제_연간,15,N50,전필드 목적지 및 보존/계산 역할 지정; 행별 대조는 이관 단계에서 실행,미실행,
MAP-048,NAT-V1,539113504,12_경제_파생,18,N50,전필드 목적지 및 보존/계산 역할 지정; 행별 대조는 이관 단계에서 실행,미실행,
MAP-049,NAT-V1,1715938314,20_기관_마스터,26,N20,전필드 목적지 및 보존/계산 역할 지정; 행별 대조는 이관 단계에서 실행,미실행,
MAP-050,NAT-V1,1810661783,21_공직_임기,37,N20,전필드 목적지 및 보존/계산 역할 지정; 행별 대조는 이관 단계에서 실행,미실행,
MAP-051,NAT-V1,868630103,22_정당_마스터,25,N20,전필드 목적지 및 보존/계산 역할 지정; 행별 대조는 이관 단계에서 실행,미실행,
MAP-052,NAT-V1,714439574,23_선거_마스터,43,N20,전필드 목적지 및 보존/계산 역할 지정; 행별 대조는 이관 단계에서 실행,미실행,
MAP-053,NAT-V1,1974746270,24_선거_결과,15,N20,전필드 목적지 및 보존/계산 역할 지정; 행별 대조는 이관 단계에서 실행,미실행,
MAP-054,NAT-V1,1329284020,25_선거구_결과,26,N20,전필드 목적지 및 보존/계산 역할 지정; 행별 대조는 이관 단계에서 실행,미실행,
MAP-055,NAT-V1,900231026,26_선거제도,36,N20,전필드 목적지 및 보존/계산 역할 지정; 행별 대조는 이관 단계에서 실행,미실행,
MAP-056,NAT-V1,900231027,27_정당_연간,28,N20,전필드 목적지 및 보존/계산 역할 지정; 행별 대조는 이관 단계에서 실행,미실행,
MAP-057,NAT-V1,900231028,28_선거_부문,24,N20,전필드 목적지 및 보존/계산 역할 지정; 행별 대조는 이관 단계에서 실행,미실행,
MAP-058,NAT-V1,900231029,29_선거_계산,28,N20,전필드 목적지 및 보존/계산 역할 지정; 행별 대조는 이관 단계에서 실행,미실행,
MAP-059,NAT-V1,233573434,30_역사사건,12,C00,전필드 목적지 및 보존/계산 역할 지정; 행별 대조는 이관 단계에서 실행,미실행,
MAP-060,NAT-V1,920230004,31_인물_마스터,22,N30,전필드 목적지 및 보존/계산 역할 지정; 행별 대조는 이관 단계에서 실행,미실행,
MAP-061,NAT-V1,920230005,32_정당직책_마스터,18,N20,전필드 목적지 및 보존/계산 역할 지정; 행별 대조는 이관 단계에서 실행,미실행,
MAP-062,NAT-V1,920230006,33_정당지도부_이력,36,N20,전필드 목적지 및 보존/계산 역할 지정; 행별 대조는 이관 단계에서 실행,미실행,
MAP-063,NAT-V1,920230007,34_정당계파_마스터,29,N20,전필드 목적지 및 보존/계산 역할 지정; 행별 대조는 이관 단계에서 실행,미실행,
MAP-064,NAT-V1,920230008,35_황실신분_이력,32,N30,전필드 목적지 및 보존/계산 역할 지정; 행별 대조는 이관 단계에서 실행,미실행,
MAP-065,NAT-V1,920230009,36_친족관계_이력,30,N30,전필드 목적지 및 보존/계산 역할 지정; 행별 대조는 이관 단계에서 실행,미실행,
MAP-066,NAT-V1,920230010,37_황위계승_이력,37,N30,전필드 목적지 및 보존/계산 역할 지정; 행별 대조는 이관 단계에서 실행,미실행,
MAP-067,NAT-V1,920230011,38_정당관계_이력,18,N20,전필드 목적지 및 보존/계산 역할 지정; 행별 대조는 이관 단계에서 실행,미실행,
MAP-068,NAT-V1,920230012,39_선거구_마스터,31,N20,전필드 목적지 및 보존/계산 역할 지정; 행별 대조는 이관 단계에서 실행,미실행,
MAP-069,NAT-V1,1792442252,40_행성대비_지표,13,H90,전필드 목적지 및 보존/계산 역할 지정; 행별 대조는 이관 단계에서 실행,미실행,
MAP-070,NAT-V1,1795511654,41_행성_연결,51,H90,전필드 목적지 및 보존/계산 역할 지정; 행별 대조는 이관 단계에서 실행,미실행,
MAP-071,NAT-V1,920230014,42_행성_기본속성_연결,11,H90,전필드 목적지 및 보존/계산 역할 지정; 행별 대조는 이관 단계에서 실행,미실행,
MAP-072,NAT-V1,920230015,43_지역_참조_연결,15,H90,전필드 목적지 및 보존/계산 역할 지정; 행별 대조는 이관 단계에서 실행,미실행,
MAP-073,NAT-V1,920230016,44_행성_연간지표_연결,25,H90,전필드 목적지 및 보존/계산 역할 지정; 행별 대조는 이관 단계에서 실행,미실행,
MAP-074,NAT-V1,1455341768,80_연도별_정치현황,11,H90;N20,전필드 목적지 및 보존/계산 역할 지정; 행별 대조는 이관 단계에서 실행,미실행,
MAP-075,NAT-V1,625749522,81_연도별_선거현황,7,N20,전필드 목적지 및 보존/계산 역할 지정; 행별 대조는 이관 단계에서 실행,미실행,
MAP-076,NAT-V1,302099382,82_연도별_경제현황,10,N50,전필드 목적지 및 보존/계산 역할 지정; 행별 대조는 이관 단계에서 실행,미실행,
MAP-077,NAT-V1,2076158902,83_연방_통합연표,22,H90,전필드 목적지 및 보존/계산 역할 지정; 행별 대조는 이관 단계에서 실행,미실행,
MAP-078,NAT-V1,920230017,84_연도별_행정부,6,N20,전필드 목적지 및 보존/계산 역할 지정; 행별 대조는 이관 단계에서 실행,미실행,
MAP-079,NAT-V1,920230018,85_연도별_정당지도부,9,N20,전필드 목적지 및 보존/계산 역할 지정; 행별 대조는 이관 단계에서 실행,미실행,
MAP-080,NAT-V1,920230019,86_연도별_황실계승,12,H90;N30,전필드 목적지 및 보존/계산 역할 지정; 행별 대조는 이관 단계에서 실행,미실행,
MAP-081,NAT-V1,920230020,87_시점별_황위계승,13,N30,전필드 목적지 및 보존/계산 역할 지정; 행별 대조는 이관 단계에서 실행,미실행,
MAP-082,NAT-V1,920230021,88_친족관계_조회,8,N30,전필드 목적지 및 보존/계산 역할 지정; 행별 대조는 이관 단계에서 실행,미실행,
MAP-083,NAT-V1,920230022,89_변동_연표,10,H90,전필드 목적지 및 보존/계산 역할 지정; 행별 대조는 이관 단계에서 실행,미실행,
MAP-084,NAT-V1,1916985706,90_출처_레지스트리,8,C00,전필드 목적지 및 보존/계산 역할 지정; 행별 대조는 이관 단계에서 실행,미실행,
MAP-085,NAT-V1,920230023,91_스키마_안내,4,C00;H90,전필드 목적지 및 보존/계산 역할 지정; 행별 대조는 이관 단계에서 실행,미실행,
MAP-086,NAT-V1,920230024,98_검증_요약,8,H90,전필드 목적지 및 보존/계산 역할 지정; 행별 대조는 이관 단계에서 실행,미실행,
MAP-087,NAT-V1,2010261323,99_검증_상세,8,H90,전필드 목적지 및 보존/계산 역할 지정; 행별 대조는 이관 단계에서 실행,미실행,
