file_code,role,spreadsheet_id,title,parent_id,url,status,note
C00,V2 운영 대상 파일,1AlKHWRBxGYXORe9gB-dqGCZbVxGLnuhXDburez38Kzs,C00 · 공통 기준·분류·출처 · 세계관 데이터 V2,1qbV5uDVbTFbmK9OtcLNXXtxbvbhjSn-Q,https://docs.google.com/spreadsheets/d/1AlKHWRBxGYXORe9gB-dqGCZbVxGLnuhXDburez38Kzs/edit?usp=drivesdk,기본 자료 이관·셀 대조 완료; 제공식·후속 기능·운영시험 미완료,PH2 체크포인트; 전체 기능·온라인 운영 검증 완료 아님
R10,V2 운영 대상 파일,1dvRwvw-6IbzAF0fgtC2pelEBi7a5U41GiOn9ynP8Khs,R10 · 지역 — 목록·공간체계 · 세계관 데이터 V2,1nYVOJWeJPVfCClaoR4xsN8Ru_R5SCJf0,https://docs.google.com/spreadsheets/d/1dvRwvw-6IbzAF0fgtC2pelEBi7a5U41GiOn9ynP8Khs/edit?usp=drivesdk,기본 자료 이관·셀 대조 완료; 제공식·후속 기능·운영시험 미완료,PH2 체크포인트; 전체 기능·온라인 운영 검증 완료 아님
R20,V2 운영 대상 파일,1YmKg_nwwwmlCtsUeHhlb31c9bwXtxzTBCg-qDmbHSmc,R20 · 지역 — 인구 · 세계관 데이터 V2,1nYVOJWeJPVfCClaoR4xsN8Ru_R5SCJf0,https://docs.google.com/spreadsheets/d/1YmKg_nwwwmlCtsUeHhlb31c9bwXtxzTBCg-qDmbHSmc/edit?usp=drivesdk,기본 구조 적용·헤더 검증; 기능 이관·운영시험 미완료,PH2 체크포인트; 전체 기능·온라인 운영 검증 완료 아님
R30,V2 운영 대상 파일,1eX-6GggyBVwPt2PdQRaptQ07FIJNsjzMXej72r4CbI4,R30 · 지역 — 사회·문화 · 세계관 데이터 V2,1nYVOJWeJPVfCClaoR4xsN8Ru_R5SCJf0,https://docs.google.com/spreadsheets/d/1eX-6GggyBVwPt2PdQRaptQ07FIJNsjzMXej72r4CbI4/edit?usp=drivesdk,기본 구조 적용·헤더 검증; 기능 이관·운영시험 미완료,PH2 체크포인트; 전체 기능·온라인 운영 검증 완료 아님
R40,V2 운영 대상 파일,1cm6ZhqKYprOr481Wg85pIAPOPKlfCEHx1ZFMCVCeew8,R40 · 지역 — 종교 · 세계관 데이터 V2,1nYVOJWeJPVfCClaoR4xsN8Ru_R5SCJf0,https://docs.google.com/spreadsheets/d/1cm6ZhqKYprOr481Wg85pIAPOPKlfCEHx1ZFMCVCeew8/edit?usp=drivesdk,기본 구조 적용·헤더 검증; 기능 이관·운영시험 미완료,PH2 체크포인트; 전체 기능·온라인 운영 검증 완료 아님
R50,V2 운영 대상 파일,16X9ZEvbsXA8HvTx2uAIG1XnJo-ztJxkj_7iNONoruNg,R50 · 지역 — 정치·소속 · 세계관 데이터 V2,1nYVOJWeJPVfCClaoR4xsN8Ru_R5SCJf0,https://docs.google.com/spreadsheets/d/16X9ZEvbsXA8HvTx2uAIG1XnJo-ztJxkj_7iNONoruNg/edit?usp=drivesdk,기본 구조 적용·헤더 검증; 기능 이관·운영시험 미완료,PH2 체크포인트; 전체 기능·온라인 운영 검증 완료 아님
R60,V2 운영 대상 파일,1e-SwXsHJ6NyZ1iv_dJeKs-4TUYb2RXF-GUkfWcoDk-M,R60 · 지역 — 경제·산업 · 세계관 데이터 V2,1nYVOJWeJPVfCClaoR4xsN8Ru_R5SCJf0,https://docs.google.com/spreadsheets/d/1e-SwXsHJ6NyZ1iv_dJeKs-4TUYb2RXF-GUkfWcoDk-M/edit?usp=drivesdk,기본 구조 적용·헤더 검증; 기능 이관·운영시험 미완료,PH2 체크포인트; 전체 기능·온라인 운영 검증 완료 아님
R70,V2 운영 대상 파일,1dNen0b9il3myHy1-q0_rqVei0sC2uK9Fw3b78mgrd5g,R70 · 행성·지역 — 자연환경·자원 · 세계관 데이터 V2,1nYVOJWeJPVfCClaoR4xsN8Ru_R5SCJf0,https://docs.google.com/spreadsheets/d/1dNen0b9il3myHy1-q0_rqVei0sC2uK9Fw3b78mgrd5g/edit?usp=drivesdk,기본 구조 적용·헤더 검증; 기능 이관·운영시험 미완료,PH2 체크포인트; 전체 기능·온라인 운영 검증 완료 아님
N10,V2 운영 대상 파일,1JEpeH_q6Go0ADyCncW9vj8mkn96qg2QDViF9tyoDdgY,N10 · 연방 — 기본정보·국가이력 · 세계관 데이터 V2,1lDlea-ccwUeQVrIzbl3evVla-EI5CJw_,https://docs.google.com/spreadsheets/d/1JEpeH_q6Go0ADyCncW9vj8mkn96qg2QDViF9tyoDdgY/edit?usp=drivesdk,기본 구조 적용·헤더 검증; 기능 이관·운영시험 미완료,PH2 체크포인트; 전체 기능·온라인 운영 검증 완료 아님
N20,V2 운영 대상 파일,1l1_oFuohj0krEWKUtVXglnWfckvCUbXNEeURKre6rxc,N20 · 연방 — 정치·행정·선거 · 세계관 데이터 V2,1lDlea-ccwUeQVrIzbl3evVla-EI5CJw_,https://docs.google.com/spreadsheets/d/1l1_oFuohj0krEWKUtVXglnWfckvCUbXNEeURKre6rxc/edit?usp=drivesdk,기본 구조 적용·헤더 검증; 기능 이관·운영시험 미완료,PH2 체크포인트; 전체 기능·온라인 운영 검증 완료 아님
N30,V2 운영 대상 파일,15aNd3EzVD0-EzShTZ0Hg1ff4shVvz9YNHfesezIjDfc,N30 · 연방 — 인물·황실·계승 · 세계관 데이터 V2,1lDlea-ccwUeQVrIzbl3evVla-EI5CJw_,https://docs.google.com/spreadsheets/d/15aNd3EzVD0-EzShTZ0Hg1ff4shVvz9YNHfesezIjDfc/edit?usp=drivesdk,기본 구조 적용·헤더 검증; 기능 이관·운영시험 미완료,PH2 체크포인트; 전체 기능·온라인 운영 검증 완료 아님
N40,V2 운영 대상 파일,1Gbw-GT10Kv3oKqaollUe5n9tfKh54d_DW7PaOBix2PU,N40 · 연방 — 인구·사회 · 세계관 데이터 V2,1lDlea-ccwUeQVrIzbl3evVla-EI5CJw_,https://docs.google.com/spreadsheets/d/1Gbw-GT10Kv3oKqaollUe5n9tfKh54d_DW7PaOBix2PU/edit?usp=drivesdk,기본 구조 적용·헤더 검증; 기능 이관·운영시험 미완료,PH2 체크포인트; 전체 기능·온라인 운영 검증 완료 아님
N50,V2 운영 대상 파일,1Wrb-c63hlrVrJYbMQqLip3iFP9hlOaTsYX0lXhvrIZ0,N50 · 연방 — 경제·재정 · 세계관 데이터 V2,1lDlea-ccwUeQVrIzbl3evVla-EI5CJw_,https://docs.google.com/spreadsheets/d/1Wrb-c63hlrVrJYbMQqLip3iFP9hlOaTsYX0lXhvrIZ0/edit?usp=drivesdk,기본 구조 적용·헤더 검증; 기능 이관·운영시험 미완료,PH2 체크포인트; 전체 기능·온라인 운영 검증 완료 아님
N60,V2 운영 대상 파일,1hllCMZpWQwajPsVbcxDmreOL7hyNdjqQZ-9dyskZtyE,N60 · 문화·언어 · 세계관 데이터 V2,1lDlea-ccwUeQVrIzbl3evVla-EI5CJw_,https://docs.google.com/spreadsheets/d/1hllCMZpWQwajPsVbcxDmreOL7hyNdjqQZ-9dyskZtyE/edit?usp=drivesdk,자료 없는 분야의 빈 구조·네이티브 표·범위 검증; 운영시험 미완료,PH2 체크포인트; 전체 기능·온라인 운영 검증 완료 아님
N70,V2 운영 대상 파일,1vTc4nWwOV0J2FLol5Ul6rpZC5JpY0vae_jZa9lygBT8,N70 · 종교·교무 · 세계관 데이터 V2,1lDlea-ccwUeQVrIzbl3evVla-EI5CJw_,https://docs.google.com/spreadsheets/d/1vTc4nWwOV0J2FLol5Ul6rpZC5JpY0vae_jZa9lygBT8/edit?usp=drivesdk,자료 없는 분야의 빈 구조·네이티브 표·범위 검증; 운영시험 미완료,PH2 체크포인트; 전체 기능·온라인 운영 검증 완료 아님
H90,V2 운영 대상 파일,1IwtNuUdGlHbRYIBcc-Rc-VbTrPz6Sr8ITbygCx3_ePs,H90 · 통합 열람·검증 · 세계관 데이터 V2,1qbV5uDVbTFbmK9OtcLNXXtxbvbhjSn-Q,https://docs.google.com/spreadsheets/d/1IwtNuUdGlHbRYIBcc-Rc-VbTrPz6Sr8ITbygCx3_ePs/edit?usp=drivesdk,기본 구조 적용·헤더 검증; 기능 이관·운영시험 미완료,PH2 체크포인트; 전체 기능·온라인 운영 검증 완료 아님
REG-V1,기존 원본,1EACdRIiAPGk4LAbttpXZiJd_cuqIh-cVi4jQsbfmqDw,지역 상세 목록,1LsdpyRrRWTgrnxB8H7nCEh9FVo9IApsO,https://docs.google.com/spreadsheets/d/1EACdRIiAPGk4LAbttpXZiJd_cuqIh-cVi4jQsbfmqDw/edit?usp=drivesdk,보존·읽기전용,수정·이동·권한변경 없음
REG-V1-NATIVE,실행시점 네이티브 백업,17FNrUusUiqOIBf-v-oCFNkd4NJyT2XhFdfipm5PLqNQ,REG-V1 · 실행시점 보존 · 2026-10-02,1LaoWsUZnNs-fGDOkfq_gO3fdvkCu4jo9,https://docs.google.com/spreadsheets/d/17FNrUusUiqOIBf-v-oCFNkd4NJyT2XhFdfipm5PLqNQ/edit?usp=drivesdk,생성·재조회 확인,운영 파일 수에서 제외
REG-V1-XLSX,실행시점 XLSX 백업,1ylY7ZKYDib0BZqmY8rNb1LoVPF9NHu9_,REG-V1_online_2026-10-02.xlsx,1LaoWsUZnNs-fGDOkfq_gO3fdvkCu4jo9,https://docs.google.com/spreadsheets/d/1ylY7ZKYDib0BZqmY8rNb1LoVPF9NHu9_/edit?usp=drivesdk&ouid=105181158144561550933&rtpof=true&sd=true,생성·재조회 확인,운영 파일 수에서 제외
NAT-V1,기존 원본,1mTRKFfCFtiTmuAR6QwrslcBI6Q-wutYzVP_weDAW9uI,엘리시움 신성제국 연방 국가 데이터 (신규 입력용),1n7D6aBKF_QtTnQoKpywJBagurXESGh4O,https://docs.google.com/spreadsheets/d/1mTRKFfCFtiTmuAR6QwrslcBI6Q-wutYzVP_weDAW9uI/edit?usp=drivesdk,보존·읽기전용,수정·이동·권한변경 없음
NAT-V1-NATIVE,실행시점 네이티브 백업,1KSllss7DTq_BvP-4opxPPU39G34kk9nq5kN_F0vGq4c,NAT-V1 · 실행시점 보존 · 2026-10-02,1LaoWsUZnNs-fGDOkfq_gO3fdvkCu4jo9,https://docs.google.com/spreadsheets/d/1KSllss7DTq_BvP-4opxPPU39G34kk9nq5kN_F0vGq4c/edit?usp=drivesdk,생성·재조회 확인,운영 파일 수에서 제외
NAT-V1-XLSX,실행시점 XLSX 백업,1-BgTMaGFFMKdu-mbVwuN9VyiHG5tXoJl,NAT-V1_online_2026-10-02.xlsx,1LaoWsUZnNs-fGDOkfq_gO3fdvkCu4jo9,https://docs.google.com/spreadsheets/d/1-BgTMaGFFMKdu-mbVwuN9VyiHG5tXoJl/edit?usp=drivesdk&ouid=105181158144561550933&rtpof=true&sd=true,생성·재조회 확인,운영 파일 수에서 제외
