3단계참조_ID	원문행	구원자표기	4단계_ID	처리
REF-L00113-C0014	113	제1조		조문 자체 표제·③단계 처리완료
REF-L00122-C0014	122	제2조		조문 자체 표제·③단계 처리완료
REF-L00287-C0014	287	제22조		조문 자체 표제·③단계 처리완료
REF-L00288-C0162	288	제1장	XR-00027	치환
REF-L00288-C0189	288	제1장	XR-00027	치환
REF-L00288-C0203	288	제15장	XR-00028	치환
REF-L00288-C0213	288	제17장	XR-00029	치환
REF-L00129-C0014	129	제3조		조문 자체 표제·③단계 처리완료
REF-L00130-C0029	130	제2장	XR-00002	치환
REF-L00130-C0033	130	제5조	XR-00002	치환
REF-L00172-C0014	172	제8조		조문 자체 표제·③단계 처리완료
REF-L00173-C0146	173	제12장	XR-00009	치환
REF-L00175-C0016	175	제1장	XR-00010	치환
REF-L00175-C0027	175	제2장	XR-00011	치환
REF-L00175-C0038	175	제15장	XR-00012	치환
REF-L00181-C0014	181	제9조		조문 자체 표제·③단계 처리완료
REF-L00217-C0014	217	제14조		조문 자체 표제·③단계 처리완료
REF-L00218-C0091	218	제1장	XR-00015	치환
REF-L00138-C0014	138	제4조		조문 자체 표제·③단계 처리완료
REF-L00147-C0014	147	제5조		조문 자체 표제·③단계 처리완료
REF-L00148-C0135	148	제8장	XR-00003	치환
REF-L00150-C0032	150	제8장	XR-00004	치환
REF-L00156-C0014	156	제6조		조문 자체 표제·③단계 처리완료
REF-L00163-C0014	163	제7조		조문 자체 표제·③단계 처리완료
REF-L00164-C0173	164	제11장	XR-00005	치환
REF-L00166-C0042	166	제11장	XR-00006	치환
REF-L00166-C0054	166	제15장	XR-00007	치환
REF-L00166-C0064	166	제17장	XR-00008	치환
REF-L00188-C0014	188	제10조		조문 자체 표제·③단계 처리완료
REF-L00189-C0113	189	제13장	XR-00013	치환
REF-L00196-C0014	196	제11조		조문 자체 표제·③단계 처리완료
REF-L00203-C0014	203	제12조		조문 자체 표제·③단계 처리완료
REF-L00210-C0014	210	제13조		조문 자체 표제·③단계 처리완료
REF-L00233-C0014	233	제16조		조문 자체 표제·③단계 처리완료
REF-L00240-C0014	240	제17조		조문 자체 표제·③단계 처리완료
REF-L00247-C0014	247	제18조		조문 자체 표제·③단계 처리완료
REF-L00248-C0159	248	제1장	XR-00017	치환
REF-L00248-C0186	248	제1장	XR-00017	치환
REF-L00248-C0200	248	제11장	XR-00018	치환
REF-L00248-C0212	248	제17장	XR-00019	치환
REF-L00256-C0014	256	제19조		조문 자체 표제·③단계 처리완료
REF-L00226-C0014	226	제15조		조문 자체 표제·③단계 처리완료
REF-L00227-C0101	227	제1장	XR-00016	치환
REF-L00263-C0014	263	제20조		조문 자체 표제·③단계 처리완료
REF-L00264-C0050	264	제14장	XR-00020	치환
REF-L00266-C0020	266	제1장	XR-00021	치환
REF-L00266-C0031	266	제2장	XR-00022	치환
REF-L00266-C0097	266	제14장	XR-00023	치환
REF-L00274-C0014	274	제21조		조문 자체 표제·③단계 처리완료
REF-L00275-C0010	275	제2장	XR-00025	치환
REF-L00275-C0014	275	제5조	XR-00025	치환
REF-L00275-C0103	275	제3장	XR-00026	치환
REF-L00300-C0041	300	본 장	XR-00030	치환
REF-L00303-C0024	303	제1장	XR-00031	치환
REF-L00318-C0000	318	본 장	XR-00032	치환
REF-L00322-C0000	322	본 장	XR-00033	치환
REF-L00325-C0000	325	본 조	XR-00034	치환
REF-L00325-C0009	325	제2조	XR-00035	치환
REF-L00325-C0027	325	제5조	XR-00036	원문 대조 보정 후 치환
REF-L00587-C0060	587	제6장	XR-00037	치환
REF-L00596-C0004	596	전항	XR-00038	치환
REF-L00619-C0000	619	전항	XR-00039	치환
REF-L00681-C0063	681	제13장	XR-00040	치환
REF-L00708-C0011	708	제1장	XR-00041	치환
REF-L00772-C0016	772	각 호	XR-00043	일반표현 유지
REF-L00723-C0007	723	제1장	XR-00042	치환
REF-L00804-C0035	804	동조		일반 단어 일부·정규식 오탐 제외
REF-L01091-C0003	1091	각 호	XR-00058	일반표현 유지
REF-L00852-C0011	852	제1장	XR-00045	치환
REF-L00852-C0022	852	제11장	XR-00046	치환
REF-L00852-C0031	852	제15장	XR-00047	치환
REF-L00855-C0029	855	본 조	XR-00048	치환
REF-L00895-C0089	895	본 장	XR-00049	치환
REF-L09677-C0035	9677	제6장	XR-00675	원문 대조 보정 후 치환
REF-L09677-C0047	9677	제14장	XR-00676	치환
REF-L00963-C0017	963	제12장	XR-00051	치환
REF-L06109-C0011	6109	본 조	XR-00348	치환
REF-L06109-C0015	6109	제1항	XR-00348	치환
REF-L06037-C0000	6037	본 장	XR-00333	치환
REF-L06043-C0029	6043	본 장	XR-00334	치환
REF-L06046-C0000	6046	전항	XR-00335	치환
REF-L06046-C0015	6046	제2항	XR-00336	치환
REF-L06046-C0058	6046	제2항	XR-00337	치환
REF-L06050-C0000	6050	본 장	XR-00338	치환
REF-L06050-C0005	6050	제1조의 2	XR-00338	치환
REF-L06050-C0033	6050	본 장	XR-00339	치환
REF-L06053-C0003	6053	각 호	XR-00340	일반표현 유지
REF-L06053-C0013	6053	제1조의 2	XR-00341	치환
REF-L06054-C0003	6054	제9조	XR-00342	치환
REF-L06055-C0003	6055	제10조	XR-00343	치환
REF-L06056-C0003	6056	제11조	XR-00344	치환
REF-L06057-C0003	6057	제19조의 2	XR-00345	치환
REF-L06058-C0003	6058	제19조의 3	XR-00346	치환
REF-L00981-C0012	981	각 호	XR-00053	일반표현 유지
REF-L00997-C0024	997	제1장	XR-00054	치환
REF-L00997-C0051	997	제1장	XR-00054	치환
REF-L01006-C0012	1006	각 호	XR-00055	일반표현 유지
REF-L01018-C0012	1018	각 호	XR-00056	일반표현 유지
REF-L01023-C0049	1023	제1장	XR-00057	치환
REF-L01023-C0076	1023	제1장	XR-00057	치환
REF-L01152-C0017	1152	본 장	XR-00059	치환
REF-L01152-C0025	1152	제2장	XR-00060	치환
REF-L01152-C0040	1152	제2장	XR-00060	치환
REF-L01155-C0048	1155	제2장	XR-00061	치환
REF-L01155-C0063	1155	제2장	XR-00061	치환
REF-L01158-C0054	1158	제2장	XR-00062	치환
REF-L01158-C0069	1158	제2장	XR-00062	치환
REF-L01161-C0003	1161	제1장	XR-00063	치환
REF-L01161-C0030	1161	제1장	XR-00063	치환
REF-L01164-C0010	1164	제20조	XR-00064	원문 대조 보정 후 치환
REF-L01164-C0031	1164	제2장	XR-00064	원문 대조 보정 후 치환
REF-L01164-C0035	1164	제20조	XR-00064	원문 대조 보정 후 치환
REF-L01164-C0040	1164	제1항	XR-00064	원문 대조 보정 후 치환
REF-L01166-C0011	1166	제1조	XR-00065	치환
REF-L01223-C0000	1223	본 조	XR-00067	치환
REF-L01223-C0032	1223	제2장	XR-00068	확인 필요·치환 보류
REF-L01223-C0036	1223	제9조	XR-00068	확인 필요·치환 보류
REF-L01223-C0041	1223	제5장	XR-00069	치환
REF-L01223-C0045	1223	제15조	XR-00069	치환
REF-L01552-C0000	1552	본 장	XR-00078	치환
REF-L01383-C0021	1383	본 조	XR-00072	치환
REF-L01383-C0025	1383	제2항	XR-00072	치환
REF-L01463-C0042	1463	본 장	XR-00073	치환
REF-L01463-C0046	1463	제12조	XR-00073	치환
REF-L01520-C0000	1520	본 장	XR-00075	치환
REF-L01183-C0029	1183	제2장	XR-00066	치환
REF-L01545-C0065	1545	본 장	XR-00076	치환
REF-L01547-C0011	1547	제1조	XR-00077	치환
REF-L01647-C0088	1647	제10조	XR-00079	치환
REF-L01657-C0000	1657	본 장	XR-00080	치환
REF-L01660-C0111	1660	제13장	XR-00081	치환
REF-L01674-C0000	1674	본 조	XR-00082	치환
REF-L01674-C0004	1674	제3항	XR-00082	치환
REF-L01677-C0000	1677	본 항	XR-00083	치환
REF-L01677-C0004	1677	제1호	XR-00083	치환
REF-L01693-C0000	1693	본 조	XR-00084	치환
REF-L01693-C0004	1693	제3항	XR-00084	치환
REF-L01693-C0057	1693	제2항	XR-00085	치환
REF-L01699-C0019	1699	본 조	XR-00086	치환
REF-L01699-C0023	1699	제5항	XR-00086	치환
REF-L01706-C0000	1706	본 조	XR-00087	치환
REF-L01706-C0004	1706	제1항	XR-00087	치환
REF-L01728-C0003	1728	각 호	XR-00088	일반표현 유지
REF-L01730-C0021	1730	본 장	XR-00089	치환
REF-L01730-C0025	1730	제7조의2	XR-00089	치환
REF-L01758-C0023	1758	제2장	XR-00090	확인 필요·치환 보류
REF-L01758-C0039	1758	제3조	XR-00090	확인 필요·치환 보류
REF-L01758-C0054	1758	제2항	XR-00090	확인 필요·치환 보류
REF-L01758-C0058	1758	제2장	XR-00090	확인 필요·치환 보류
REF-L01758-C0062	1758	제3조	XR-00090	확인 필요·치환 보류
REF-L01758-C0066	1758	제2항	XR-00090	확인 필요·치환 보류
REF-L01851-C0011	1851	제1항	XR-00091	치환
REF-L01904-C0000	1904	본 절	XR-00092	치환
REF-L02032-C0017	2032	제11절	XR-00095	치환
REF-L01950-C0006	1950	제7조	XR-00093	치환
REF-L01950-C0012	1950	제12조	XR-00094	치환
REF-L02040-C0064	2040	동조		일반 단어 일부·정규식 오탐 제외
REF-L02130-C0011	2130	제1조	XR-00103	치환
REF-L02133-C0011	2133	제1조	XR-00104	치환
REF-L02136-C0011	2136	제1조	XR-00105	치환
REF-L02139-C0011	2139	제1조	XR-00106	치환
REF-L02142-C0011	2142	제1조	XR-00107	치환
REF-L02155-C0080	2155	제1장	XR-00108	치환
REF-L02158-C0007	2158	제1장	XR-00109	치환
REF-L02181-C0063	2181	동조		일반 단어 일부·정규식 오탐 제외
REF-L02217-C0000	2217	제4항	XR-00110	치환
REF-L02217-C0026	2217	제5항	XR-00111	치환
REF-L08609-C0000	8609	본 조	XR-00539	치환
REF-L08609-C0004	8609	제1항	XR-00539	치환
REF-L08633-C0174	8633	제6항	XR-00540	치환
REF-L08636-C0000	8636	본 조	XR-00541	치환
REF-L02257-C0018	2257	제16조	XR-00112	치환
REF-L02278-C0017	2278	각 호	XR-00114	일반표현 유지
REF-L02296-C0068	2296	제6장	XR-00115	치환
REF-L02299-C0015	2299	각호	XR-00116	일반표현 유지
REF-L02325-C0052	2325	본 장	XR-00117	치환
REF-L02328-C0033	2328	제3조	XR-00118	치환
REF-L02428-C0033	2428	제16조	XR-00125	치환
REF-L02431-C0023	2431	제11장	XR-00126	치환
REF-L02431-C0048	2431	본 조	XR-00127	치환
REF-L02434-C0035	2434	제12장	XR-00128	치환
REF-L02444-C0048	2444	제4장	XR-00129	치환
REF-L02373-C0033	2373	제11장	XR-00121	치환
REF-L02373-C0043	2373	제12장	XR-00122	치환
REF-L02488-C0000	2488	본 조	XR-00130	치환
REF-L02488-C0039	2488	제6장	XR-00131	치환
REF-L02506-C0007	2506	제1장	XR-00132	치환
REF-L02515-C0000	2515	본 장	XR-00133	치환
REF-L02567-C0030	2567	본 장	XR-00134	치환
REF-L02567-C0034	2567	제10조	XR-00134	치환
REF-L02570-C0032	2570	본 장	XR-00135	치환
REF-L02570-C0036	2570	제13조	XR-00135	치환
REF-L02584-C0000	2584	전항	XR-00136	치환
REF-L03143-C0003	3143	각 호	XR-00169	일반표현 유지
REF-L02881-C0070	2881	본 조	XR-00163	치환
REF-L02881-C0100	2881	제35조	XR-00164	치환
REF-L02896-C0030	2896	제34조	XR-00165	원문 대조 보정 후 치환
REF-L02916-C0054	2916	제1장	XR-00166	치환
REF-L02952-C0000	2952	본 조	XR-00167	치환
REF-L02966-C0009	2966	각 호	XR-00168	일반표현 유지
REF-L02611-C0000	2611	본 조	XR-00137	치환
REF-L02620-C0010	2620	각 호	XR-00138	일반표현 유지
REF-L02630-C0000	2630	전 항	XR-00139	치환
REF-L02630-C0004	2630	각 호	XR-00140	일반표현 유지
REF-L02697-C0036	2697	각 호	XR-00141	일반표현 유지
REF-L02724-C0007	2724	본 장	XR-00142	치환
REF-L02733-C0027	2733	제9조	XR-00143	치환
REF-L02733-C0067	2733	제9조	XR-00144	치환
REF-L02733-C0072	2733	제5조	XR-00145	치환
REF-L02733-C0076	2733	제1항	XR-00145	치환
REF-L02733-C0081	2733	제3조	XR-00146	치환
REF-L02733-C0110	2733	제14조	XR-00147	치환
REF-L02736-C0029	2736	제10조	XR-00148	치환
REF-L02736-C0056	2736	제11조	XR-00149	치환
REF-L02739-C0036	2739	제12조	XR-00150	치환
REF-L02739-C0060	2739	제41조	XR-00151	확인 필요·치환 보류
REF-L02739-C0067	2739	제40조의2	XR-00152	확인 필요·치환 보류
REF-L02742-C0039	2742	제13조	XR-00153	치환
REF-L02742-C0065	2742	제13조	XR-00154	치환
REF-L02745-C0000	2745	제5장	XR-00155	치환
REF-L02745-C0021	2745	본 절	XR-00156	치환
REF-L02745-C0041	2745	제6조	XR-00157	치환
REF-L02745-C0045	2745	제3항	XR-00157	치환
REF-L02745-C0051	2745	제2장	XR-00158	치환
REF-L02745-C0062	2745	제15장	XR-00159	치환
REF-L03227-C0017	3227	본 장	XR-00172	확인 필요·치환 보류
REF-L03227-C0021	3227	제12조	XR-00172	확인 필요·치환 보류
REF-L03227-C0028	3227	제6조의2	XR-00173	치환
REF-L03249-C0020	3249	제6조의8	XR-00174	치환
REF-L03261-C0000	3261	본 장	XR-00175	치환
REF-L03281-C0036	3281	동조		일반 단어 일부·정규식 오탐 제외
REF-L03338-C0065	3338	본 항	XR-00176	치환
REF-L03384-C0046	3384	제6조의2	XR-00177	치환
REF-L03460-C0028	3460	제2항	XR-00189	치환
REF-L03628-C0000	3628	제1항	XR-00196	치환
REF-L03701-C0000	3701	제5장	XR-00198	치환
REF-L03701-C0009	3701	제11장	XR-00199	치환
REF-L03701-C0021	3701	제16장	XR-00200	치환
REF-L03836-C0000	3836	본 장	XR-00207	치환
REF-L00922-C0045	922	본 장	XR-00050	치환
REF-L03435-C0075	3435	각 호	XR-00183	일반표현 유지
REF-L03441-C0010	3441	제1항	XR-00184	치환
REF-L03447-C0000	3447	본 조	XR-00185	치환
REF-L03447-C0012	3447	제5장	XR-00186	치환
REF-L03447-C0016	3447	제14조	XR-00186	치환
REF-L03447-C0021	3447	제6항	XR-00186	치환
REF-L03447-C0057	3447	제6조의4	XR-00187	치환
REF-L03450-C0000	3450	본 조	XR-00188	치환
REF-L03405-C0152	3405	동조		일반 단어 일부·정규식 오탐 제외
REF-L03405-C0187	3405	본 항	XR-00178	치환
REF-L03405-C0196	3405	제5장	XR-00179	치환
REF-L03405-C0200	3405	제14조	XR-00179	치환
REF-L03405-C0205	3405	제6항	XR-00179	치환
REF-L03414-C0000	3414	본 조	XR-00180	치환
REF-L03414-C0012	3414	제6조의7	XR-00181	치환
REF-L03417-C0000	3417	본 조	XR-00182	치환
REF-L03428-C0100	3428	동조		일반 단어 일부·정규식 오탐 제외
REF-L03770-C0032	3770	동조		일반 단어 일부·정규식 오탐 제외
REF-L03808-C0013	3808	제1항	XR-00202	치환
REF-L03811-C0007	3811	제2항	XR-00203	치환
REF-L03814-C0040	3814	동조		일반 단어 일부·정규식 오탐 제외
REF-L03814-C0079	3814	제5장	XR-00204	치환
REF-L03817-C0000	3817	본 조	XR-00205	치환
REF-L02342-C0020	2342	제7장	XR-00120	치환
REF-L02400-C0041	2400	동조		일반 단어 일부·정규식 오탐 제외
REF-L02400-C0056	2400	동조		일반 단어 일부·정규식 오탐 제외
REF-L02400-C0080	2400	동조		일반 단어 일부·정규식 오탐 제외
REF-L02417-C0010	2417	제7장	XR-00123	치환
REF-L02417-C0050	2417	제16장	XR-00124	치환
REF-L03824-C0056	3824	제6조의8	XR-00206	치환
REF-L03681-C0048	3681	제2장	XR-00197	치환
REF-L03795-C0047	3795	제5장	XR-00201	치환
REF-L03885-C0000	3885	본 장	XR-00216	치환
REF-L03885-C0012	3885	제1장	XR-00217	치환
REF-L03902-C0035	3902	본 장	XR-00218	치환
REF-L03905-C0027	3905	본 조	XR-00219	치환
REF-L04095-C0000	4095	전항	XR-00230	치환
REF-L04105-C0007	4105	전항	XR-00231	치환
REF-L03970-C0012	3970	본 조		일반 단어 일부·정규식 오탐 제외
REF-L03983-C0000	3983	전항	XR-00221	치환
REF-L03996-C0027	3996	본 항	XR-00222	치환
REF-L03999-C0057	3999	각 호	XR-00223	일반표현 유지
REF-L04012-C0053	4012	각 호	XR-00224	일반표현 유지
REF-L04021-C0080	4021	제2목	XR-00225	치환
REF-L04032-C0044	4032	각 호	XR-00226	일반표현 유지
REF-L04034-C0000	4034	제5항	XR-00227	치환
REF-L04042-C0084	4042	본 조	XR-00228	치환
REF-L04052-C0054	4052	제17장	XR-00229	치환
REF-L04116-C0016	4116	제1장	XR-00232	치환
REF-L04527-C0010	4527	본 장	XR-00243	치환
REF-L04527-C0014	4527	제15조	XR-00243	치환
REF-L04542-C0003	4542	각 호	XR-00246	일반표현 유지
REF-L04177-C0000	4177	전항	XR-00233	치환
REF-L04184-C0075	4184	본 장	XR-00234	치환
REF-L04184-C0080	4184	제5조의2	XR-00234	치환
REF-L04363-C0000	4363	본 조	XR-00238	치환
REF-L04393-C0000	4393	본 조	XR-00239	치환
REF-L04420-C0000	4420	본 조	XR-00240	치환
REF-L04435-C0000	4435	본 조	XR-00241	치환
REF-L04294-C0076	4294	제6장	XR-00235	치환
REF-L04314-C0037	4314	각 호	XR-00236	일반표현 유지
REF-L04335-C0043	4335	본 조	XR-00237	치환
REF-L03942-C0000	3942	전항	XR-00220	치환
REF-L04461-C0020	4461	각 호	XR-00242	일반표현 유지
REF-L04535-C0000	4535	본 장	XR-00244	치환
REF-L04538-C0026	4538	본 장	XR-00245	치환
REF-L04553-C0000	4553	본 장	XR-00247	치환
REF-L04640-C0000	4640	본 장	XR-00248	치환
REF-L04668-C0164	4668	본 항	XR-00254	치환
REF-L04668-C0198	4668	제10장	XR-00255	치환
REF-L04675-C0000	4675	본 장	XR-00256	치환
REF-L04693-C0000	4693	본 조	XR-00257	치환
REF-L04707-C0008	4707	본 조	XR-00258	치환
REF-L04717-C0020	4717	각 호	XR-00259	일반표현 유지
REF-L04820-C0009	4820	동조		일반 단어 일부·정규식 오탐 제외
REF-L04820-C0047	4820	동조		일반 단어 일부·정규식 오탐 제외
REF-L04783-C0027	4783	제13조의2	XR-00264	치환
REF-L04952-C0000	4952	본 조	XR-00266	치환
REF-L05042-C0000	5042	전 항	XR-00269	치환
REF-L04988-C0044	4988	제12조	XR-00267	치환
REF-L04988-C0051	4988	제11장	XR-00268	치환
REF-L05108-C0006	5108	본 장	XR-00270	치환
REF-L04728-C0056	4728	각 호	XR-00260	일반표현 유지
REF-L04739-C0018	4739	각 호	XR-00261	일반표현 유지
REF-L05147-C0012	5147	각 호	XR-00271	일반표현 유지
REF-L05155-C0033	5155	제12조	XR-00272	치환
REF-L05157-C0028	5157	동 조		일반 단어 일부·정규식 오탐 제외
REF-L05280-C0000	5280	본 장	XR-00275	치환
REF-L05346-C0000	5346	본 장	XR-00284	치환
REF-L05349-C0053	5349	본 장	XR-00285	치환
REF-L05349-C0057	5349	제17조	XR-00285	치환
REF-L05425-C0044	5425	제9장	XR-00287	치환
REF-L05425-C0052	5425	제5조	XR-00287	치환
REF-L05292-C0014	5292	제9장	XR-00276	치환
REF-L05304-C0000	5304	본 조	XR-00277	치환
REF-L05304-C0029	5304	제2장	XR-00278	치환
REF-L05304-C0033	5304	제15조	XR-00278	치환
REF-L05304-C0041	5304	제2장	XR-00279	치환
REF-L05304-C0045	5304	제2조의3	XR-00279	치환
REF-L05304-C0054	5304	제2장	XR-00280	확인 필요·치환 보류
REF-L05304-C0058	5304	제2조의8	XR-00280	확인 필요·치환 보류
REF-L05304-C0067	5304	제9장	XR-00281	치환
REF-L05304-C0071	5304	제1조	XR-00281	치환
REF-L05304-C0078	5304	제9장	XR-00282	치환
REF-L05304-C0082	5304	제2조의3	XR-00282	치환
REF-L05311-C0003	5311	각 호	XR-00283	일반표현 유지
REF-L05567-C0007	5567	제9장	XR-00291	치환
REF-L05567-C0015	5567	제12조의 2	XR-00291	치환
REF-L00969-C0019	969	제10장	XR-00052	치환
REF-L04752-C0000	4752	전 항	XR-00262	치환
REF-L04755-C0055	4755	제10장	XR-00263	치환
REF-L05676-C0029	5676	제6조의 2	XR-00300	치환
REF-L04796-C0004	4796	제10장	XR-00265	치환
REF-L05388-C0049	5388	각 호	XR-00286	일반표현 유지
REF-L05538-C0000	5538	본 조	XR-00288	치환
REF-L05541-C0015	5541	본 조	XR-00290	치환
REF-L05578-C0045	5578	본 장	XR-00292	치환
REF-L05581-C0023	5581	본 조	XR-00293	치환
REF-L05581-C0055	5581	제15조	XR-00294	치환
REF-L05584-C0029	5584	본 장	XR-00295	치환
REF-L05619-C0023	5619	제23조의 6	XR-00296	치환
REF-L05624-C0032	5624	본 장	XR-00297	치환
REF-L05741-C0004	5741	본 장	XR-00311	치환
REF-L05747-C0003	5747	각 호	XR-00312	일반표현 유지
REF-L05784-C0057	5784	제4조의 2	XR-00314	치환
REF-L05793-C0046	5793	제4조의 2	XR-00315	확인 필요·치환 보류
REF-L05634-C0007	5634	제9장	XR-00298	치환
REF-L05637-C0003	5637	각 호	XR-00299	일반표현 유지
REF-L05706-C0000	5706	전항	XR-00301	치환
REF-L05706-C0014	5706	본 장	XR-00302	치환
REF-L05709-C0003	5709	각 호	XR-00304	일반표현 유지
REF-L05719-C0039	5719	본 장	XR-00305	치환
REF-L05719-C0043	5719	제12조	XR-00305	치환
REF-L05776-C0007	5776	각 호	XR-00313	일반표현 유지
REF-L05854-C0003	5854	각 호	XR-00316	일반표현 유지
REF-L05866-C0018	5866	제23조의 6	XR-00317	치환
REF-L05874-C0000	5874	본 절	XR-00318	치환
REF-L05874-C0005	5874	본 장	XR-00319	치환
REF-L05880-C0000	5880	본 절	XR-00320	치환
REF-L05880-C0018	5880	본 장	XR-00321	치환
REF-L05880-C0022	5880	제21조	XR-00321	치환
REF-L05924-C0044	5924	제2장	XR-00322	확인 필요·치환 보류
REF-L05924-C0048	5924	제2조의 8	XR-00322	확인 필요·치환 보류
REF-L05931-C0042	5931	본 장	XR-00323	치환
REF-L05931-C0046	5931	제12조	XR-00323	치환
REF-L05962-C0000	5962	본 절	XR-00324	치환
REF-L05965-C0019	5965	본 절	XR-00325	치환
REF-L05969-C0000	5969	본 절	XR-00326	치환
REF-L05969-C0018	5969	제10장	XR-00327	치환
REF-L05969-C0031	5969	제2장	XR-00328	치환
REF-L05969-C0042	5969	제9장	XR-00329	치환
REF-L06024-C0000	6024	본 장	XR-00330	치환
REF-L06033-C0000	6033	본 장	XR-00331	치환
REF-L06658-C0000	6658	본 장	XR-00382	치환
REF-L06661-C0000	6661	본 장	XR-00383	치환
REF-L06661-C0032	6661	제17장	XR-00384	치환
REF-L06661-C0079	6661	제3조의 2	XR-00385	치환
REF-L06133-C0011	6133	제2조	XR-00349	치환
REF-L06133-C0015	6133	제1항	XR-00349	치환
REF-L06136-C0041	6136	제7조의3	XR-00350	치환
REF-L06142-C0021	6142	제11조	XR-00351	치환
REF-L06145-C0025	6145	제17장	XR-00352	치환
REF-L06145-C0143	6145	본 조	XR-00353	치환
REF-L06145-C0147	6145	제3항	XR-00353	치환
REF-L06235-C0016	6235	제10조	XR-00357	치환
REF-L06235-C0058	6235	제11조의5	XR-00358	치환
REF-L06241-C0006	6241	제2조의 2	XR-00359	치환
REF-L06241-C0022	6241	본조	XR-00360	치환
REF-L06241-C0036	6241	제7조	XR-00361	치환
REF-L06515-C0000	6515	전항	XR-00377	치환
REF-L06535-C0034	6535	제3조의2	XR-00379	치환
REF-L06572-C0059	6572	제18조의 3	XR-00380	치환
REF-L06578-C0039	6578	제17장	XR-00381	치환
REF-L06308-C0000	6308	본 조	XR-00366	치환
REF-L06315-C0025	6315	제17장	XR-00367	치환
REF-L06321-C0012	6321	제3조의2	XR-00368	치환
REF-L06321-C0050	6321	제18조의3	XR-00369	치환
REF-L06321-C0071	6321	제18조의4	XR-00370	치환
REF-L06324-C0053	6324	제17장	XR-00371	치환
REF-L06327-C0023	6327	본 장	XR-00372	치환
REF-L06327-C0041	6327	제9조	XR-00373	치환
REF-L06330-C0057	6330	제11조	XR-00374	치환
REF-L01354-C0051	1354	제2장	XR-00070	치환
REF-L06204-C0011	6204	본 조	XR-00355	치환
REF-L06204-C0015	6204	제5항	XR-00355	치환
REF-L06293-C0000	6293	본 조	XR-00363	치환
REF-L06293-C0028	6293	제1조의2	XR-00364	치환
REF-L06293-C0034	6293	제1항	XR-00364	치환
REF-L06293-C0075	6293	제1조의2	XR-00365	치환
REF-L06293-C0081	6293	제2항	XR-00365	치환
REF-L06348-C0000	6348	본 조	XR-00375	치환
REF-L01357-C0021	1357	제1장	XR-00071	치환
REF-L06278-C0000	6278	본 장	XR-00362	치환
REF-L06228-C0001	6228	본 조	XR-00356	치환
REF-L06228-C0005	6228	제1항	XR-00356	치환
REF-L06665-C0035	6665	제7조의 3	XR-00386	치환
REF-L06668-C0047	6668	제3조의2	XR-00387	치환
REF-L06668-C0053	6668	제3항	XR-00387	치환
REF-L06671-C0000	6671	본 조	XR-00388	치환
REF-L06379-C0078	6379	제7조의4	XR-00376	치환
REF-L03470-C0044	3470	제2항	XR-00190	치환
REF-L08473-C0022	8473	제11장	XR-00519	치환
REF-L08476-C0000	8476	제1항	XR-00520	치환
REF-L08479-C0047	8479	제11장	XR-00521	치환
REF-L08479-C0061	8479	제14장	XR-00522	치환
REF-L10315-C0018	10315	제11장	XR-00739	치환
REF-L10318-C0022	10318	제11장	XR-00740	치환
REF-L10440-C0014	10440	제11장	XR-00760	치환
REF-L01511-C0052	1511	제11조	XR-00074	치환
REF-L03483-C0000	3483	제6조의9	XR-00193	치환
REF-L03486-C0058	3486	제10조	XR-00194	치환
REF-L03486-C0065	3486	제10조의5	XR-00195	치환
REF-L06695-C0000	6695	본 장	XR-00389	치환
REF-L06729-C0000	6729	본 조	XR-00390	치환
REF-L06732-C0000	6732	본 장	XR-00391	치환
REF-L06753-C0000	6753	본 장	XR-00392	치환
REF-L06802-C0003	6802	각 호	XR-00394	일반표현 유지
REF-L06807-C0004	6807	제7장	XR-00395	치환
REF-L06810-C0000	6810	전항	XR-00396	치환
REF-L06816-C0061	6816	본 장	XR-00399	치환
REF-L06816-C0065	6816	제7조	XR-00399	치환
REF-L06838-C0057	6838	제15조의 2	XR-00400	치환
REF-L06905-C0013	6905	제9조	XR-00401	치환
REF-L06924-C0018	6924	제11장	XR-00402	치환
REF-L06933-C0016	6933	본 장	XR-00403	치환
REF-L06970-C0021	6970	본 장	XR-00404	치환
REF-L07118-C0020	7118	본 장	XR-00405	치환
REF-L07162-C0029	7162	제11장	XR-00406	치환
REF-L07198-C0045	7198	동조		일반 단어 일부·정규식 오탐 제외
REF-L07201-C0028	7201	본 장	XR-00407	치환
REF-L07260-C0009	7260	제10조	XR-00408	치환
REF-L07260-C0026	7260	제43조	XR-00409	치환
REF-L07565-C0000	7565	전항	XR-00411	치환
REF-L07636-C0032	7636	본 장	XR-00412	치환
REF-L07636-C0037	7636	제4장	XR-00413	치환
REF-L07636-C0046	7636	제15장	XR-00414	치환
REF-L07636-C0056	7636	제16장	XR-00415	치환
REF-L07646-C0013	7646	각 호	XR-00416	일반표현 유지
REF-L07655-C0010	7655	전항	XR-00417	치환
REF-L07655-C0013	7655	각 호	XR-00418	일반표현 유지
REF-L07655-C0030	7655	제15장	XR-00419	치환
REF-L07655-C0057	7655	제16장	XR-00420	치환
REF-L07658-C0084	7658	제4장	XR-00421	치환
REF-L07658-C0093	7658	제6장	XR-00422	치환
REF-L07658-C0102	7658	제15장	XR-00423	치환
REF-L07658-C0112	7658	제16장	XR-00424	치환
REF-L07661-C0099	7661	제20조의5	XR-00425	치환
REF-L07670-C0048	7670	제49조	XR-00426	치환
REF-L07670-C0053	7670	제51조	XR-00427	치환
REF-L07671-C0044	7671	제3조	XR-00428	치환
REF-L07671-C0048	7671	제1항	XR-00428	치환
REF-L07671-C0052	7671	제2호	XR-00428	치환
REF-L07671-C0057	7671	제13조	XR-00429	치환
REF-L07671-C0062	7671	제13조의2	XR-00430	확인 필요·치환 보류
REF-L07671-C0070	7671	제4절	XR-00431	치환
REF-L07699-C0074	7699	제9조	XR-00432	치환
REF-L07702-C0029	7702	제20조의5	XR-00433	치환
REF-L07705-C0042	7705	제25조	XR-00434	치환
REF-L07741-C0007	7741	제2항	XR-00435	치환
REF-L07747-C0042	7747	제7항	XR-00436	치환
REF-L07753-C0087	7753	제2항	XR-00437	치환
REF-L07753-C0093	7753	제4항	XR-00437	치환
REF-L07756-C0034	7756	제6조	XR-00438	확인 필요·치환 보류
REF-L07759-C0044	7759	제11조	XR-00439	치환
REF-L07765-C0053	7765	제33조	XR-00440	치환
REF-L07768-C0020	7768	각 호	XR-00441	일반표현 유지
REF-L07790-C0010	7790	제25조	XR-00442	치환
REF-L07790-C0085	7790	제25조	XR-00443	치환
REF-L07790-C0090	7790	제5항	XR-00443	치환
REF-L07852-C0000	7852	본 장	XR-00447	치환
REF-L07855-C0050	7855	제20조의2	XR-00448	치환
REF-L07855-C0057	7855	제20조의3	XR-00449	치환
REF-L07900-C0188	7900	제1장	XR-00450	치환
REF-L07921-C0055	7921	제19조	XR-00451	치환
REF-L07921-C0060	7921	제1항	XR-00451	치환
REF-L07933-C0065	7933	제16장	XR-00452	치환
REF-L07933-C0081	7933	제1장	XR-00453	치환
REF-L07939-C0074	7939	각 호	XR-00454	일반표현 유지
REF-L07942-C0008	7942	본 장	XR-00455	치환
REF-L07948-C0008	7948	제27조	XR-00456	확인 필요·치환 보류
REF-L07951-C0000	7951	본 조	XR-00457	치환
REF-L07951-C0006	7951	본 장	XR-00458	치환
REF-L07966-C0022	7966	제16조	XR-00459	치환
REF-L07966-C0037	7966	제19조	XR-00460	치환
REF-L07980-C0035	7980	제11장	XR-00462	치환
REF-L07998-C0039	7998	제24조	XR-00463	치환
REF-L08004-C0058	8004	제6장	XR-00464	원문 대조 보정 후 치환
REF-L08004-C0069	8004	제7장	XR-00465	원문 대조 보정 후 치환
REF-L08004-C0080	8004	제15장	XR-00466	치환
REF-L08011-C0081	8011	제1장	XR-00467	치환
REF-L08014-C0093	8014	각 호	XR-00468	일반표현 유지
REF-L07808-C0000	7808	전항	XR-00444	치환
REF-L07817-C0098	7817	제26조	XR-00445	치환
REF-L07820-C0027	7820	제25조	XR-00446	치환
REF-L08033-C0025	8033	제47조	XR-00469	치환
REF-L08033-C0030	8033	제1항	XR-00469	치환
REF-L08033-C0039	8033	본 조	XR-00470	치환
REF-L08033-C0045	8033	제20조의3	XR-00471	치환
REF-L08033-C0098	8033	제39조	XR-00472	치환
REF-L08036-C0003	8036	각 호	XR-00473	일반표현 유지
REF-L08041-C0049	8041	제20조의3	XR-00474	치환
REF-L08041-C0056	8041	제2항	XR-00474	치환
REF-L08041-C0060	8041	제5호	XR-00474	치환
REF-L08047-C0011	8047	제20조	XR-00475	치환
REF-L08047-C0016	8047	제1항	XR-00475	치환
REF-L08047-C0063	8047	제20조의4	XR-00476	치환
REF-L08050-C0043	8050	제25조	XR-00477	치환
REF-L08057-C0003	8057	각 호	XR-00478	일반표현 유지
REF-L08061-C0011	8061	제20조의5	XR-00479	치환
REF-L08075-C0047	8075	본 조	XR-00480	치환
REF-L08078-C0003	8078	각 호	XR-00481	일반표현 유지
REF-L08087-C0000	8087	전항	XR-00482	치환
REF-L08087-C0048	8087	제3조	XR-00483	치환
REF-L08087-C0052	8087	제1항	XR-00483	치환
REF-L08087-C0056	8087	제5호	XR-00483	치환
REF-L08090-C0062	8090	제21조	XR-00484	치환
REF-L08090-C0067	8090	제1항	XR-00484	치환
REF-L08099-C0064	8099	제2조	XR-00485	확인 필요·치환 보류
REF-L08099-C0068	8099	제3항	XR-00485	확인 필요·치환 보류
REF-L08102-C0066	8102	제25조	XR-00486	치환
REF-L08105-C0047	8105	제38조	XR-00488	치환
REF-L08108-C0000	8108	전항	XR-00489	확인 필요·치환 보류
REF-L08146-C0000	8146	전항	XR-00497	치환
REF-L08146-C0088	8146	제15장	XR-00498	치환
REF-L08149-C0011	8149	제1항	XR-00499	치환
REF-L08164-C0000	8164	본 절	XR-00500	치환
REF-L08175-C0018	8175	각 호	XR-00501	일반표현 유지
REF-L08181-C0003	8181	각 호	XR-00502	일반표현 유지
REF-L08188-C0037	8188	제25조	XR-00503	치환
REF-L08188-C0042	8188	제5항	XR-00503	치환
REF-L08191-C0086	8191	각 호	XR-00504	일반표현 유지
REF-L08225-C0049	8225	제25조	XR-00505	치환
REF-L08366-C0000	8366	본 장	XR-00510	치환
REF-L08398-C0030	8398	제13조	XR-00511	치환
REF-L08398-C0035	8398	제1항	XR-00511	치환
REF-L08398-C0069	8398	제20조의2	XR-00512	치환
REF-L08398-C0085	8398	제20조의3	XR-00513	치환
REF-L08407-C0020	8407	제16조	XR-00514	치환
REF-L08407-C0035	8407	제19조	XR-00515	치환
REF-L08410-C0034	8410	제1절	XR-00516	원문 대조 보정 후 치환
REF-L08410-C0038	8410	제3조	XR-00516	원문 대조 보정 후 치환
REF-L08410-C0042	8410	제2항	XR-00516	원문 대조 보정 후 치환
REF-L08410-C0046	8410	제2호	XR-00516	원문 대조 보정 후 치환
REF-L08428-C0058	8428	제3조의1	XR-00517	원문 대조 보정 후 치환
REF-L08448-C0075	8448	제13장	XR-00518	치환
REF-L08521-C0050	8521	제13장	XR-00523	치환
REF-L08530-C0052	8530	본 장	XR-00524	치환
REF-L08530-C0056	8530	제52조	XR-00524	치환
REF-L08533-C0055	8533	본 장	XR-00525	치환
REF-L08533-C0059	8533	제21조	XR-00525	치환
REF-L08548-C0036	8548	본 장	XR-00526	확인 필요·치환 보류
REF-L08548-C0040	8548	제25조	XR-00526	확인 필요·치환 보류
REF-L08548-C0143	8548	본 조	XR-00527	치환
REF-L08554-C0000	8554	본 조	XR-00528	치환
REF-L08554-C0004	8554	제2항	XR-00528	치환
REF-L08560-C0000	8560	본 장	XR-00529	원문 대조 보정 후 치환
REF-L08560-C0004	8560	제2항	XR-00529	원문 대조 보정 후 치환
REF-L08560-C0010	8560	제4항	XR-00530	치환
REF-L08651-C0021	8651	각 호	XR-00542	일반표현 유지
REF-L08670-C0046	8670	본 장	XR-00543	치환
REF-L08673-C0038	8673	제45조	XR-00544	치환
REF-L08673-C0043	8673	제2항	XR-00544	치환
REF-L08673-C0048	8673	제20조의3	XR-00545	치환
REF-L08676-C0013	8676	제12조의2	XR-00546	원문 대조 보정 후 치환
REF-L08676-C0029	8676	제13조의2	XR-00547	원문 대조 보정 후 치환
REF-L08676-C0055	8676	제13조	XR-00548	확인 필요·치환 보류
REF-L08676-C0060	8676	제11조	XR-00549	치환
REF-L08688-C0021	8688	제12조	XR-00550	치환
REF-L08694-C0061	8694	제14조	XR-00551	치환
REF-L08694-C0066	8694	제49조	XR-00552	치환
REF-L08694-C0071	8694	제51조	XR-00553	치환
REF-L08714-C0000	8714	본 장	XR-00554	치환
REF-L08714-C0062	8714	제17조	XR-00556	치환
REF-L08714-C0067	8714	제1항	XR-00556	치환
REF-L08714-C0071	8714	제2호	XR-00556	치환
REF-L08723-C0024	8723	제11조	XR-00557	확인 필요·치환 보류
REF-L08723-C0029	8723	제22조의2	XR-00558	확인 필요·치환 보류
REF-L08732-C0040	8732	제48조	XR-00559	치환
REF-L08732-C0046	8732	제4항	XR-00559	치환
REF-L08741-C0038	8741	본 장	XR-00560	치환
REF-L08747-C0053	8747	본 장	XR-00561	치환
REF-L08758-C0064	8758	제14장	XR-00562	치환
REF-L08764-C0049	8764	제20조의3	XR-00563	치환
REF-L08764-C0056	8764	제2항	XR-00563	치환
REF-L08764-C0060	8764	제5호	XR-00563	치환
REF-L08913-C0007	8913	제1장	XR-00573	치환
REF-L08913-C0021	8913	제6장	XR-00574	원문 대조 보정 후 치환
REF-L08913-C0092	8913	본 장	XR-00575	치환
REF-L08913-C0097	8913	제6장	XR-00576	원문 대조 보정 후 치환
REF-L08913-C0109	8913	제14장	XR-00577	치환
REF-L08854-C0053	8854	제36조	XR-00571	치환
REF-L08899-C0019	8899	제9절	XR-00572	확인 필요·치환 보류
REF-L08899-C0032	8899	제8절	XR-00572	확인 필요·치환 보류
REF-L08899-C0041	8899	제10절	XR-00572	확인 필요·치환 보류
REF-L08257-C0005	8257	제38조	XR-00506	치환
REF-L08354-C0012	8354	제70조	XR-00507	치환
REF-L08354-C0019	8354	제71조	XR-00508	치환
REF-L08778-C0013	8778	제71조	XR-00564	치환
REF-L08778-C0046	8778	제27조	XR-00565	치환
REF-L08778-C0051	8778	제28조	XR-00566	치환
REF-L08831-C0019	8831	제15장	XR-00567	치환
REF-L08831-C0099	8831	제6장	XR-00568	원문 대조 보정 후 치환
REF-L08842-C0032	8842	제71조	XR-00569	치환
REF-L08842-C0037	8842	제72조	XR-00570	치환
REF-L08112-C0000	8112	본 조	XR-00490	치환
REF-L08112-C0074	8112	제33조	XR-00491	치환
REF-L08115-C0010	8115	전항	XR-00492	치환
REF-L08118-C0022	8118	전항	XR-00493	치환
REF-L08121-C0000	8121	전항	XR-00494	치환
REF-L08124-C0073	8124	제4조	XR-00495	치환
REF-L08124-C0077	8124	제4항	XR-00495	치환
REF-L08127-C0000	8127	본 조	XR-00496	치환
REF-L08360-C0020	8360	본 장	XR-00509	치환
REF-L08572-C0010	8572	본 조	XR-00531	치환
REF-L08572-C0014	8572	제1항	XR-00531	치환
REF-L08572-C0107	8572	본 장	XR-00532	치환
REF-L08572-C0111	8572	제52조	XR-00532	치환
REF-L08575-C0000	8575	본 조	XR-00533	치환
REF-L08575-C0004	8575	제1항	XR-00533	치환
REF-L08575-C0165	8575	제6장	XR-00534	치환
REF-L08584-C0000	8584	본 조	XR-00535	치환
REF-L08584-C0004	8584	제1항	XR-00535	치환
REF-L08584-C0021	8584	각 호	XR-00536	일반표현 유지
REF-L08591-C0000	8591	본 조	XR-00537	치환
REF-L08591-C0004	8591	제1항	XR-00537	치환
REF-L08597-C0000	8597	본 장	XR-00538	치환
REF-L08597-C0004	8597	제53조	XR-00538	치환
REF-L08597-C0009	8597	제3항	XR-00538	치환
REF-L08926-C0029	8926	제20조	XR-00578	치환
REF-L08938-C0005	8938	제1장	XR-00579	치환
REF-L08949-C0003	8949	각 호	XR-00580	일반표현 유지
REF-L08956-C0025	8956	제9조	XR-00581	치환
REF-L08956-C0051	8956	제10조	XR-00582	치환
REF-L08959-C0000	8959	본 조	XR-00583	치환
REF-L08965-C0021	8965	각 호	XR-00584	일반표현 유지
REF-L08966-C0010	8966	제1장	XR-00585	치환
REF-L08967-C0013	8967	제20조	XR-00586	치환
REF-L08968-C0010	8968	제14장	XR-00587	치환
REF-L08971-C0000	8971	본 장	XR-00589	치환
REF-L08971-C0008	8971	제20조	XR-00590	치환
REF-L08971-C0026	8971	제20조	XR-00591	치환
REF-L08974-C0000	8974	본 장	XR-00592	치환
REF-L08974-C0037	8974	본 장	XR-00593	치환
REF-L08982-C0003	8982	각 호	XR-00594	일반표현 유지
REF-L08994-C0021	8994	제20조	XR-00595	치환
REF-L09003-C0072	9003	제23조	XR-00596	치환
REF-L09011-C0039	9011	각 호	XR-00597	일반표현 유지
REF-L09018-C0000	9018	전 항	XR-00598	치환
REF-L09018-C0035	9018	제14조	XR-00599	치환
REF-L02840-C0003	2840	각 호	XR-00160	일반표현 유지
REF-L02854-C0016	2854	제20조	XR-00161	치환
REF-L02860-C0036	2860	각 호	XR-00162	일반표현 유지
REF-L09035-C0004	9035	제20조	XR-00600	치환
REF-L09035-C0021	9035	본 장	XR-00601	치환
REF-L09035-C0041	9035	본 장	XR-00602	치환
REF-L09035-C0054	9035	제20조	XR-00603	치환
REF-L09056-C0019	9056	동조		일반 단어 일부·정규식 오탐 제외
REF-L09059-C0022	9059	제18조	XR-00604	치환
REF-L09059-C0027	9059	제1항	XR-00604	치환
REF-L09062-C0026	9062	제3항	XR-00605	치환
REF-L09065-C0040	9065	제4조	XR-00606	치환
REF-L09065-C0044	9065	제5항	XR-00606	치환
REF-L09266-C0000	9266	본 장	XR-00627	치환
REF-L09266-C0034	9266	제4장	XR-00628	치환
REF-L09266-C0042	9266	제6장	XR-00629	치환
REF-L09073-C0003	9073	각 호	XR-00607	일반표현 유지
REF-L09080-C0000	9080	전항	XR-00608	치환
REF-L09088-C0001	9088	제1항	XR-00609	치환
REF-L09088-C0009	9088	제2항	XR-00610	치환
REF-L09088-C0021	9088	제2호	XR-00611	치환
REF-L09088-C0043	9088	제13장	XR-00612	치환
REF-L09100-C0003	9100	각 호	XR-00613	일반표현 유지
REF-L09107-C0000	9107	제9조	XR-00614	치환
REF-L09107-C0004	9107	제1항	XR-00614	치환
REF-L09107-C0008	9107	각 호	XR-00615	일반표현 유지
REF-L09107-C0017	9107	전항	XR-00616	치환
REF-L09117-C0003	9117	각 호	XR-00618	일반표현 유지
REF-L09117-C0013	9117	제10조	XR-00619	치환
REF-L09147-C0011	9147	제13장	XR-00620	치환
REF-L09155-C0086	9155	제13장	XR-00621	치환
REF-L09201-C0131	9201	제5조	XR-00623	치환
REF-L09201-C0139	9201	제6조	XR-00624	치환
REF-L09190-C0104	9190	제14조	XR-00622	치환
REF-L09305-C0096	9305	제14조	XR-00630	치환
REF-L09317-C0000	9317	본 장	XR-00631	치환
REF-L09317-C0055	9317	본 장	XR-00632	치환
REF-L09320-C0010	9320	본 장	XR-00633	치환
REF-L09355-C0018	9355	본 장	XR-00639	치환
REF-L09355-C0024	9355	제2장	XR-00640	치환
REF-L09355-C0047	9355	제5장	XR-00641	치환
REF-L09358-C0040	9358	제2장	XR-00642	치환
REF-L09374-C0033	9374	제2장	XR-00643	치환
REF-L09374-C0047	9374	제6장	XR-00644	원문 대조 보정 후 치환
REF-L09380-C0016	9380	각 호	XR-00645	일반표현 유지
REF-L09387-C0014	9387	각 호	XR-00646	일반표현 유지
REF-L09394-C0012	9394	제1장	XR-00647	치환
REF-L09397-C0025	9397	제1장	XR-00648	치환
REF-L09409-C0009	9409	제1장	XR-00649	치환
REF-L09415-C0098	9415	제13장	XR-00650	치환
REF-L09432-C0003	9432	각 호	XR-00651	일반표현 유지
REF-L09438-C0001	9438	본 조	XR-00652	치환
REF-L09438-C0005	9438	제1항	XR-00652	치환
REF-L09461-C0032	9461	본 조	XR-00654	치환
REF-L09507-C0027	9507	본 장	XR-00655	치환
REF-L09507-C0033	9507	제14장	XR-00656	치환
REF-L09525-C0014	9525	각 호	XR-00657	일반표현 유지
REF-L09545-C0038	9545	제5조의 6	XR-00658	치환
REF-L09548-C0042	9548	본 장	XR-00659	치환
REF-L09548-C0048	9548	제1장	XR-00660	치환
REF-L09574-C0015	9574	각 호	XR-00663	일반표현 유지
REF-L09578-C0004	9578	제11장	XR-00664	치환
REF-L09588-C0018	9588	제3조	XR-00665	치환
REF-L09588-C0023	9588	제3조의 2	XR-00666	치환
REF-L09588-C0031	9588	제3조의 3	XR-00667	치환
REF-L09588-C0039	9588	제3조의 5	XR-00668	치환
REF-L09595-C0003	9595	각 호	XR-00669	일반표현 유지
REF-L09605-C0030	9605	본 장	XR-00670	치환
REF-L09605-C0036	9605	제11장	XR-00671	치환
REF-L09609-C0001	9609	제7조의 3	XR-00672	치환
REF-L09730-C0030	9730	본 장	XR-00677	치환
REF-L09730-C0036	9730	제6장	XR-00678	원문 대조 보정 후 치환
REF-L09730-C0047	9730	제11장	XR-00679	치환
REF-L09737-C0006	9737	제1항	XR-00680	치환
REF-L09563-C0018	9563	제11장	XR-00661	치환
REF-L09563-C0033	9563	제20조	XR-00662	치환
REF-L09659-C0039	9659	제1장	XR-00673	치환
REF-L09659-C0045	9659	본 장	XR-00674	치환
REF-L09875-C0024	9875	제6조	XR-00687	치환
REF-L09875-C0040	9875	제8조	XR-00688	치환
REF-L09878-C0024	9878	제17장	XR-00689	치환
REF-L09887-C0047	9887	제11장	XR-00690	치환
REF-L09887-C0062	9887	제4장	XR-00691	치환
REF-L09897-C0023	9897	제13장	XR-00692	치환
REF-L09900-C0040	9900	본 장	XR-00693	치환
REF-L09900-C0046	9900	제1장	XR-00694	치환
REF-L09900-C0059	9900	제13장	XR-00695	치환
REF-L09448-C0009	9448	본 조	XR-00653	치환
REF-L09448-C0013	9448	제1항	XR-00653	치환
REF-L09746-C0009	9746	본 장	XR-00681	치환
REF-L09746-C0015	9746	제1장	XR-00682	치환
REF-L09755-C0084	9755	제12조의 3	XR-00683	치환
REF-L09755-C0096	9755	제18조	XR-00684	치환
REF-L09762-C0010	9762	제14장	XR-00685	치환
REF-L09852-C0015	9852	제12조의 3	XR-00686	치환
REF-L09982-C0015	9982	각 호	XR-00707	일반표현 유지
REF-L10027-C0017	10027	제5장	XR-00708	치환
REF-L10373-C0058	10373	본 장	XR-00741	치환
REF-L10041-C0011	10041	각 호	XR-00709	일반표현 유지
REF-L10044-C0064	10044	동 조		일반 단어 일부·정규식 오탐 제외
REF-L10050-C0026	10050	제5조의 2	XR-00710	치환
REF-L10057-C0029	10057	각 호	XR-00711	일반표현 유지
REF-L10066-C0138	10066	제9조	XR-00712	치환
REF-L10092-C0009	10092	제15장	XR-00713	치환
REF-L10092-C0031	10092	제17장	XR-00714	치환
REF-L10098-C0040	10098	제11장	XR-00715	치환
REF-L10098-C0054	10098	제15장	XR-00716	치환
REF-L10098-C0066	10098	제17장	XR-00717	치환
REF-L10107-C0098	10107	제15장	XR-00718	치환
REF-L10114-C0121	10114	제15장	XR-00719	치환
REF-L10123-C0081	10123	제13장	XR-00720	치환
REF-L10133-C0015	10133	각 호	XR-00721	일반표현 유지
REF-L10142-C0011	10142	제11장	XR-00722	치환
REF-L10142-C0045	10142	본 장	XR-00723	치환
REF-L10142-C0050	10142	제12조의 2	XR-00723	치환
REF-L10168-C0040	10168	제7장	XR-00724	치환
REF-L10172-C0011	10172	각 호	XR-00725	일반표현 유지
REF-L10247-C0000	10247	본 조	XR-00730	치환
REF-L10247-C0026	10247	제12조	XR-00731	치환
REF-L10276-C0003	10276	각 호	XR-00733	일반표현 유지
REF-L10278-C0013	10278	제15장	XR-00734	치환
REF-L10289-C0039	10289	제15장	XR-00735	치환
REF-L10221-C0094	10221	제11조	XR-00729	치환
REF-L10272-C0037	10272	제13조	XR-00732	치환
REF-L10272-C0042	10272	제3항	XR-00732	치환
REF-L10299-C0027	10299	제9조	XR-00736	치환
REF-L10308-C0076	10308	제6장	XR-00737	치환
REF-L10308-C0080	10308	제2조의 2	XR-00737	치환
REF-L10308-C0091	10308	제10조	XR-00738	치환
REF-L10207-C0030	10207	제11장	XR-00726	치환
REF-L10207-C0045	10207	제15장	XR-00727	치환
REF-L10210-C0045	10210	제13장	XR-00728	치환
REF-L10406-C0011	10406	본 장	XR-00743	치환
REF-L10406-C0170	10406	제2장	XR-00744	치환
REF-L10406-C0183	10406	제3장	XR-00745	치환
REF-L10406-C0194	10406	제4장	XR-00746	치환
REF-L10406-C0205	10406	제5장	XR-00747	치환
REF-L10406-C0216	10406	제11장	XR-00748	치환
REF-L10406-C0230	10406	제14장	XR-00749	치환
REF-L10406-C0242	10406	제15장	XR-00750	치환
REF-L10406-C0254	10406	제16장	XR-00751	치환
REF-L10409-C0067	10409	제2장	XR-00752	치환
REF-L10409-C0080	10409	제11장	XR-00753	치환
REF-L10409-C0094	10409	제15장	XR-00754	치환
REF-L10409-C0106	10409	제16장	XR-00755	치환
REF-L10413-C0000	10413	본 장	XR-00756	치환
REF-L10419-C0123	10419	본 장	XR-00757	치환
REF-L10428-C0000	10428	본 장	XR-00758	치환
REF-L10446-C0000	10446	본 장	XR-00761	치환
REF-L10449-C0059	10449	본 장	XR-00762	치환
REF-L10449-C0065	10449	제7장	XR-00763	치환
REF-L10449-C0076	10449	제11장	XR-00764	치환
REF-L10449-C0090	10449	제15장	XR-00765	치환
REF-L10434-C0024	10434	제1장	XR-00759	치환
REF-L10875-C0001	10875	본 조	XR-00794	치환
REF-L10875-C0005	10875	제3항	XR-00794	치환
REF-L10875-C0011	10875	제4항	XR-00795	치환
REF-L10875-C0050	10875	제16장	XR-00796	치환
REF-L10457-C0014	10457	각 호	XR-00766	일반표현 유지
REF-L10465-C0052	10465	제16장	XR-00767	치환
REF-L10472-C0070	10472	제4장	XR-00768	치환
REF-L10472-C0081	10472	제5장	XR-00769	치환
REF-L10509-C0084	10509	제15장	XR-00770	치환
REF-L10509-C0096	10509	제16장	XR-00771	치환
REF-L10542-C0086	10542	본 장	XR-00772	치환
REF-L10558-C0032	10558	제1항	XR-00773	치환
REF-L10558-C0040	10558	제2항	XR-00774	치환
REF-L10558-C0057	10558	제7조의 2	XR-00775	치환
REF-L10561-C0066	10561	본 장	XR-00776	치환
REF-L10561-C0070	10561	제13조	XR-00776	치환
REF-L10561-C0079	10561	제15장	XR-00777	치환
REF-L10659-C0025	10659	제11장	XR-00780	치환
REF-L10669-C0031	10669	제13장	XR-00781	치환
REF-L10683-C0035	10683	제3장	XR-00782	치환
REF-L10683-C0046	10683	제5장	XR-00783	원문 대조 보정 후 치환
REF-L10683-C0057	10683	제8장	XR-00784	치환
REF-L10731-C0021	10731	본 장	XR-00785	치환
REF-L10923-C0037	10923	제15장	XR-00800	치환
REF-L10923-C0047	10923	제16장	XR-00801	치환
REF-L10604-C0030	10604	제1장	XR-00778	치환
REF-L10749-C0032	10749	제11장	XR-00786	치환
REF-L10749-C0046	10749	제15장	XR-00787	치환
REF-L10852-C0019	10852	제15장	XR-00793	치환
REF-L10814-C0049	10814	제15장	XR-00792	치환
REF-L10634-C0027	10634	제11장	XR-00779	치환
REF-L10930-C0023	10930	제11장	XR-00802	치환
REF-L10930-C0035	10930	제14장	XR-00803	치환
REF-L10805-C0000	10805	본 장	XR-00788	치환
REF-L10805-C0010	10805	제1장	XR-00789	치환
REF-L10805-C0024	10805	제6장	XR-00790	치환
REF-L10805-C0035	10805	제11장	XR-00791	치환
REF-L10884-C0027	10884	본 장	XR-00797	치환
REF-L10884-C0033	10884	제14장	XR-00798	치환
REF-L10884-C0043	10884	제16장	XR-00799	치환
REF-L10947-C0001	10947	제3항	XR-00804	치환
REF-L11001-C0000	11001	본 장	XR-00805	치환
REF-L03208-C0000	3208	본 장	XR-00170	치환
REF-L03208-C0038	3208	각 호	XR-00171	일반표현 유지
REF-L03844-C0003	3844	제6조의8	XR-00208	치환
REF-L03844-C0011	3844	제6조의11	XR-00208	치환
REF-L03845-C0003	3845	제10조의5	XR-00209	치환
REF-L03845-C0012	3845	제10조의6	XR-00210	치환
REF-L03849-C0033	3849	제1조	XR-00211	확인 필요·치환 보류
REF-L03862-C0059	3862	제10조	XR-00213	치환
REF-L03862-C0066	3862	제10조의5	XR-00214	치환
REF-L03869-C0010	3869	제19조	XR-00215	치환
REF-L04646-C0000	4646	본 장	XR-00249	치환
REF-L04652-C0018	4652	본 장	XR-00250	치환
REF-L04655-C0000	4655	제6장	XR-00251	치환
REF-L04655-C0008	4655	제11장	XR-00252	치환
REF-L04655-C0022	4655	본 장	XR-00253	치환
REF-L09936-C0001	9936	본 장	XR-00696	원문 대조 보정 후 치환
REF-L09936-C0025	9936	각 호	XR-00697	일반표현 유지
REF-L09941-C0020	9941	제14장	XR-00698	치환
REF-L09947-C0001	9947	제5조의6	XR-00699	치환
REF-L09947-C0007	9947	제5조의7	XR-00700	치환
REF-L09947-C0016	9947	제7조의3	XR-00701	치환
REF-L09947-C0022	9947	제7조의4	XR-00702	치환
REF-L09947-C0031	9947	제10조의6	XR-00703	치환
REF-L09947-C0041	9947	제21조의2	XR-00704	치환
REF-L09947-C0075	9947	제1장	XR-00705	치환
REF-L09947-C0089	9947	제2장	XR-00706	치환
REF-L10387-C0000	10387	본 장	XR-00742	치환
REF-L11014-C0000	11014	본 장	XR-00806	치환
REF-L11017-C0020	11017	본 장	XR-00807	치환
REF-L02090-C0003	2090	본 장	XR-00097	치환
REF-L02093-C0053	2093	본 장	XR-00098	치환
REF-L02096-C0003	2096	본 장	XR-00099	치환
REF-L02096-C0007	2096	제1조의6	XR-00099	치환
REF-L02096-C0013	2096	제3항	XR-00099	치환
REF-L02096-C0018	2096	제17조의2	XR-00100	치환
REF-L02096-C0025	2096	제3항	XR-00100	치환
REF-L02096-C0029	2096	제4항	XR-00101	치환
REF-L02096-C0035	2096	제16조의3	XR-00102	치환
REF-L02096-C0042	2096	제3항	XR-00102	치환
REF-L05264-C0021	5264	본 장	XR-00273	치환
REF-L05270-C0000	5270	본 장	XR-00274	치환
REF-L03474-C0000	3474	본 장	XR-00191	치환
REF-L03479-C0032	3479	본 장	XR-00192	치환
REF-L09330-C0015	9330	제9조	XR-00634	치환
REF-L09331-C0018	9331	제13장	XR-00635	치환
REF-L09333-C0010	9333	제9조	XR-00636	치환
REF-L09333-C0014	9333	제4항	XR-00636	치환
REF-L09333-C0018	9333	제2호	XR-00636	치환
REF-L09342-C0077	9342	본 장	XR-00637	치환
REF-L09342-C0094	9342	본 장	XR-00638	치환
REF-L11037-C0110	11037	제1장	XR-00812	보존용 구 용어집·치환 제외
REF-L11037-C0126	11037	제2장	XR-00812	보존용 구 용어집·치환 제외
REF-L11037-C0143	11037	제6장	XR-00812	보존용 구 용어집·치환 제외
REF-L11037-C0152	11037	제14장	XR-00812	보존용 구 용어집·치환 제외
REF-L11038-C0110	11038	제1장	XR-00813	보존용 구 용어집·치환 제외
REF-L11038-C0117	11038	제3항	XR-00813	보존용 구 용어집·치환 제외
REF-L11038-C0143	11038	제2장	XR-00813	보존용 구 용어집·치환 제외
REF-L11039-C0110	11039	제1장	XR-00814	보존용 구 용어집·치환 제외
REF-L11039-C0117	11039	제3항	XR-00814	보존용 구 용어집·치환 제외
REF-L11040-C0110	11040	제1장	XR-00815	보존용 구 용어집·치환 제외
REF-L11040-C0143	11040	제11장	XR-00815	보존용 구 용어집·치환 제외
REF-L11041-C0110	11041	제1장	XR-00816	보존용 구 용어집·치환 제외
REF-L11041-C0143	11041	제2장	XR-00816	보존용 구 용어집·치환 제외
REF-L11042-C0110	11042	제1장	XR-00817	보존용 구 용어집·치환 제외
REF-L11042-C0117	11042	제5항	XR-00817	보존용 구 용어집·치환 제외
REF-L11042-C0122	11042	제2장	XR-00817	보존용 구 용어집·치환 제외
REF-L11042-C0129	11042	제5항	XR-00817	보존용 구 용어집·치환 제외
REF-L11042-C0136	11042	제2항	XR-00817	보존용 구 용어집·치환 제외
REF-L11043-C0110	11043	제1장	XR-00818	보존용 구 용어집·치환 제외
REF-L11043-C0117	11043	제5항	XR-00818	보존용 구 용어집·치환 제외
REF-L11043-C0122	11043	제2장	XR-00818	보존용 구 용어집·치환 제외
REF-L11043-C0129	11043	제5항	XR-00818	보존용 구 용어집·치환 제외
REF-L11043-C0137	11043	제2항	XR-00818	보존용 구 용어집·치환 제외
REF-L11044-C0110	11044	제1장	XR-00819	보존용 구 용어집·치환 제외
REF-L11044-C0117	11044	제7항	XR-00819	보존용 구 용어집·치환 제외
REF-L11045-C0110	11045	제1장	XR-00820	보존용 구 용어집·치환 제외
REF-L11045-C0143	11045	제2장	XR-00820	보존용 구 용어집·치환 제외
REF-L11045-C0151	11045	제15장	XR-00820	보존용 구 용어집·치환 제외
REF-L11046-C0110	11046	제1장	XR-00821	보존용 구 용어집·치환 제외
REF-L11046-C0117	11046	제2항	XR-00821	보존용 구 용어집·치환 제외
REF-L11046-C0121	11046	제3항	XR-00821	보존용 구 용어집·치환 제외
REF-L11046-C0143	11046	제3장	XR-00821	보존용 구 용어집·치환 제외
REF-L11046-C0152	11046	제11장	XR-00821	보존용 구 용어집·치환 제외
REF-L11047-C0110	11047	제1장	XR-00822	보존용 구 용어집·치환 제외
REF-L11047-C0117	11047	제7항	XR-00822	보존용 구 용어집·치환 제외
REF-L11047-C0143	11047	제11장	XR-00822	보존용 구 용어집·치환 제외
REF-L11047-C0153	11047	제15장	XR-00822	보존용 구 용어집·치환 제외
REF-L11048-C0110	11048	제1장	XR-00823	보존용 구 용어집·치환 제외
REF-L11048-C0117	11048	제7항	XR-00823	보존용 구 용어집·치환 제외
REF-L11048-C0143	11048	제6장	XR-00823	보존용 구 용어집·치환 제외
REF-L11049-C0110	11049	제1장	XR-00824	보존용 구 용어집·치환 제외
REF-L11049-C0118	11049	전항	XR-00824	보존용 구 용어집·치환 제외
REF-L11049-C0126	11049	제5항	XR-00824	보존용 구 용어집·치환 제외
REF-L11049-C0143	11049	제6장	XR-00824	보존용 구 용어집·치환 제외
REF-L11050-C0110	11050	제1장	XR-00825	보존용 구 용어집·치환 제외
REF-L11050-C0118	11050	제2항	XR-00825	보존용 구 용어집·치환 제외
REF-L11050-C0143	11050	제7장	XR-00825	보존용 구 용어집·치환 제외
REF-L11051-C0111	11051	제1장	XR-00826	보존용 구 용어집·치환 제외
REF-L11051-C0119	11051	전항	XR-00826	보존용 구 용어집·치환 제외
REF-L11051-C0144	11051	제7장	XR-00826	보존용 구 용어집·치환 제외
REF-L11052-C0110	11052	제1장	XR-00827	보존용 구 용어집·치환 제외
REF-L11052-C0118	11052	전항	XR-00827	보존용 구 용어집·치환 제외
REF-L11053-C0110	11053	제1장	XR-00828	보존용 구 용어집·치환 제외
REF-L11053-C0118	11053	전항	XR-00828	보존용 구 용어집·치환 제외
REF-L11061-C0087	11061	제2장	XR-00830	보존용 구 용어집·치환 제외
REF-L11061-C0094	11061	제1항	XR-00830	보존용 구 용어집·치환 제외
REF-L11061-C0098	11061	제1호	XR-00830	보존용 구 용어집·치환 제외
REF-L11062-C0087	11062	제2장	XR-00831	보존용 구 용어집·치환 제외
REF-L11062-C0094	11062	제1항	XR-00831	보존용 구 용어집·치환 제외
REF-L11062-C0098	11062	제2호	XR-00831	보존용 구 용어집·치환 제외
REF-L11063-C0087	11063	제2장	XR-00832	보존용 구 용어집·치환 제외
REF-L11063-C0094	11063	제4항	XR-00832	보존용 구 용어집·치환 제외
REF-L11063-C0114	11063	제3장	XR-00832	보존용 구 용어집·치환 제외
REF-L11064-C0087	11064	제2장	XR-00833	보존용 구 용어집·치환 제외
REF-L11064-C0114	11064	제5장	XR-00833	보존용 구 용어집·치환 제외
REF-L11064-C0123	11064	제11장	XR-00833	보존용 구 용어집·치환 제외
REF-L11065-C0087	11065	제2장	XR-00834	보존용 구 용어집·치환 제외
REF-L11065-C0094	11065	제2항	XR-00834	보존용 구 용어집·치환 제외
REF-L11066-C0087	11066	제2장	XR-00835	보존용 구 용어집·치환 제외
REF-L11066-C0094	11066	제2항	XR-00835	보존용 구 용어집·치환 제외
REF-L11067-C0087	11067	제2장	XR-00836	보존용 구 용어집·치환 제외
REF-L11067-C0094	11067	제2항	XR-00836	보존용 구 용어집·치환 제외
REF-L11068-C0087	11068	제2장	XR-00837	보존용 구 용어집·치환 제외
REF-L11068-C0094	11068	제2항	XR-00837	보존용 구 용어집·치환 제외
REF-L11068-C0114	11068	제11장	XR-00837	보존용 구 용어집·치환 제외
REF-L11069-C0087	11069	제2장	XR-00838	보존용 구 용어집·치환 제외
REF-L11069-C0094	11069	제2항	XR-00838	보존용 구 용어집·치환 제외
REF-L11069-C0114	11069	제5장	XR-00838	보존용 구 용어집·치환 제외
REF-L11070-C0087	11070	제2장	XR-00839	보존용 구 용어집·치환 제외
REF-L11070-C0094	11070	제4항	XR-00839	보존용 구 용어집·치환 제외
REF-L11070-C0114	11070	제12장	XR-00839	보존용 구 용어집·치환 제외
REF-L11071-C0087	11071	제2장	XR-00840	보존용 구 용어집·치환 제외
REF-L11071-C0094	11071	제4항	XR-00840	보존용 구 용어집·치환 제외
REF-L11071-C0114	11071	제12장	XR-00840	보존용 구 용어집·치환 제외
REF-L11072-C0087	11072	제2장	XR-00841	보존용 구 용어집·치환 제외
REF-L11072-C0094	11072	제5항	XR-00841	보존용 구 용어집·치환 제외
REF-L11072-C0101	11072	제3항	XR-00841	보존용 구 용어집·치환 제외
REF-L11072-C0108	11072	제2항	XR-00841	보존용 구 용어집·치환 제외
REF-L11073-C0087	11073	제2장	XR-00842	보존용 구 용어집·치환 제외
REF-L11073-C0094	11073	제4항	XR-00842	보존용 구 용어집·치환 제외
REF-L11073-C0101	11073	제4항	XR-00842	보존용 구 용어집·치환 제외
REF-L11074-C0087	11074	제2장	XR-00843	보존용 구 용어집·치환 제외
REF-L11074-C0094	11074	제4항	XR-00843	보존용 구 용어집·치환 제외
REF-L11075-C0087	11075	제2장	XR-00844	보존용 구 용어집·치환 제외
REF-L11075-C0094	11075	제1항	XR-00844	보존용 구 용어집·치환 제외
REF-L11075-C0101	11075	제3항	XR-00844	보존용 구 용어집·치환 제외
REF-L11075-C0108	11075	제5항	XR-00844	보존용 구 용어집·치환 제외
REF-L11076-C0087	11076	제2장	XR-00845	보존용 구 용어집·치환 제외
REF-L11076-C0094	11076	제9항	XR-00845	보존용 구 용어집·치환 제외
REF-L11076-C0114	11076	제1장	XR-00845	보존용 구 용어집·치환 제외
REF-L11077-C0087	11077	제2장	XR-00846	보존용 구 용어집·치환 제외
REF-L11077-C0094	11077	제2항	XR-00846	보존용 구 용어집·치환 제외
REF-L11077-C0102	11077	제3항	XR-00846	보존용 구 용어집·치환 제외
REF-L11077-C0114	11077	제9장	XR-00846	보존용 구 용어집·치환 제외
REF-L11078-C0087	11078	제2장	XR-00847	보존용 구 용어집·치환 제외
REF-L11078-C0094	11078	제2항	XR-00847	보존용 구 용어집·치환 제외
REF-L11079-C0088	11079	제2장	XR-00848	보존용 구 용어집·치환 제외
REF-L11079-C0096	11079	제2항	XR-00848	보존용 구 용어집·치환 제외
REF-L11079-C0115	11079	제10장	XR-00848	보존용 구 용어집·치환 제외
REF-L11080-C0088	11080	제2장	XR-00849	보존용 구 용어집·치환 제외
REF-L11080-C0096	11080	제2항	XR-00849	보존용 구 용어집·치환 제외
REF-L11080-C0115	11080	제10장	XR-00849	보존용 구 용어집·치환 제외
REF-L11081-C0087	11081	제2장	XR-00850	보존용 구 용어집·치환 제외
REF-L11081-C0095	11081	제1항	XR-00850	보존용 구 용어집·치환 제외
REF-L11081-C0114	11081	제12장	XR-00850	보존용 구 용어집·치환 제외
REF-L11082-C0087	11082	제2장	XR-00851	보존용 구 용어집·치환 제외
REF-L11082-C0095	11082	제1항	XR-00851	보존용 구 용어집·치환 제외
REF-L11083-C0087	11083	제2장	XR-00852	보존용 구 용어집·치환 제외
REF-L11083-C0114	11083	제1장	XR-00852	보존용 구 용어집·치환 제외
REF-L11084-C0087	11084	제2장	XR-00853	보존용 구 용어집·치환 제외
REF-L11084-C0095	11084	제2항	XR-00853	보존용 구 용어집·치환 제외
REF-L11092-C0150	11092	제1조	XR-00855	보존용 구 용어집·치환 제외
REF-L11092-C0154	11092	제1항	XR-00855	보존용 구 용어집·치환 제외
REF-L11092-C0170	11092	제2장	XR-00855	보존용 구 용어집·치환 제외
REF-L11093-C0150	11093	제3조	XR-00856	보존용 구 용어집·치환 제외
REF-L11093-C0154	11093	제1항	XR-00856	보존용 구 용어집·치환 제외
REF-L11093-C0170	11093	제4조	XR-00856	보존용 구 용어집·치환 제외
REF-L11094-C0150	11094	제3조	XR-00857	보존용 구 용어집·치환 제외
REF-L11094-C0154	11094	제3항	XR-00857	보존용 구 용어집·치환 제외
REF-L11094-C0170	11094	제4조	XR-00857	보존용 구 용어집·치환 제외
REF-L11095-C0151	11095	제3조	XR-00858	보존용 구 용어집·치환 제외
REF-L11095-C0155	11095	제4항	XR-00858	보존용 구 용어집·치환 제외
REF-L11095-C0171	11095	제2장	XR-00858	보존용 구 용어집·치환 제외
REF-L11096-C0150	11096	제11조	XR-00859	보존용 구 용어집·치환 제외
REF-L11096-C0170	11096	제2장	XR-00859	보존용 구 용어집·치환 제외
REF-L11097-C0150	11097	제3조	XR-00860	보존용 구 용어집·치환 제외
REF-L11097-C0154	11097	제5항	XR-00860	보존용 구 용어집·치환 제외
REF-L11097-C0170	11097	제5장	XR-00860	보존용 구 용어집·치환 제외
REF-L11098-C0150	11098	제1조	XR-00861	보존용 구 용어집·치환 제외
REF-L11098-C0154	11098	제3항	XR-00861	보존용 구 용어집·치환 제외
REF-L11098-C0159	11098	제4조	XR-00861	보존용 구 용어집·치환 제외
REF-L11098-C0163	11098	제3항	XR-00861	보존용 구 용어집·치환 제외
REF-L11098-C0170	11098	제2장	XR-00861	보존용 구 용어집·치환 제외
REF-L11099-C0150	11099	제4조	XR-00862	보존용 구 용어집·치환 제외
REF-L11099-C0154	11099	제2항	XR-00862	보존용 구 용어집·치환 제외
REF-L11099-C0170	11099	제2장	XR-00862	보존용 구 용어집·치환 제외
REF-L11100-C0150	11100	제2조	XR-00863	보존용 구 용어집·치환 제외
REF-L11100-C0154	11100	제1항	XR-00863	보존용 구 용어집·치환 제외
REF-L11100-C0170	11100	제2장	XR-00863	보존용 구 용어집·치환 제외
REF-L11101-C0150	11101	제2조	XR-00864	보존용 구 용어집·치환 제외
REF-L11101-C0154	11101	제2항	XR-00864	보존용 구 용어집·치환 제외
REF-L11101-C0170	11101	제2장	XR-00864	보존용 구 용어집·치환 제외
REF-L11101-C0177	11101	제4항	XR-00864	보존용 구 용어집·치환 제외
REF-L11102-C0150	11102	제2조	XR-00865	보존용 구 용어집·치환 제외
REF-L11102-C0154	11102	제4항	XR-00865	보존용 구 용어집·치환 제외
REF-L11102-C0170	11102	제2장	XR-00865	보존용 구 용어집·치환 제외
REF-L11103-C0150	11103	제2조	XR-00866	보존용 구 용어집·치환 제외
REF-L11103-C0154	11103	제3항	XR-00866	보존용 구 용어집·치환 제외
REF-L11103-C0170	11103	제2장	XR-00866	보존용 구 용어집·치환 제외
REF-L11104-C0150	11104	제10조	XR-00867	보존용 구 용어집·치환 제외
REF-L11104-C0155	11104	제2항	XR-00867	보존용 구 용어집·치환 제외
REF-L11104-C0170	11104	제2장	XR-00867	보존용 구 용어집·치환 제외
REF-L11104-C0177	11104	제4항	XR-00867	보존용 구 용어집·치환 제외
REF-L11105-C0150	11105	제10조	XR-00868	보존용 구 용어집·치환 제외
REF-L11105-C0155	11105	제3항	XR-00868	보존용 구 용어집·치환 제외
REF-L11105-C0170	11105	제2장	XR-00868	보존용 구 용어집·치환 제외
REF-L11106-C0150	11106	제10조	XR-00869	보존용 구 용어집·치환 제외
REF-L11106-C0155	11106	제4항	XR-00869	보존용 구 용어집·치환 제외
REF-L11106-C0170	11106	제6장	XR-00869	보존용 구 용어집·치환 제외
REF-L11107-C0150	11107	제9조	XR-00870	보존용 구 용어집·치환 제외
REF-L11107-C0154	11107	제1항	XR-00870	보존용 구 용어집·치환 제외
REF-L11107-C0170	11107	제11장	XR-00870	보존용 구 용어집·치환 제외
REF-L11108-C0150	11108	제9조	XR-00871	보존용 구 용어집·치환 제외
REF-L11108-C0154	11108	제2항	XR-00871	보존용 구 용어집·치환 제외
REF-L11108-C0159	11108	제23조	XR-00871	보존용 구 용어집·치환 제외
REF-L11108-C0164	11108	제1항	XR-00871	보존용 구 용어집·치환 제외
REF-L11108-C0170	11108	제15장	XR-00871	보존용 구 용어집·치환 제외
REF-L11109-C0150	11109	제14조	XR-00872	보존용 구 용어집·치환 제외
REF-L11109-C0155	11109	제1항	XR-00872	보존용 구 용어집·치환 제외
REF-L11109-C0170	11109	제2장	XR-00872	보존용 구 용어집·치환 제외
REF-L11110-C0150	11110	제14조	XR-00873	보존용 구 용어집·치환 제외
REF-L11110-C0155	11110	제2항	XR-00873	보존용 구 용어집·치환 제외
REF-L11110-C0170	11110	제2장	XR-00873	보존용 구 용어집·치환 제외
REF-L11110-C0177	11110	제4항	XR-00873	보존용 구 용어집·치환 제외
REF-L11111-C0150	11111	제6조	XR-00874	보존용 구 용어집·치환 제외
REF-L11111-C0170	11111	제7장	XR-00874	보존용 구 용어집·치환 제외
REF-L11112-C0150	11112	제6조	XR-00875	보존용 구 용어집·치환 제외
REF-L11112-C0170	11112	제5장	XR-00875	보존용 구 용어집·치환 제외
REF-L11113-C0150	11113	제6조의2	XR-00876	보존용 구 용어집·치환 제외
REF-L11113-C0170	11113	제4장	XR-00876	보존용 구 용어집·치환 제외
REF-L11114-C0150	11114	제6조의2	XR-00877	보존용 구 용어집·치환 제외
REF-L11114-C0156	11114	제3항	XR-00877	보존용 구 용어집·치환 제외
REF-L11114-C0170	11114	제7장	XR-00877	보존용 구 용어집·치환 제외
REF-L11115-C0150	11115	제7조	XR-00878	보존용 구 용어집·치환 제외
REF-L11115-C0154	11115	제3항	XR-00878	보존용 구 용어집·치환 제외
REF-L11115-C0170	11115	제1장	XR-00878	보존용 구 용어집·치환 제외
REF-L11116-C0150	11116	제8조	XR-00879	보존용 구 용어집·치환 제외
REF-L11116-C0170	11116	제2장	XR-00879	보존용 구 용어집·치환 제외
REF-L11117-C0150	11117	제12조	XR-00880	보존용 구 용어집·치환 제외
REF-L11117-C0155	11117	제1항	XR-00880	보존용 구 용어집·치환 제외
REF-L11117-C0170	11117	제4장	XR-00880	보존용 구 용어집·치환 제외
REF-L11118-C0150	11118	제12조	XR-00881	보존용 구 용어집·치환 제외
REF-L11118-C0155	11118	제2항	XR-00881	보존용 구 용어집·치환 제외
REF-L11118-C0170	11118	제4장	XR-00881	보존용 구 용어집·치환 제외
REF-L11119-C0150	11119	제12조	XR-00882	보존용 구 용어집·치환 제외
REF-L11119-C0155	11119	제3항	XR-00882	보존용 구 용어집·치환 제외
REF-L11119-C0170	11119	제6장	XR-00882	보존용 구 용어집·치환 제외
REF-L11120-C0150	11120	제12조	XR-00883	보존용 구 용어집·치환 제외
REF-L11120-C0155	11120	제4항	XR-00883	보존용 구 용어집·치환 제외
REF-L11121-C0150	11121	제12조	XR-00884	보존용 구 용어집·치환 제외
REF-L11121-C0155	11121	제5항	XR-00884	보존용 구 용어집·치환 제외
REF-L11121-C0170	11121	제4장	XR-00884	보존용 구 용어집·치환 제외
REF-L11122-C0150	11122	제12조	XR-00885	보존용 구 용어집·치환 제외
REF-L11122-C0155	11122	제7항	XR-00885	보존용 구 용어집·치환 제외
REF-L11123-C0150	11123	제12조	XR-00886	보존용 구 용어집·치환 제외
REF-L11123-C0155	11123	제8항	XR-00886	보존용 구 용어집·치환 제외
REF-L11123-C0159	11123	제20조	XR-00886	보존용 구 용어집·치환 제외
REF-L11123-C0164	11123	제4항	XR-00886	보존용 구 용어집·치환 제외
REF-L11123-C0170	11123	제2장	XR-00886	보존용 구 용어집·치환 제외
REF-L11124-C0150	11124	제20조	XR-00887	보존용 구 용어집·치환 제외
REF-L11124-C0170	11124	제6장	XR-00887	보존용 구 용어집·치환 제외
REF-L11125-C0150	11125	제21조	XR-00888	보존용 구 용어집·치환 제외
REF-L11125-C0170	11125	제5장	XR-00888	보존용 구 용어집·치환 제외
REF-L11126-C0150	11126	제22조	XR-00889	보존용 구 용어집·치환 제외
REF-L11127-C0150	11127	제23조	XR-00890	보존용 구 용어집·치환 제외
REF-L11127-C0170	11127	제15장	XR-00890	보존용 구 용어집·치환 제외
REF-L11128-C0150	11128	제24조	XR-00891	보존용 구 용어집·치환 제외
REF-L11128-C0170	11128	제2장	XR-00891	보존용 구 용어집·치환 제외
REF-L11129-C0150	11129	제25조	XR-00892	보존용 구 용어집·치환 제외
REF-L11129-C0170	11129	제2장	XR-00892	보존용 구 용어집·치환 제외
REF-L11137-C0114	11137	제6조	XR-00894	보존용 구 용어집·치환 제외
REF-L11137-C0149	11137	제5장	XR-00894	보존용 구 용어집·치환 제외
REF-L11137-C0158	11137	제16장	XR-00894	보존용 구 용어집·치환 제외
REF-L11138-C0114	11138	제6조	XR-00895	보존용 구 용어집·치환 제외
REF-L11138-C0149	11138	제6장	XR-00895	보존용 구 용어집·치환 제외
REF-L11138-C0158	11138	제5장	XR-00895	보존용 구 용어집·치환 제외
REF-L11139-C0114	11139	제5조	XR-00896	보존용 구 용어집·치환 제외
REF-L11139-C0119	11139	제6조	XR-00896	보존용 구 용어집·치환 제외
REF-L11139-C0124	11139	제8조	XR-00896	보존용 구 용어집·치환 제외
REF-L11139-C0149	11139	제5장	XR-00896	보존용 구 용어집·치환 제외
REF-L11139-C0154	11139	제6장	XR-00896	보존용 구 용어집·치환 제외
REF-L11140-C0114	11140	제5조	XR-00897	보존용 구 용어집·치환 제외
REF-L11140-C0119	11140	제6조	XR-00897	보존용 구 용어집·치환 제외
REF-L11140-C0124	11140	제9조	XR-00897	보존용 구 용어집·치환 제외
REF-L11140-C0149	11140	제6장	XR-00897	보존용 구 용어집·치환 제외
REF-L11140-C0154	11140	제16장	XR-00897	보존용 구 용어집·치환 제외
REF-L11141-C0114	11141	제5조	XR-00898	보존용 구 용어집·치환 제외
REF-L11141-C0119	11141	제7조	XR-00898	보존용 구 용어집·치환 제외
REF-L11141-C0149	11141	제7장	XR-00898	보존용 구 용어집·치환 제외
REF-L11142-C0114	11142	제10조	XR-00899	보존용 구 용어집·치환 제외
REF-L11142-C0149	11142	제11장	XR-00899	보존용 구 용어집·치환 제외
REF-L11143-C0114	11143	제11조	XR-00900	보존용 구 용어집·치환 제외
REF-L11143-C0149	11143	제6장	XR-00900	보존용 구 용어집·치환 제외
REF-L11143-C0154	11143	제5장	XR-00900	보존용 구 용어집·치환 제외
REF-L11144-C0114	11144	제10조	XR-00901	보존용 구 용어집·치환 제외
REF-L11144-C0149	11144	제11장	XR-00901	보존용 구 용어집·치환 제외
REF-L11145-C0114	11145	제14조	XR-00902	보존용 구 용어집·치환 제외
REF-L11145-C0149	11145	제7장	XR-00902	보존용 구 용어집·치환 제외
REF-L11145-C0154	11145	제16장	XR-00902	보존용 구 용어집·치환 제외
REF-L11146-C0149	11146	제10조	XR-00903	보존용 구 용어집·치환 제외
REF-L11147-C0149	11147	제11장	XR-00904	보존용 구 용어집·치환 제외
REF-L11147-C0155	11147	제8장	XR-00904	보존용 구 용어집·치환 제외
REF-L11148-C0149	11148	제11장	XR-00905	보존용 구 용어집·치환 제외
REF-L11149-C0114	11149	제9조	XR-00906	보존용 구 용어집·치환 제외
REF-L11149-C0149	11149	제7장	XR-00906	보존용 구 용어집·치환 제외
REF-L11150-C0114	11150	제3조	XR-00907	보존용 구 용어집·치환 제외
REF-L11150-C0149	11150	제5장	XR-00907	보존용 구 용어집·치환 제외
REF-L11151-C0114	11151	제3조의2	XR-00908	보존용 구 용어집·치환 제외
REF-L11151-C0149	11151	제5장	XR-00908	보존용 구 용어집·치환 제외
REF-L11151-C0154	11151	제6장	XR-00908	보존용 구 용어집·치환 제외
REF-L11152-C0114	11152	제9조	XR-00909	보존용 구 용어집·치환 제외
REF-L11152-C0149	11152	제6장	XR-00909	보존용 구 용어집·치환 제외
REF-L11153-C0114	11153	제6조	XR-00910	보존용 구 용어집·치환 제외
REF-L11153-C0119	11153	제8조	XR-00910	보존용 구 용어집·치환 제외
REF-L11153-C0149	11153	제7장	XR-00910	보존용 구 용어집·치환 제외
REF-L11153-C0154	11153	제16장	XR-00910	보존용 구 용어집·치환 제외
REF-L11154-C0114	11154	제8조	XR-00911	보존용 구 용어집·치환 제외
REF-L11154-C0149	11154	제7장	XR-00911	보존용 구 용어집·치환 제외
REF-L11154-C0154	11154	제16장	XR-00911	보존용 구 용어집·치환 제외
REF-L11155-C0149	11155	제9조	XR-00912	보존용 구 용어집·치환 제외
REF-L11156-C0149	11156	제9조	XR-00913	보존용 구 용어집·치환 제외
REF-L11157-C0114	11157	제14조	XR-00914	보존용 구 용어집·치환 제외
REF-L11157-C0149	11157	제11장	XR-00914	보존용 구 용어집·치환 제외
REF-L11157-C0155	11157	제16장	XR-00914	보존용 구 용어집·치환 제외
REF-L11158-C0114	11158	제12조	XR-00915	보존용 구 용어집·치환 제외
REF-L11158-C0149	11158	제7장	XR-00915	보존용 구 용어집·치환 제외
REF-L11158-C0154	11158	제16장	XR-00915	보존용 구 용어집·치환 제외
REF-L11159-C0114	11159	제6조	XR-00916	보존용 구 용어집·치환 제외
REF-L11159-C0149	11159	제16장	XR-00916	보존용 구 용어집·치환 제외
REF-L11160-C0114	11160	제17조	XR-00917	보존용 구 용어집·치환 제외
REF-L11160-C0149	11160	제7장	XR-00917	보존용 구 용어집·치환 제외
REF-L11160-C0158	11160	제16장	XR-00917	보존용 구 용어집·치환 제외
REF-L11161-C0114	11161	제17조	XR-00918	보존용 구 용어집·치환 제외
REF-L11161-C0149	11161	제5장	XR-00918	보존용 구 용어집·치환 제외
REF-L11161-C0154	11161	제16장	XR-00918	보존용 구 용어집·치환 제외
REF-L11162-C0114	11162	제17조	XR-00919	보존용 구 용어집·치환 제외
REF-L11162-C0149	11162	제14조	XR-00919	보존용 구 용어집·치환 제외
REF-L11162-C0155	11162	제16장	XR-00919	보존용 구 용어집·치환 제외
REF-L11163-C0114	11163	제17조	XR-00920	보존용 구 용어집·치환 제외
REF-L11163-C0149	11163	제12조	XR-00920	보존용 구 용어집·치환 제외
REF-L11163-C0155	11163	제8조	XR-00920	보존용 구 용어집·치환 제외
REF-L11164-C0114	11164	제17조	XR-00921	보존용 구 용어집·치환 제외
REF-L11164-C0149	11164	제14조	XR-00921	보존용 구 용어집·치환 제외
REF-L11164-C0155	11164	제11장	XR-00921	보존용 구 용어집·치환 제외
REF-L11165-C0114	11165	제17조	XR-00922	보존용 구 용어집·치환 제외
REF-L11165-C0149	11165	제10조	XR-00922	보존용 구 용어집·치환 제외
REF-L11165-C0155	11165	제16장	XR-00922	보존용 구 용어집·치환 제외
REF-L11166-C0114	11166	제17조	XR-00923	보존용 구 용어집·치환 제외
REF-L11166-C0149	11166	제6장	XR-00923	보존용 구 용어집·치환 제외
REF-L11166-C0154	11166	제9조	XR-00923	보존용 구 용어집·치환 제외
REF-L11167-C0114	11167	제17조	XR-00924	보존용 구 용어집·치환 제외
REF-L11167-C0149	11167	제6장	XR-00924	보존용 구 용어집·치환 제외
REF-L11167-C0154	11167	제7장	XR-00924	보존용 구 용어집·치환 제외
REF-L11168-C0114	11168	제17조	XR-00925	보존용 구 용어집·치환 제외
REF-L11168-C0149	11168	제6조	XR-00925	보존용 구 용어집·치환 제외
REF-L11168-C0154	11168	제8조	XR-00925	보존용 구 용어집·치환 제외
REF-L11168-C0159	11168	제16장	XR-00925	보존용 구 용어집·치환 제외
REF-L11169-C0114	11169	제17조	XR-00926	보존용 구 용어집·치환 제외
REF-L11169-C0149	11169	제10조	XR-00926	보존용 구 용어집·치환 제외
REF-L11169-C0155	11169	제16장	XR-00926	보존용 구 용어집·치환 제외
REF-L11170-C0114	11170	제17조	XR-00927	보존용 구 용어집·치환 제외
REF-L11170-C0149	11170	제16장	XR-00927	보존용 구 용어집·치환 제외
REF-L11171-C0114	11171	제17조	XR-00928	보존용 구 용어집·치환 제외
REF-L11171-C0149	11171	제6장	XR-00928	보존용 구 용어집·치환 제외
REF-L11172-C0114	11172	제17조	XR-00929	보존용 구 용어집·치환 제외
REF-L11172-C0149	11172	제7장	XR-00929	보존용 구 용어집·치환 제외
REF-L11172-C0154	11172	제16장	XR-00929	보존용 구 용어집·치환 제외
REF-L11173-C0114	11173	제17조	XR-00930	보존용 구 용어집·치환 제외
REF-L11173-C0149	11173	제9조	XR-00930	보존용 구 용어집·치환 제외
REF-L11174-C0114	11174	제17조	XR-00931	보존용 구 용어집·치환 제외
REF-L11174-C0149	11174	제14조	XR-00931	보존용 구 용어집·치환 제외
REF-L11174-C0155	11174	제16장	XR-00931	보존용 구 용어집·치환 제외
REF-L11175-C0114	11175	제17조	XR-00932	보존용 구 용어집·치환 제외
REF-L11175-C0149	11175	제12조	XR-00932	보존용 구 용어집·치환 제외
REF-L11175-C0155	11175	제8조	XR-00932	보존용 구 용어집·치환 제외
REF-L11176-C0114	11176	제17조	XR-00933	보존용 구 용어집·치환 제외
REF-L11176-C0149	11176	제6장	XR-00933	보존용 구 용어집·치환 제외
REF-L11176-C0154	11176	제7장	XR-00933	보존용 구 용어집·치환 제외
REF-L11177-C0114	11177	제17조	XR-00934	보존용 구 용어집·치환 제외
REF-L11177-C0149	11177	제14조	XR-00934	보존용 구 용어집·치환 제외
REF-L11178-C0114	11178	제17조	XR-00935	보존용 구 용어집·치환 제외
REF-L11178-C0149	11178	제14조	XR-00935	보존용 구 용어집·치환 제외
REF-L11178-C0155	11178	제16장	XR-00935	보존용 구 용어집·치환 제외
REF-L11179-C0114	11179	제17조	XR-00936	보존용 구 용어집·치환 제외
REF-L11179-C0149	11179	제7장	XR-00936	보존용 구 용어집·치환 제외
REF-L11179-C0154	11179	제16장	XR-00936	보존용 구 용어집·치환 제외
REF-L11180-C0114	11180	제17조	XR-00937	보존용 구 용어집·치환 제외
REF-L11180-C0149	11180	제5장	XR-00937	보존용 구 용어집·치환 제외
REF-L11180-C0154	11180	제16장	XR-00937	보존용 구 용어집·치환 제외
REF-L11181-C0114	11181	제17조	XR-00938	보존용 구 용어집·치환 제외
REF-L11181-C0149	11181	제16장	XR-00938	보존용 구 용어집·치환 제외
REF-L11182-C0114	11182	제17조	XR-00939	보존용 구 용어집·치환 제외
REF-L11182-C0149	11182	제16장	XR-00939	보존용 구 용어집·치환 제외
REF-L11183-C0114	11183	제2조의1	XR-00940	보존용 구 용어집·치환 제외
REF-L11183-C0121	11183	제2조의2	XR-00940	보존용 구 용어집·치환 제외
REF-L11183-C0149	11183	제9조	XR-00940	보존용 구 용어집·치환 제외
REF-L11184-C0114	11184	제2조의1	XR-00941	보존용 구 용어집·치환 제외
REF-L11184-C0121	11184	제2조의2	XR-00941	보존용 구 용어집·치환 제외
REF-L11184-C0149	11184	제9조	XR-00941	보존용 구 용어집·치환 제외
REF-L11185-C0114	11185	제2조의2	XR-00942	보존용 구 용어집·치환 제외
REF-L11185-C0120	11185	제2항	XR-00942	보존용 구 용어집·치환 제외
REF-L11185-C0149	11185	제4조	XR-00942	보존용 구 용어집·치환 제외
REF-L11185-C0158	11185	제6장	XR-00942	보존용 구 용어집·치환 제외
REF-L11186-C0114	11186	제2조의2	XR-00943	보존용 구 용어집·치환 제외
REF-L11186-C0120	11186	제3항	XR-00943	보존용 구 용어집·치환 제외
REF-L11186-C0149	11186	제17조	XR-00943	보존용 구 용어집·치환 제외
REF-L11187-C0114	11187	제3조의1	XR-00944	보존용 구 용어집·치환 제외
REF-L11187-C0149	11187	제3조의4	XR-00944	보존용 구 용어집·치환 제외
REF-L11188-C0114	11188	제3조의4	XR-00945	보존용 구 용어집·치환 제외
REF-L11188-C0120	11188	제3항	XR-00945	보존용 구 용어집·치환 제외
REF-L11188-C0149	11188	제5장	XR-00945	보존용 구 용어집·치환 제외
REF-L11188-C0158	11188	제6장	XR-00945	보존용 구 용어집·치환 제외
REF-L11196-C0098	11196	제2장	XR-00947	보존용 구 용어집·치환 제외
REF-L11196-C0134	11196	제2장	XR-00947	보존용 구 용어집·치환 제외
REF-L11197-C0125	11197	제2장	XR-00948	보존용 구 용어집·치환 제외
REF-L11198-C0125	11198	제2장	XR-00949	보존용 구 용어집·치환 제외
REF-L11199-C0106	11199	제2장	XR-00950	보존용 구 용어집·치환 제외
REF-L11199-C0125	11199	제2장	XR-00950	보존용 구 용어집·치환 제외
REF-L11199-C0133	11199	제14장	XR-00950	보존용 구 용어집·치환 제외
REF-L11200-C0125	11200	제2장	XR-00951	보존용 구 용어집·치환 제외
REF-L11200-C0134	11200	제6장	XR-00951	보존용 구 용어집·치환 제외
REF-L11201-C0125	11201	제1장	XR-00952	보존용 구 용어집·치환 제외
REF-L11201-C0133	11201	제2장	XR-00952	보존용 구 용어집·치환 제외
REF-L11202-C0097	11202	제6장	XR-00953	보존용 구 용어집·치환 제외
REF-L11202-C0101	11202	제7조	XR-00953	보존용 구 용어집·치환 제외
REF-L11202-C0125	11202	제6장	XR-00953	보존용 구 용어집·치환 제외
REF-L11202-C0129	11202	제7조의2	XR-00953	보존용 구 용어집·치환 제외
REF-L11203-C0097	11203	제6장	XR-00954	보존용 구 용어집·치환 제외
REF-L11203-C0101	11203	제7조의2	XR-00954	보존용 구 용어집·치환 제외
REF-L11204-C0097	11204	제6장	XR-00955	보존용 구 용어집·치환 제외
REF-L11204-C0101	11204	제34조	XR-00955	보존용 구 용어집·치환 제외
REF-L11204-C0125	11204	제2장	XR-00955	보존용 구 용어집·치환 제외
REF-L11204-C0140	11204	제15장	XR-00955	보존용 구 용어집·치환 제외
REF-L11205-C0097	11205	제6장	XR-00956	보존용 구 용어집·치환 제외
REF-L11205-C0101	11205	제37조	XR-00956	보존용 구 용어집·치환 제외
REF-L11205-C0125	11205	제6장	XR-00956	보존용 구 용어집·치환 제외
REF-L11205-C0129	11205	제39조	XR-00956	보존용 구 용어집·치환 제외
REF-L11206-C0097	11206	제6장	XR-00957	보존용 구 용어집·치환 제외
REF-L11206-C0101	11206	제39조	XR-00957	보존용 구 용어집·치환 제외
REF-L11206-C0125	11206	제6장	XR-00957	보존용 구 용어집·치환 제외
REF-L11206-C0129	11206	제37조	XR-00957	보존용 구 용어집·치환 제외
REF-L11207-C0097	11207	제6장	XR-00958	보존용 구 용어집·치환 제외
REF-L11207-C0101	11207	제43조	XR-00958	보존용 구 용어집·치환 제외
REF-L11207-C0125	11207	제2장	XR-00958	보존용 구 용어집·치환 제외
REF-L11208-C0097	11208	제6장	XR-00959	보존용 구 용어집·치환 제외
REF-L11208-C0101	11208	제43조	XR-00959	보존용 구 용어집·치환 제외
REF-L11208-C0106	11208	제2항	XR-00959	보존용 구 용어집·치환 제외
REF-L11208-C0125	11208	제2장	XR-00959	보존용 구 용어집·치환 제외
REF-L11209-C0097	11209	제6장	XR-00960	보존용 구 용어집·치환 제외
REF-L11209-C0101	11209	제31조	XR-00960	보존용 구 용어집·치환 제외
REF-L11209-C0125	11209	제6장	XR-00960	보존용 구 용어집·치환 제외
REF-L11209-C0129	11209	제7조	XR-00960	보존용 구 용어집·치환 제외
REF-L11210-C0097	11210	제6장	XR-00961	보존용 구 용어집·치환 제외
REF-L11210-C0101	11210	제33조	XR-00961	보존용 구 용어집·치환 제외
REF-L11210-C0125	11210	제3장	XR-00961	보존용 구 용어집·치환 제외
REF-L11211-C0097	11211	제6장	XR-00962	보존용 구 용어집·치환 제외
REF-L11211-C0101	11211	제35조	XR-00962	보존용 구 용어집·치환 제외
REF-L11211-C0106	11211	제4항	XR-00962	보존용 구 용어집·치환 제외
REF-L11211-C0125	11211	제3장	XR-00962	보존용 구 용어집·치환 제외
REF-L11212-C0097	11212	제6장	XR-00963	보존용 구 용어집·치환 제외
REF-L11212-C0101	11212	제40조	XR-00963	보존용 구 용어집·치환 제외
REF-L11212-C0125	11212	제2장	XR-00963	보존용 구 용어집·치환 제외
REF-L11212-C0143	11212	제15장	XR-00963	보존용 구 용어집·치환 제외
REF-L11213-C0097	11213	제6장	XR-00964	보존용 구 용어집·치환 제외
REF-L11213-C0125	11213	제6장	XR-00964	보존용 구 용어집·치환 제외
REF-L11213-C0129	11213	제39조	XR-00964	보존용 구 용어집·치환 제외
REF-L11213-C0142	11213	제37조	XR-00964	보존용 구 용어집·치환 제외
REF-L06064-C0000	6064	본 장	XR-00347	치환
REF-L09225-C0000	9225	본 장	XR-00625	치환
REF-L09225-C0022	9225	각 호	XR-00626	일반표현 유지
REF-L11024-C0000	11024	본 장	XR-00808	치환
REF-L11024-C0022	11024	본 장	XR-00809	치환
REF-L11027-C0065	11027	본 장	XR-00810	치환
