source,sheet_name,comparison_status,baseline_ordinal,current_ordinal,baseline_state,current_state,baseline_xlsx_sheet_id,current_xlsx_sheet_id,baseline_formula_count,current_formula_count,formula_count_delta,baseline_dimension,current_dimension,dimension_comparison,baseline_importrange_sample_count,current_importrange_formula_count,current_dummyfunction_formula_count,cell_value_diff_status,full_formula_text_diff_status,full_wrapper_diff_status,known_import_samples_match,checked_at
REG-V1,00 공통 기준,비교 가능한 구조 동일,1,1,visible,visible,1,1,1000,1000,0,,,비교 불가: 기준 범위 미수록,0,0,0,미검증: 첨부 XLSX 원파일 없음,미검증: 기준에 전체 수식 원문 없음,미검증: 기준은 대표 외부 연결식 관측만 포함,등록 표본 없음,2026-10-02T16:42:33+09:00
REG-V1,01-지역 마스터,비교 가능한 구조 동일,2,2,visible,visible,2,2,3002,3002,0,,,비교 불가: 기준 범위 미수록,0,0,1001,미검증: 첨부 XLSX 원파일 없음,미검증: 기준에 전체 수식 원문 없음,미검증: 기준은 대표 외부 연결식 관측만 포함,등록 표본 없음,2026-10-02T16:42:33+09:00
REG-V1,02 국가 마스터,비교 가능한 구조 동일,3,3,visible,visible,3,3,1998,1998,0,,,비교 불가: 기준 범위 미수록,0,0,0,미검증: 첨부 XLSX 원파일 없음,미검증: 기준에 전체 수식 원문 없음,미검증: 기준은 대표 외부 연결식 관측만 포함,등록 표본 없음,2026-10-02T16:42:33+09:00
REG-V1,03 문화 마스터,비교 가능한 구조 동일,4,4,visible,visible,4,4,1998,1998,0,,,비교 불가: 기준 범위 미수록,0,0,0,미검증: 첨부 XLSX 원파일 없음,미검증: 기준에 전체 수식 원문 없음,미검증: 기준은 대표 외부 연결식 관측만 포함,등록 표본 없음,2026-10-02T16:42:33+09:00
REG-V1,04 종교 마스터,비교 가능한 구조 동일,5,5,visible,visible,5,5,1998,1998,0,,,비교 불가: 기준 범위 미수록,0,0,0,미검증: 첨부 XLSX 원파일 없음,미검증: 기준에 전체 수식 원문 없음,미검증: 기준은 대표 외부 연결식 관측만 포함,등록 표본 없음,2026-10-02T16:42:33+09:00
REG-V1,05 언어 마스터,비교 가능한 구조 동일,6,6,visible,visible,6,6,1998,1998,0,,,비교 불가: 기준 범위 미수록,0,0,0,미검증: 첨부 XLSX 원파일 없음,미검증: 기준에 전체 수식 원문 없음,미검증: 기준은 대표 외부 연결식 관측만 포함,등록 표본 없음,2026-10-02T16:42:33+09:00
REG-V1,06 종족 마스터,비교 가능한 구조 동일,7,7,visible,visible,7,7,1998,1998,0,,,비교 불가: 기준 범위 미수록,0,0,0,미검증: 첨부 XLSX 원파일 없음,미검증: 기준에 전체 수식 원문 없음,미검증: 기준은 대표 외부 연결식 관측만 포함,등록 표본 없음,2026-10-02T16:42:33+09:00
REG-V1,07 자원 마스터,비교 가능한 구조 동일,8,8,visible,visible,8,8,999,999,0,,,비교 불가: 기준 범위 미수록,0,0,0,미검증: 첨부 XLSX 원파일 없음,미검증: 기준에 전체 수식 원문 없음,미검증: 기준은 대표 외부 연결식 관측만 포함,등록 표본 없음,2026-10-02T16:42:33+09:00
REG-V1,08 특성 사전,비교 가능한 구조 동일,9,9,visible,visible,9,9,999,999,0,,,비교 불가: 기준 범위 미수록,0,0,0,미검증: 첨부 XLSX 원파일 없음,미검증: 기준에 전체 수식 원문 없음,미검증: 기준은 대표 외부 연결식 관측만 포함,등록 표본 없음,2026-10-02T16:42:33+09:00
REG-V1,09 경제 지표 정의,비교 가능한 구조 동일,10,10,visible,visible,10,10,999,999,0,,,비교 불가: 기준 범위 미수록,0,0,0,미검증: 첨부 XLSX 원파일 없음,미검증: 기준에 전체 수식 원문 없음,미검증: 기준은 대표 외부 연결식 관측만 포함,등록 표본 없음,2026-10-02T16:42:33+09:00
REG-V1,10 정치 지역관계,비교 가능한 구조 동일,11,11,visible,visible,11,11,8997,8997,0,,,비교 불가: 기준 범위 미수록,0,0,0,미검증: 첨부 XLSX 원파일 없음,미검증: 기준에 전체 수식 원문 없음,미검증: 기준은 대표 외부 연결식 관측만 포함,등록 표본 없음,2026-10-02T16:42:33+09:00
REG-V1,11 역사 사건,비교 가능한 구조 동일,12,12,visible,visible,12,12,8997,8997,0,,,비교 불가: 기준 범위 미수록,0,0,0,미검증: 첨부 XLSX 원파일 없음,미검증: 기준에 전체 수식 원문 없음,미검증: 기준은 대표 외부 연결식 관측만 포함,등록 표본 없음,2026-10-02T16:42:33+09:00
REG-V1,20 인구,비교 가능한 구조 동일,13,13,visible,visible,13,13,5998,5998,0,,,비교 불가: 기준 범위 미수록,0,0,0,미검증: 첨부 XLSX 원파일 없음,미검증: 기준에 전체 수식 원문 없음,미검증: 기준은 대표 외부 연결식 관측만 포함,등록 표본 없음,2026-10-02T16:42:33+09:00
REG-V1,21 인구 변동,비교 가능한 구조 동일,14,14,visible,visible,14,14,5998,5998,0,,,비교 불가: 기준 범위 미수록,0,0,0,미검증: 첨부 XLSX 원파일 없음,미검증: 기준에 전체 수식 원문 없음,미검증: 기준은 대표 외부 연결식 관측만 포함,등록 표본 없음,2026-10-02T16:42:33+09:00
REG-V1,30 문화 분포,비교 가능한 구조 동일,15,15,visible,visible,15,15,14997,14997,0,,,비교 불가: 기준 범위 미수록,0,0,0,미검증: 첨부 XLSX 원파일 없음,미검증: 기준에 전체 수식 원문 없음,미검증: 기준은 대표 외부 연결식 관측만 포함,등록 표본 없음,2026-10-02T16:42:33+09:00
REG-V1,31 종교 분포,비교 가능한 구조 동일,16,16,visible,visible,16,16,14997,14997,0,,,비교 불가: 기준 범위 미수록,0,0,0,미검증: 첨부 XLSX 원파일 없음,미검증: 기준에 전체 수식 원문 없음,미검증: 기준은 대표 외부 연결식 관측만 포함,등록 표본 없음,2026-10-02T16:42:33+09:00
REG-V1,32 언어 분포,비교 가능한 구조 동일,17,17,visible,visible,17,17,14997,14997,0,,,비교 불가: 기준 범위 미수록,0,0,0,미검증: 첨부 XLSX 원파일 없음,미검증: 기준에 전체 수식 원문 없음,미검증: 기준은 대표 외부 연결식 관측만 포함,등록 표본 없음,2026-10-02T16:42:33+09:00
REG-V1,33 종족 분포,비교 가능한 구조 동일,18,18,visible,visible,18,18,14997,14997,0,,,비교 불가: 기준 범위 미수록,0,0,0,미검증: 첨부 XLSX 원파일 없음,미검증: 기준에 전체 수식 원문 없음,미검증: 기준은 대표 외부 연결식 관측만 포함,등록 표본 없음,2026-10-02T16:42:33+09:00
REG-V1,40 경제 지역값,비교 가능한 구조 동일,19,19,visible,visible,19,19,19996,19996,0,,,비교 불가: 기준 범위 미수록,0,0,0,미검증: 첨부 XLSX 원파일 없음,미검증: 기준에 전체 수식 원문 없음,미검증: 기준은 대표 외부 연결식 관측만 포함,등록 표본 없음,2026-10-02T16:42:33+09:00
REG-V1,41 산업,비교 가능한 구조 동일,20,20,visible,visible,20,20,9998,9998,0,,,비교 불가: 기준 범위 미수록,0,0,0,미검증: 첨부 XLSX 원파일 없음,미검증: 기준에 전체 수식 원문 없음,미검증: 기준은 대표 외부 연결식 관측만 포함,등록 표본 없음,2026-10-02T16:42:33+09:00
REG-V1,42 교역,비교 가능한 구조 동일,21,21,visible,visible,21,21,14997,14997,0,,,비교 불가: 기준 범위 미수록,0,0,0,미검증: 첨부 XLSX 원파일 없음,미검증: 기준에 전체 수식 원문 없음,미검증: 기준은 대표 외부 연결식 관측만 포함,등록 표본 없음,2026-10-02T16:42:33+09:00
REG-V1,50 환경 지역값,비교 가능한 구조 동일,22,22,visible,visible,22,22,9998,9998,0,,,비교 불가: 기준 범위 미수록,0,0,0,미검증: 첨부 XLSX 원파일 없음,미검증: 기준에 전체 수식 원문 없음,미검증: 기준은 대표 외부 연결식 관측만 포함,등록 표본 없음,2026-10-02T16:42:33+09:00
REG-V1,51 자원 분포,비교 가능한 구조 동일,23,23,visible,visible,23,23,14997,14997,0,,,비교 불가: 기준 범위 미수록,0,0,0,미검증: 첨부 XLSX 원파일 없음,미검증: 기준에 전체 수식 원문 없음,미검증: 기준은 대표 외부 연결식 관측만 포함,등록 표본 없음,2026-10-02T16:42:33+09:00
REG-V1,60 거점 시설,비교 가능한 구조 동일,24,24,visible,visible,24,24,5998,5998,0,,,비교 불가: 기준 범위 미수록,0,0,0,미검증: 첨부 XLSX 원파일 없음,미검증: 기준에 전체 수식 원문 없음,미검증: 기준은 대표 외부 연결식 관측만 포함,등록 표본 없음,2026-10-02T16:42:33+09:00
REG-V1,61 교통망,비교 가능한 구조 동일,25,25,visible,visible,25,25,8997,8997,0,,,비교 불가: 기준 범위 미수록,0,0,0,미검증: 첨부 XLSX 원파일 없음,미검증: 기준에 전체 수식 원문 없음,미검증: 기준은 대표 외부 연결식 관측만 포함,등록 표본 없음,2026-10-02T16:42:33+09:00
REG-V1,70 지역 특성,비교 가능한 구조 동일,26,26,visible,visible,26,26,14997,14997,0,,,비교 불가: 기준 범위 미수록,0,0,0,미검증: 첨부 XLSX 원파일 없음,미검증: 기준에 전체 수식 원문 없음,미검증: 기준은 대표 외부 연결식 관측만 포함,등록 표본 없음,2026-10-02T16:42:33+09:00
REG-V1,90 출처,비교 가능한 구조 동일,27,27,visible,visible,27,27,0,0,0,,,비교 불가: 기준 범위 미수록,0,0,0,미검증: 첨부 XLSX 원파일 없음,미검증: 기준에 전체 수식 원문 없음,미검증: 기준은 대표 외부 연결식 관측만 포함,등록 표본 없음,2026-10-02T16:42:33+09:00
REG-V1,00_기준_메타,비교 가능한 구조 동일,28,28,visible,visible,28,28,1,1,0,,,비교 불가: 기준 범위 미수록,0,0,0,미검증: 첨부 XLSX 원파일 없음,미검증: 기준에 전체 수식 원문 없음,미검증: 기준은 대표 외부 연결식 관측만 포함,등록 표본 없음,2026-10-02T16:42:33+09:00
REG-V1,02_지역_관계,비교 가능한 구조 동일,29,29,visible,visible,29,29,14014,14014,0,,,비교 불가: 기준 범위 미수록,0,0,0,미검증: 첨부 XLSX 원파일 없음,미검증: 기준에 전체 수식 원문 없음,미검증: 기준은 대표 외부 연결식 관측만 포함,등록 표본 없음,2026-10-02T16:42:33+09:00
REG-V1,10_행성_기본값,비교 가능한 구조 동일,30,30,visible,visible,30,30,7,7,0,,,비교 불가: 기준 범위 미수록,0,0,0,미검증: 첨부 XLSX 원파일 없음,미검증: 기준에 전체 수식 원문 없음,미검증: 기준은 대표 외부 연결식 관측만 포함,등록 표본 없음,2026-10-02T16:42:33+09:00
REG-V1,11_행성_연간지표,비교 가능한 구조 동일,31,31,visible,visible,31,31,9000,9000,0,,,비교 불가: 기준 범위 미수록,0,0,3000,미검증: 첨부 XLSX 원파일 없음,미검증: 기준에 전체 수식 원문 없음,미검증: 기준은 대표 외부 연결식 관측만 포함,등록 표본 없음,2026-10-02T16:42:33+09:00
REG-V1,12_지역_인구,비교 가능한 구조 동일,32,32,visible,visible,32,32,2000,2000,0,,,비교 불가: 기준 범위 미수록,0,0,0,미검증: 첨부 XLSX 원파일 없음,미검증: 기준에 전체 수식 원문 없음,미검증: 기준은 대표 외부 연결식 관측만 포함,등록 표본 없음,2026-10-02T16:42:33+09:00
REG-V1,13_지역_경제,비교 가능한 구조 동일,33,33,visible,visible,33,33,2000,2000,0,,,비교 불가: 기준 범위 미수록,0,0,0,미검증: 첨부 XLSX 원파일 없음,미검증: 기준에 전체 수식 원문 없음,미검증: 기준은 대표 외부 연결식 관측만 포함,등록 표본 없음,2026-10-02T16:42:33+09:00
REG-V1,14_지역_자연환경,비교 가능한 구조 동일,34,34,visible,visible,34,34,0,0,0,,,비교 불가: 기준 범위 미수록,0,0,0,미검증: 첨부 XLSX 원파일 없음,미검증: 기준에 전체 수식 원문 없음,미검증: 기준은 대표 외부 연결식 관측만 포함,등록 표본 없음,2026-10-02T16:42:33+09:00
REG-V1,15_지역_소속이력,비교 가능한 구조 동일,35,35,visible,visible,35,35,1000,1000,0,,,비교 불가: 기준 범위 미수록,0,0,0,미검증: 첨부 XLSX 원파일 없음,미검증: 기준에 전체 수식 원문 없음,미검증: 기준은 대표 외부 연결식 관측만 포함,등록 표본 없음,2026-10-02T16:42:33+09:00
REG-V1,99_검증,비교 가능한 구조 동일,36,36,visible,visible,36,36,8013,8013,0,,,비교 불가: 기준 범위 미수록,0,0,0,미검증: 첨부 XLSX 원파일 없음,미검증: 기준에 전체 수식 원문 없음,미검증: 기준은 대표 외부 연결식 관측만 포함,등록 표본 없음,2026-10-02T16:42:33+09:00
NAT-V1,00_기준_메타,비교 가능한 구조 동일,1,1,visible,visible,1,1,1,1,0,,,비교 불가: 기준 범위 미수록,0,0,0,미검증: 첨부 XLSX 원파일 없음,미검증: 기준에 전체 수식 원문 없음,미검증: 기준은 대표 외부 연결식 관측만 포함,등록 표본 없음,2026-10-02T16:42:33+09:00
NAT-V1,00_코드북,비교 가능한 구조 동일,2,2,visible,visible,2,2,234,234,0,,,비교 불가: 기준 범위 미수록,0,0,234,미검증: 첨부 XLSX 원파일 없음,미검증: 기준에 전체 수식 원문 없음,미검증: 기준은 대표 외부 연결식 관측만 포함,등록 표본 없음,2026-10-02T16:42:33+09:00
NAT-V1,01_국가_기본정보,비교 가능한 구조 동일,3,3,visible,visible,3,3,2000,2000,0,,,비교 불가: 기준 범위 미수록,0,0,1000,미검증: 첨부 XLSX 원파일 없음,미검증: 기준에 전체 수식 원문 없음,미검증: 기준은 대표 외부 연결식 관측만 포함,등록 표본 없음,2026-10-02T16:42:33+09:00
NAT-V1,02_국호_이력,비교 가능한 구조 동일,4,4,visible,visible,4,4,500,500,0,,,비교 불가: 기준 범위 미수록,0,0,0,미검증: 첨부 XLSX 원파일 없음,미검증: 기준에 전체 수식 원문 없음,미검증: 기준은 대표 외부 연결식 관측만 포함,등록 표본 없음,2026-10-02T16:42:33+09:00
NAT-V1,03_영토_이력,비교 가능한 구조 동일,5,5,visible,visible,5,5,1000,1000,0,,,비교 불가: 기준 범위 미수록,0,0,0,미검증: 첨부 XLSX 원파일 없음,미검증: 기준에 전체 수식 원문 없음,미검증: 기준은 대표 외부 연결식 관측만 포함,등록 표본 없음,2026-10-02T16:42:33+09:00
NAT-V1,04_헌정국체_이력,비교 가능한 구조 동일,6,6,visible,visible,6,6,3000,3000,0,,,비교 불가: 기준 범위 미수록,0,0,0,미검증: 첨부 XLSX 원파일 없음,미검증: 기준에 전체 수식 원문 없음,미검증: 기준은 대표 외부 연결식 관측만 포함,등록 표본 없음,2026-10-02T16:42:33+09:00
NAT-V1,05_수도_이력,비교 가능한 구조 동일,7,7,visible,visible,7,7,3500,3500,0,,,비교 불가: 기준 범위 미수록,0,0,0,미검증: 첨부 XLSX 원파일 없음,미검증: 기준에 전체 수식 원문 없음,미검증: 기준은 대표 외부 연결식 관측만 포함,등록 표본 없음,2026-10-02T16:42:33+09:00
NAT-V1,06_기관구조_이력,비교 가능한 구조 동일,8,8,visible,visible,8,8,3000,3000,0,,,비교 불가: 기준 범위 미수록,0,0,0,미검증: 첨부 XLSX 원파일 없음,미검증: 기준에 전체 수식 원문 없음,미검증: 기준은 대표 외부 연결식 관측만 포함,등록 표본 없음,2026-10-02T16:42:33+09:00
NAT-V1,07_선거구_계보,비교 가능한 구조 동일,9,9,visible,visible,9,9,1500,1500,0,,,비교 불가: 기준 범위 미수록,0,0,0,미검증: 첨부 XLSX 원파일 없음,미검증: 기준에 전체 수식 원문 없음,미검증: 기준은 대표 외부 연결식 관측만 포함,등록 표본 없음,2026-10-02T16:42:33+09:00
NAT-V1,10_인구_연간,비교 가능한 구조 동일,10,10,visible,visible,10,10,500,500,0,,,비교 불가: 기준 범위 미수록,0,0,0,미검증: 첨부 XLSX 원파일 없음,미검증: 기준에 전체 수식 원문 없음,미검증: 기준은 대표 외부 연결식 관측만 포함,등록 표본 없음,2026-10-02T16:42:33+09:00
NAT-V1,11_경제_연간,비교 가능한 구조 동일,11,11,visible,visible,11,11,500,500,0,,,비교 불가: 기준 범위 미수록,0,0,0,미검증: 첨부 XLSX 원파일 없음,미검증: 기준에 전체 수식 원문 없음,미검증: 기준은 대표 외부 연결식 관측만 포함,등록 표본 없음,2026-10-02T16:42:33+09:00
NAT-V1,12_경제_파생,비교 가능한 구조 동일,12,12,visible,visible,12,12,18000,18000,0,,,비교 불가: 기준 범위 미수록,0,0,0,미검증: 첨부 XLSX 원파일 없음,미검증: 기준에 전체 수식 원문 없음,미검증: 기준은 대표 외부 연결식 관측만 포함,등록 표본 없음,2026-10-02T16:42:33+09:00
NAT-V1,20_기관_마스터,비교 가능한 구조 동일,13,13,visible,visible,13,13,1500,1500,0,,,비교 불가: 기준 범위 미수록,0,0,0,미검증: 첨부 XLSX 원파일 없음,미검증: 기준에 전체 수식 원문 없음,미검증: 기준은 대표 외부 연결식 관측만 포함,등록 표본 없음,2026-10-02T16:42:33+09:00
NAT-V1,21_공직_임기,비교 가능한 구조 동일,14,14,visible,visible,14,14,6500,6500,0,,,비교 불가: 기준 범위 미수록,0,0,500,미검증: 첨부 XLSX 원파일 없음,미검증: 기준에 전체 수식 원문 없음,미검증: 기준은 대표 외부 연결식 관측만 포함,등록 표본 없음,2026-10-02T16:42:33+09:00
NAT-V1,22_정당_마스터,비교 가능한 구조 동일,15,15,visible,visible,15,15,2000,2000,0,,,비교 불가: 기준 범위 미수록,0,0,1000,미검증: 첨부 XLSX 원파일 없음,미검증: 기준에 전체 수식 원문 없음,미검증: 기준은 대표 외부 연결식 관측만 포함,등록 표본 없음,2026-10-02T16:42:33+09:00
NAT-V1,23_선거_마스터,비교 가능한 구조 동일,16,16,visible,visible,16,16,7000,7000,0,,,비교 불가: 기준 범위 미수록,0,0,4000,미검증: 첨부 XLSX 원파일 없음,미검증: 기준에 전체 수식 원문 없음,미검증: 기준은 대표 외부 연결식 관측만 포함,등록 표본 없음,2026-10-02T16:42:33+09:00
NAT-V1,24_선거_결과,비교 가능한 구조 동일,17,17,visible,visible,17,17,500,500,0,,,비교 불가: 기준 범위 미수록,0,0,0,미검증: 첨부 XLSX 원파일 없음,미검증: 기준에 전체 수식 원문 없음,미검증: 기준은 대표 외부 연결식 관측만 포함,등록 표본 없음,2026-10-02T16:42:33+09:00
NAT-V1,25_선거구_결과,비교 가능한 구조 동일,18,18,visible,visible,18,18,3500,3500,0,,,비교 불가: 기준 범위 미수록,0,0,0,미검증: 첨부 XLSX 원파일 없음,미검증: 기준에 전체 수식 원문 없음,미검증: 기준은 대표 외부 연결식 관측만 포함,등록 표본 없음,2026-10-02T16:42:33+09:00
NAT-V1,26_선거제도,비교 가능한 구조 동일,19,19,visible,visible,19,19,1000,1000,0,,,비교 불가: 기준 범위 미수록,0,0,0,미검증: 첨부 XLSX 원파일 없음,미검증: 기준에 전체 수식 원문 없음,미검증: 기준은 대표 외부 연결식 관측만 포함,등록 표본 없음,2026-10-02T16:42:33+09:00
NAT-V1,27_정당_연간,비교 가능한 구조 동일,20,20,visible,visible,20,20,5000,5000,0,,,비교 불가: 기준 범위 미수록,0,0,500,미검증: 첨부 XLSX 원파일 없음,미검증: 기준에 전체 수식 원문 없음,미검증: 기준은 대표 외부 연결식 관측만 포함,등록 표본 없음,2026-10-02T16:42:33+09:00
NAT-V1,28_선거_부문,비교 가능한 구조 동일,21,21,visible,visible,21,21,3000,3000,0,,,비교 불가: 기준 범위 미수록,0,0,1500,미검증: 첨부 XLSX 원파일 없음,미검증: 기준에 전체 수식 원문 없음,미검증: 기준은 대표 외부 연결식 관측만 포함,등록 표본 없음,2026-10-02T16:42:33+09:00
NAT-V1,29_선거_계산,비교 가능한 구조 동일,22,22,visible,visible,22,22,14000,14000,0,,,비교 불가: 기준 범위 미수록,0,0,3500,미검증: 첨부 XLSX 원파일 없음,미검증: 기준에 전체 수식 원문 없음,미검증: 기준은 대표 외부 연결식 관측만 포함,등록 표본 없음,2026-10-02T16:42:33+09:00
NAT-V1,30_역사사건,비교 가능한 구조 동일,23,23,visible,visible,23,23,0,0,0,,,비교 불가: 기준 범위 미수록,0,0,0,미검증: 첨부 XLSX 원파일 없음,미검증: 기준에 전체 수식 원문 없음,미검증: 기준은 대표 외부 연결식 관측만 포함,등록 표본 없음,2026-10-02T16:42:33+09:00
NAT-V1,31_인물_마스터,비교 가능한 구조 동일,24,24,visible,visible,24,24,1500,1500,0,,,비교 불가: 기준 범위 미수록,0,0,0,미검증: 첨부 XLSX 원파일 없음,미검증: 기준에 전체 수식 원문 없음,미검증: 기준은 대표 외부 연결식 관측만 포함,등록 표본 없음,2026-10-02T16:42:33+09:00
NAT-V1,32_정당직책_마스터,비교 가능한 구조 동일,25,25,visible,visible,25,25,1500,1500,0,,,비교 불가: 기준 범위 미수록,0,0,0,미검증: 첨부 XLSX 원파일 없음,미검증: 기준에 전체 수식 원문 없음,미검증: 기준은 대표 외부 연결식 관측만 포함,등록 표본 없음,2026-10-02T16:42:33+09:00
NAT-V1,33_정당지도부_이력,비교 가능한 구조 동일,26,26,visible,visible,26,26,6000,6000,0,,,비교 불가: 기준 범위 미수록,0,0,0,미검증: 첨부 XLSX 원파일 없음,미검증: 기준에 전체 수식 원문 없음,미검증: 기준은 대표 외부 연결식 관측만 포함,등록 표본 없음,2026-10-02T16:42:33+09:00
NAT-V1,34_정당계파_마스터,비교 가능한 구조 동일,27,27,visible,visible,27,27,3000,3000,0,,,비교 불가: 기준 범위 미수록,0,0,0,미검증: 첨부 XLSX 원파일 없음,미검증: 기준에 전체 수식 원문 없음,미검증: 기준은 대표 외부 연결식 관측만 포함,등록 표본 없음,2026-10-02T16:42:33+09:00
NAT-V1,35_황실신분_이력,비교 가능한 구조 동일,28,28,visible,visible,28,28,4000,4000,0,,,비교 불가: 기준 범위 미수록,0,0,0,미검증: 첨부 XLSX 원파일 없음,미검증: 기준에 전체 수식 원문 없음,미검증: 기준은 대표 외부 연결식 관측만 포함,등록 표본 없음,2026-10-02T16:42:33+09:00
NAT-V1,36_친족관계_이력,비교 가능한 구조 동일,29,29,visible,visible,29,29,4500,4500,0,,,비교 불가: 기준 범위 미수록,0,0,0,미검증: 첨부 XLSX 원파일 없음,미검증: 기준에 전체 수식 원문 없음,미검증: 기준은 대표 외부 연결식 관측만 포함,등록 표본 없음,2026-10-02T16:42:33+09:00
NAT-V1,37_황위계승_이력,비교 가능한 구조 동일,30,30,visible,visible,30,30,5000,5000,0,,,비교 불가: 기준 범위 미수록,0,0,0,미검증: 첨부 XLSX 원파일 없음,미검증: 기준에 전체 수식 원문 없음,미검증: 기준은 대표 외부 연결식 관측만 포함,등록 표본 없음,2026-10-02T16:42:33+09:00
NAT-V1,38_정당관계_이력,비교 가능한 구조 동일,31,31,visible,visible,31,31,1500,1500,0,,,비교 불가: 기준 범위 미수록,0,0,0,미검증: 첨부 XLSX 원파일 없음,미검증: 기준에 전체 수식 원문 없음,미검증: 기준은 대표 외부 연결식 관측만 포함,등록 표본 없음,2026-10-02T16:42:33+09:00
NAT-V1,39_선거구_마스터,비교 가능한 구조 동일,32,32,visible,visible,32,32,3000,3000,0,,,비교 불가: 기준 범위 미수록,0,0,0,미검증: 첨부 XLSX 원파일 없음,미검증: 기준에 전체 수식 원문 없음,미검증: 기준은 대표 외부 연결식 관측만 포함,등록 표본 없음,2026-10-02T16:42:33+09:00
NAT-V1,40_행성대비_지표,비교 가능한 구조 동일,33,33,visible,visible,33,33,13000,13000,0,,,비교 불가: 기준 범위 미수록,0,0,4000,미검증: 첨부 XLSX 원파일 없음,미검증: 기준에 전체 수식 원문 없음,미검증: 기준은 대표 외부 연결식 관측만 포함,등록 표본 없음,2026-10-02T16:42:33+09:00
NAT-V1,41_행성_연결,비교 가능한 구조 동일,34,34,hidden,hidden,34,34,4,4,0,,,비교 불가: 기준 범위 미수록,0,0,0,미검증: 첨부 XLSX 원파일 없음,미검증: 기준에 전체 수식 원문 없음,미검증: 기준은 대표 외부 연결식 관측만 포함,등록 표본 없음,2026-10-02T16:42:33+09:00
NAT-V1,42_행성_기본속성_연결,비교 가능한 구조 동일,35,35,visible,visible,35,35,242,242,0,,,비교 불가: 기준 범위 미수록,1,1,242,미검증: 첨부 XLSX 원파일 없음,미검증: 기준에 전체 수식 원문 없음,미검증: 기준은 대표 외부 연결식 관측만 포함,True,2026-10-02T16:42:33+09:00
NAT-V1,43_지역_참조_연결,비교 가능한 구조 동일,36,36,visible,visible,36,36,1614,1614,0,,,비교 불가: 기준 범위 미수록,1,1,1614,미검증: 첨부 XLSX 원파일 없음,미검증: 기준에 전체 수식 원문 없음,미검증: 기준은 대표 외부 연결식 관측만 포함,True,2026-10-02T16:42:33+09:00
NAT-V1,44_행성_연간지표_연결,비교 가능한 구조 동일,37,37,visible,visible,37,37,10177,10177,0,,,비교 불가: 기준 범위 미수록,2,2,10177,미검증: 첨부 XLSX 원파일 없음,미검증: 기준에 전체 수식 원문 없음,미검증: 기준은 대표 외부 연결식 관측만 포함,True,2026-10-02T16:42:33+09:00
NAT-V1,80_연도별_정치현황,비교 가능한 구조 동일,38,38,visible,visible,38,38,11000,11000,0,,,비교 불가: 기준 범위 미수록,0,0,9000,미검증: 첨부 XLSX 원파일 없음,미검증: 기준에 전체 수식 원문 없음,미검증: 기준은 대표 외부 연결식 관측만 포함,등록 표본 없음,2026-10-02T16:42:33+09:00
NAT-V1,81_연도별_선거현황,비교 가능한 구조 동일,39,39,visible,visible,39,39,7000,7000,0,,,비교 불가: 기준 범위 미수록,0,0,5000,미검증: 첨부 XLSX 원파일 없음,미검증: 기준에 전체 수식 원문 없음,미검증: 기준은 대표 외부 연결식 관측만 포함,등록 표본 없음,2026-10-02T16:42:33+09:00
NAT-V1,82_연도별_경제현황,비교 가능한 구조 동일,40,40,visible,visible,40,40,10000,10000,0,,,비교 불가: 기준 범위 미수록,0,0,0,미검증: 첨부 XLSX 원파일 없음,미검증: 기준에 전체 수식 원문 없음,미검증: 기준은 대표 외부 연결식 관측만 포함,등록 표본 없음,2026-10-02T16:42:33+09:00
NAT-V1,83_연방_통합연표,비교 가능한 구조 동일,41,41,visible,visible,41,41,22000,22000,0,,,비교 불가: 기준 범위 미수록,0,0,2000,미검증: 첨부 XLSX 원파일 없음,미검증: 기준에 전체 수식 원문 없음,미검증: 기준은 대표 외부 연결식 관측만 포함,등록 표본 없음,2026-10-02T16:42:33+09:00
NAT-V1,84_연도별_행정부,비교 가능한 구조 동일,42,42,visible,visible,42,42,6000,6000,0,,,비교 불가: 기준 범위 미수록,0,0,2000,미검증: 첨부 XLSX 원파일 없음,미검증: 기준에 전체 수식 원문 없음,미검증: 기준은 대표 외부 연결식 관측만 포함,등록 표본 없음,2026-10-02T16:42:33+09:00
NAT-V1,85_연도별_정당지도부,비교 가능한 구조 동일,43,43,visible,visible,43,43,9000,9000,0,,,비교 불가: 기준 범위 미수록,0,0,6000,미검증: 첨부 XLSX 원파일 없음,미검증: 기준에 전체 수식 원문 없음,미검증: 기준은 대표 외부 연결식 관측만 포함,등록 표본 없음,2026-10-02T16:42:33+09:00
NAT-V1,86_연도별_황실계승,비교 가능한 구조 동일,44,44,visible,visible,44,44,12000,12000,0,,,비교 불가: 기준 범위 미수록,0,0,9000,미검증: 첨부 XLSX 원파일 없음,미검증: 기준에 전체 수식 원문 없음,미검증: 기준은 대표 외부 연결식 관측만 포함,등록 표본 없음,2026-10-02T16:42:33+09:00
NAT-V1,87_시점별_황위계승,비교 가능한 구조 동일,45,45,visible,visible,45,45,3,3,0,,,비교 불가: 기준 범위 미수록,0,0,1,미검증: 첨부 XLSX 원파일 없음,미검증: 기준에 전체 수식 원문 없음,미검증: 기준은 대표 외부 연결식 관측만 포함,등록 표본 없음,2026-10-02T16:42:33+09:00
NAT-V1,88_친족관계_조회,비교 가능한 구조 동일,46,46,visible,visible,46,46,3,3,0,,,비교 불가: 기준 범위 미수록,0,0,1,미검증: 첨부 XLSX 원파일 없음,미검증: 기준에 전체 수식 원문 없음,미검증: 기준은 대표 외부 연결식 관측만 포함,등록 표본 없음,2026-10-02T16:42:33+09:00
NAT-V1,89_변동_연표,비교 가능한 구조 동일,47,47,visible,visible,47,47,1,1,0,,,비교 불가: 기준 범위 미수록,0,0,1,미검증: 첨부 XLSX 원파일 없음,미검증: 기준에 전체 수식 원문 없음,미검증: 기준은 대표 외부 연결식 관측만 포함,등록 표본 없음,2026-10-02T16:42:33+09:00
NAT-V1,90_출처_레지스트리,비교 가능한 구조 동일,48,48,visible,visible,48,48,0,0,0,,,비교 불가: 기준 범위 미수록,0,0,0,미검증: 첨부 XLSX 원파일 없음,미검증: 기준에 전체 수식 원문 없음,미검증: 기준은 대표 외부 연결식 관측만 포함,등록 표본 없음,2026-10-02T16:42:33+09:00
NAT-V1,91_스키마_안내,비교 가능한 구조 동일,49,49,visible,visible,49,49,2,2,0,,,비교 불가: 기준 범위 미수록,0,0,0,미검증: 첨부 XLSX 원파일 없음,미검증: 기준에 전체 수식 원문 없음,미검증: 기준은 대표 외부 연결식 관측만 포함,등록 표본 없음,2026-10-02T16:42:33+09:00
NAT-V1,98_검증_요약,비교 가능한 구조 동일,50,50,visible,visible,50,50,150,150,0,,,비교 불가: 기준 범위 미수록,0,0,0,미검증: 첨부 XLSX 원파일 없음,미검증: 기준에 전체 수식 원문 없음,미검증: 기준은 대표 외부 연결식 관측만 포함,등록 표본 없음,2026-10-02T16:42:33+09:00
NAT-V1,99_검증_상세,비교 가능한 구조 동일,51,51,visible,visible,51,51,64177,64177,0,,,비교 불가: 기준 범위 미수록,0,0,6029,미검증: 첨부 XLSX 원파일 없음,미검증: 기준에 전체 수식 원문 없음,미검증: 기준은 대표 외부 연결식 관측만 포함,등록 표본 없음,2026-10-02T16:42:33+09:00
