원유형	원장	원표제	원범위	본문새범위	원표제보존위치	주의
총강	0	총강	L109–L291	총강 제1절 국가의 정체성·국체와 주권; 총강 제2절 헌정이념과 국가–신민 관계; 총강 제3절 국가권력과 헌정기관의 기본질서; 총강 제4절 규범질서·조약·헌법해석; 총강 제5절 국가의 기본책무와 영역; 총강 제6절 헌정질서의 연속성과 수호; 제17장 제7절 국체보존·헌정질서 수호·절차외 변경 금지	보존자료/05_비규범자료_보존부록.md:L124	총강 제20조의 일부는 신 제17장으로 분할됨
장	1	## 제1장: 전 인류와 연방 신민의 자유와 권리 장전	L294–L701	제1장 제1절 권리보장의 총칙·해석·제한; 제1장 제2절 평등권·차별금지; 제1장 제3절 신체·정신·인격의 자유; 제1장 제4절 표현·정보·사생활·디지털 자유; 제1장 제5절 경제적 자유·재산권·근로권; 제1장 제6절 적법절차·형사보장·행정절차; 제1장 제7절 가족·사회·환경·문화·교육에 관한 권리; 제1장 제8절 참정권·청원권·공무담임권; 제1장 제9절 자기방위·무장권; 제2장 제6절 전자공표·국가기록·디지털 헌정질서; 제3장 제6절 신민의 공적 의무와 책무	보존자료/05_비규범자료_보존부록.md:L135	장·절 전체의 대응은 조문별 목적지의 합집합. 원 인용의 실제 대상은 4단계 문맥검토 필요
절	1	제1절: 총칙·해석·비상·기밀	L296–L359	제1장 제1절 권리보장의 총칙·해석·제한; 제2장 제6절 전자공표·국가기록·디지털 헌정질서	보존자료/05_비규범자료_보존부록.md:L137	장·절 전체의 대응은 조문별 목적지의 합집합. 원 인용의 실제 대상은 4단계 문맥검토 필요
절	1	제2절: 평등권	L360–L379	제1장 제2절 평등권·차별금지	보존자료/05_비규범자료_보존부록.md:L146	장·절 전체의 대응은 조문별 목적지의 합집합. 원 인용의 실제 대상은 4단계 문맥검토 필요
절	1	제3절: 자유권	L380–L477	제1장 제3절 신체·정신·인격의 자유; 제1장 제4절 표현·정보·사생활·디지털 자유; 제1장 제5절 경제적 자유·재산권·근로권; 제3장 제6절 신민의 공적 의무와 책무	보존자료/05_비규범자료_보존부록.md:L155	장·절 전체의 대응은 조문별 목적지의 합집합. 원 인용의 실제 대상은 4단계 문맥검토 필요
절	1	제4절: 경제적 자유와 재산권	L478–L573	제1장 제4절 표현·정보·사생활·디지털 자유; 제1장 제5절 경제적 자유·재산권·근로권	보존자료/05_비규범자료_보존부록.md:L164	장·절 전체의 대응은 조문별 목적지의 합집합. 원 인용의 실제 대상은 4단계 문맥검토 필요
절	1	제5절: 절차적 권리와 형사보장 원칙	L574–L611	제1장 제6절 적법절차·형사보장·행정절차	보존자료/05_비규범자료_보존부록.md:L173	장·절 전체의 대응은 조문별 목적지의 합집합. 원 인용의 실제 대상은 4단계 문맥검토 필요
절	1	제6절: 민간 부문	L612–L673	제1장 제5절 경제적 자유·재산권·근로권; 제1장 제7절 가족·사회·환경·문화·교육에 관한 권리	보존자료/05_비규범자료_보존부록.md:L182	장·절 전체의 대응은 조문별 목적지의 합집합. 원 인용의 실제 대상은 4단계 문맥검토 필요
절	1	제7절: 참정·청원권	L674–L690	제1장 제8절 참정권·청원권·공무담임권	보존자료/05_비규범자료_보존부록.md:L191	장·절 전체의 대응은 조문별 목적지의 합집합. 원 인용의 실제 대상은 4단계 문맥검토 필요
절	1	제8절: 자기방위·무장권	L691–L701	제1장 제9절 자기방위·무장권	보존자료/05_비규범자료_보존부록.md:L200	장·절 전체의 대응은 조문별 목적지의 합집합. 원 인용의 실제 대상은 4단계 문맥검토 필요
장	2	## 제2장: 연방 통치구조 총칙	L702–L1142	제2장 제1절 연방 통치원리와 권능배분; 제2장 제2절 최고 헌정기관의 체계; 제2장 제3절 규범체계·유보·위임입법; 제2장 제4절 헌정기관 공통원칙; 제2장 제5절 기관 간 협력·권한쟁의·합동재의; 제2장 제6절 전자공표·국가기록·디지털 헌정질서; 제2장 제7절 투명성·청렴·공공윤리; 제2장 제8절 연방의 영역·관할·경계; 제3장 제2절 연방 신민·준신민·외국인 및 보호신분; 제3장 제3절 신민권의 취득·변경·상실·정지; 제3장 제4절 복수 신민권·귀화·최고충성; 제3장 제5절 황족·귀족·특수직역의 법적 지위; 제3장 제6절 신민의 공적 의무와 책무; 제3장 제7절 연방의 보호의무와 보호–충성의 상호성; 제3장 제8절 신분등록·신분정보와 권리구제; 제8장 제1절 준비기금의 지위·목적·독립성; 제9장 제1절 재정헌정의 기본원칙; 제9장 제2절 조세법정주의·세입질서; 제9장 제7절 공공조달·재정투명성; 제12장 제2절 개척영역·관할·편입·연방전속권; 제19장 제1절 감사원의 지위·독립성; 제21장 제4절 별표·인용·상호참조 원칙	보존자료/05_비규범자료_보존부록.md:L209	장·절 전체의 대응은 조문별 목적지의 합집합. 원 인용의 실제 대상은 4단계 문맥검토 필요
절	2	제1절: 연방 통치원리	L704–L767	제2장 제1절 연방 통치원리와 권능배분; 제2장 제3절 규범체계·유보·위임입법; 제2장 제4절 헌정기관 공통원칙	보존자료/05_비규범자료_보존부록.md:L211	장·절 전체의 대응은 조문별 목적지의 합집합. 원 인용의 실제 대상은 4단계 문맥검토 필요
절	2	제2절: 최고 권력기관의 체계·조정	L768–L827	제2장 제2절 최고 헌정기관의 체계; 제2장 제3절 규범체계·유보·위임입법; 제2장 제4절 헌정기관 공통원칙; 제2장 제5절 기관 간 협력·권한쟁의·합동재의	보존자료/05_비규범자료_보존부록.md:L220	장·절 전체의 대응은 조문별 목적지의 합집합. 원 인용의 실제 대상은 4단계 문맥검토 필요
절	2	제3절: 전자공표·문서·기록	L828–L874	제2장 제6절 전자공표·국가기록·디지털 헌정질서; 제21장 제4절 별표·인용·상호참조 원칙	보존자료/05_비규범자료_보존부록.md:L229	장·절 전체의 대응은 조문별 목적지의 합집합. 원 인용의 실제 대상은 4단계 문맥검토 필요
절	2	제4절: 투명성·책무·윤리	L875–L898	제2장 제6절 전자공표·국가기록·디지털 헌정질서; 제2장 제7절 투명성·청렴·공공윤리	보존자료/05_비규범자료_보존부록.md:L238	장·절 전체의 대응은 조문별 목적지의 합집합. 원 인용의 실제 대상은 4단계 문맥검토 필요
절	2	제5절: 재정·감사·조달 거버넌스	L899–L943	제2장 제7절 투명성·청렴·공공윤리; 제8장 제1절 준비기금의 지위·목적·독립성; 제9장 제1절 재정헌정의 기본원칙; 제9장 제2절 조세법정주의·세입질서; 제9장 제7절 공공조달·재정투명성; 제19장 제1절 감사원의 지위·독립성	보존자료/05_비규범자료_보존부록.md:L247	장·절 전체의 대응은 조문별 목적지의 합집합. 원 인용의 실제 대상은 4단계 문맥검토 필요
절	2	제6절: 연방의 영역과 확장	L944–L975	제2장 제8절 연방의 영역·관할·경계; 제12장 제2절 개척영역·관할·편입·연방전속권	보존자료/05_비규범자료_보존부록.md:L256	장·절 전체의 대응은 조문별 목적지의 합집합. 원 인용의 실제 대상은 4단계 문맥검토 필요
절	2	제7절: 연방 신민권	L976–L1083	제3장 제2절 연방 신민·준신민·외국인 및 보호신분; 제3장 제3절 신민권의 취득·변경·상실·정지; 제3장 제4절 복수 신민권·귀화·최고충성; 제3장 제5절 황족·귀족·특수직역의 법적 지위; 제3장 제6절 신민의 공적 의무와 책무; 제3장 제7절 연방의 보호의무와 보호–충성의 상호성; 제3장 제8절 신분등록·신분정보와 권리구제	보존자료/05_비규범자료_보존부록.md:L265	장·절 전체의 대응은 조문별 목적지의 합집합. 원 인용의 실제 대상은 4단계 문맥검토 필요
절	2	제8절: 합동재의	L1084–L1142	제2장 제3절 규범체계·유보·위임입법; 제2장 제5절 기관 간 협력·권한쟁의·합동재의; 제2장 제6절 전자공표·국가기록·디지털 헌정질서	보존자료/05_비규범자료_보존부록.md:L274	장·절 전체의 대응은 조문별 목적지의 합집합. 원 인용의 실제 대상은 4단계 문맥검토 필요
장	3	## 제3장: 중앙 통치 기관; 연방 황실과 황권 승계	L1143–L1532	제4장 제1절 연방 황실의 지위와 헌정기능; 제4장 제2절 황권·재가·황제령 및 형식행위; 제4장 제3절 임명·사면·조정·중재권; 제4장 제4절 황실 재정·윤리·기록; 제4장 제5절 황위 승계·섭정·직무대행; 제4장 제6절 황실 직속기관; 제4장 제7절 황권의 통제·책임·사후심사; 제14장 제1절 비상헌정의 원칙·비상사태의 유형; 제14장 제3절 긴급황제령·비상명령·긴급행정권; 제14장 제4절 기본권 제한·비유보권; 제14장 제5절 총의회 보고·추인·연장·일몰; 제14장 제7절 국가연속성·헌정기관 승계·COG/COOP; 제14장 제10절 종료·복구·사후평가·배상; 제14장 제11절 비상조치의 공표·기록·통지; 제20장 제5절 능력 사용의 제한·금지·공공질서	보존자료/05_비규범자료_보존부록.md:L283	장·절 전체의 대응은 조문별 목적지의 합집합. 원 인용의 실제 대상은 4단계 문맥검토 필요
무번호절·구획	3	연방 황실	L1145–L1369	제4장 제1절 연방 황실의 지위와 헌정기능; 제4장 제2절 황권·재가·황제령 및 형식행위; 제4장 제3절 임명·사면·조정·중재권; 제4장 제4절 황실 재정·윤리·기록; 제4장 제7절 황권의 통제·책임·사후심사; 제14장 제1절 비상헌정의 원칙·비상사태의 유형; 제14장 제3절 긴급황제령·비상명령·긴급행정권; 제14장 제4절 기본권 제한·비유보권; 제14장 제5절 총의회 보고·추인·연장·일몰; 제14장 제7절 국가연속성·헌정기관 승계·COG/COOP; 제14장 제11절 비상조치의 공표·기록·통지; 제20장 제5절 능력 사용의 제한·금지·공공질서	보존자료/05_비규범자료_보존부록.md:L285	장·절 전체의 대응은 조문별 목적지의 합집합. 원 인용의 실제 대상은 4단계 문맥검토 필요
절	3	제2절: 황위 승계	L1370–L1410	제4장 제5절 황위 승계·섭정·직무대행	보존자료/05_비규범자료_보존부록.md:L294	장·절 전체의 대응은 조문별 목적지의 합집합. 원 인용의 실제 대상은 4단계 문맥검토 필요
절	3	제3절: 황실 직속 기관	L1411–L1532	제4장 제2절 황권·재가·황제령 및 형식행위; 제4장 제4절 황실 재정·윤리·기록; 제4장 제5절 황위 승계·섭정·직무대행; 제4장 제6절 황실 직속기관; 제4장 제7절 황권의 통제·책임·사후심사; 제14장 제10절 종료·복구·사후평가·배상	보존자료/05_비규범자료_보존부록.md:L303	장·절 전체의 대응은 조문별 목적지의 합집합. 원 인용의 실제 대상은 4단계 문맥검토 필요
장	4	## 제4장: 행정 기관; 연방 최고평의회와 각부각처	L1533–L2121	제4장 제2절 황권·재가·황제령 및 형식행위; 제4장 제3절 임명·사면·조정·중재권; 제5장 제1절 행정권·최고평의회 총칙; 제5장 제2절 최고평의회의 구성·지위·책임; 제5장 제3절 의장·부의장·위원 및 승계; 제5장 제4절 회의·의결·정책결정; 제5장 제5절 행정입법·위임·발령·공포; 제5장 제6절 각부·각처와 정부조직; 제5장 제7절 독립·준독립·산하기관; 제5장 제8절 행정위원회와 준사법 행정; 제5장 제9절 행정절차·규제·자동결정; 제5장 제10절 권한중첩·합동사무·기관조정; 제5장 제11절 행정연속성·임시권한; 제7장 제9절 헌정·선거·중대공직사건의 신속심리; 제13장 제4절 전쟁선포·교전·강화·휴전; 제14장 제5절 총의회 보고·추인·연장·일몰; 제14장 제10절 종료·복구·사후평가·배상; 제15장 제2절 조약의 체결·비준·국내효력·종료; 제21장 제2절 구 헌정질서·기존 법규의 전환; 제21장 제3절 헌법상 정의·용어	보존자료/05_비규범자료_보존부록.md:L312	장·절 전체의 대응은 조문별 목적지의 합집합. 원 인용의 실제 대상은 4단계 문맥검토 필요
절	4	제1절: 총칙·통치행위	L1535–L1602	제4장 제2절 황권·재가·황제령 및 형식행위; 제4장 제3절 임명·사면·조정·중재권; 제5장 제1절 행정권·최고평의회 총칙; 제21장 제3절 헌법상 정의·용어	보존자료/05_비규범자료_보존부록.md:L314	장·절 전체의 대응은 조문별 목적지의 합집합. 원 인용의 실제 대상은 4단계 문맥검토 필요
절	4	제2절: 연방 최고평의회의 구성·지위·책임	L1603–L1716	제5장 제2절 최고평의회의 구성·지위·책임; 제5장 제3절 의장·부의장·위원 및 승계	보존자료/05_비규범자료_보존부록.md:L323	장·절 전체의 대응은 조문별 목적지의 합집합. 원 인용의 실제 대상은 4단계 문맥검토 필요
절	4	제3절: 평의회 회의·의결·입법 연계	L1717–L1744	제5장 제4절 회의·의결·정책결정; 제5장 제5절 행정입법·위임·발령·공포	보존자료/05_비규범자료_보존부록.md:L332	장·절 전체의 대응은 조문별 목적지의 합집합. 원 인용의 실제 대상은 4단계 문맥검토 필요
절	4	제4절: 발령·공포·위임·시행	L1745–L1769	제5장 제5절 행정입법·위임·발령·공포	보존자료/05_비규범자료_보존부록.md:L341	장·절 전체의 대응은 조문별 목적지의 합집합. 원 인용의 실제 대상은 4단계 문맥검토 필요
절	4	제5절: 정보·조약·사후통제	L1770–L1796	제5장 제5절 행정입법·위임·발령·공포; 제5장 제9절 행정절차·규제·자동결정; 제15장 제2절 조약의 체결·비준·국내효력·종료	보존자료/05_비규범자료_보존부록.md:L350	장·절 전체의 대응은 조문별 목적지의 합집합. 원 인용의 실제 대상은 4단계 문맥검토 필요
절	4	제6절: 비상·전쟁·계엄	L1797–L1820	제13장 제4절 전쟁선포·교전·강화·휴전; 제14장 제5절 총의회 보고·추인·연장·일몰	보존자료/05_비규범자료_보존부록.md:L359	장·절 전체의 대응은 조문별 목적지의 합집합. 원 인용의 실제 대상은 4단계 문맥검토 필요
절	4	제7절: 특수사건 배당	L1821–L1828	제7장 제9절 헌정·선거·중대공직사건의 신속심리	보존자료/05_비규범자료_보존부록.md:L368	장·절 전체의 대응은 조문별 목적지의 합집합. 원 인용의 실제 대상은 4단계 문맥검토 필요
절	4	제8절: 각부·각처 체계	L1829–L1855	제5장 제6절 각부·각처와 정부조직	보존자료/05_비규범자료_보존부록.md:L377	장·절 전체의 대응은 조문별 목적지의 합집합. 원 인용의 실제 대상은 4단계 문맥검토 필요
절	4	제9절: 행정 수행 특칙	L1856–L1873	제5장 제9절 행정절차·규제·자동결정	보존자료/05_비규범자료_보존부록.md:L386	장·절 전체의 대응은 조문별 목적지의 합집합. 원 인용의 실제 대상은 4단계 문맥검토 필요
절	4	제10절: 독립·준독립 기관	L1874–L1899	제5장 제7절 독립·준독립·산하기관	보존자료/05_비규범자료_보존부록.md:L395	장·절 전체의 대응은 조문별 목적지의 합집합. 원 인용의 실제 대상은 4단계 문맥검토 필요
절	4	제11절: 산하기관 공통 규정	L1900–L1989	제5장 제7절 독립·준독립·산하기관; 제5장 제9절 행정절차·규제·자동결정; 제5장 제10절 권한중첩·합동사무·기관조정	보존자료/05_비규범자료_보존부록.md:L404	장·절 전체의 대응은 조문별 목적지의 합집합. 원 인용의 실제 대상은 4단계 문맥검토 필요
절	4	제12절: 행정위원회형 기관	L1990–L2035	제5장 제8절 행정위원회와 준사법 행정	보존자료/05_비규범자료_보존부록.md:L413	장·절 전체의 대응은 조문별 목적지의 합집합. 원 인용의 실제 대상은 4단계 문맥검토 필요
절	4	제13절: 권한 중첩·분쟁 조정 및 독립기관과의 관계	L2036–L2066	제5장 제10절 권한중첩·합동사무·기관조정	보존자료/05_비규범자료_보존부록.md:L422	장·절 전체의 대응은 조문별 목적지의 합집합. 원 인용의 실제 대상은 4단계 문맥검토 필요
절	4	제14절: 비상시 산하기관 임시권한	L2067–L2087	제5장 제11절 행정연속성·임시권한; 제14장 제10절 종료·복구·사후평가·배상	보존자료/05_비규범자료_보존부록.md:L431	장·절 전체의 대응은 조문별 목적지의 합집합. 원 인용의 실제 대상은 4단계 문맥검토 필요
무번호절·구획	4	부칙	L2088–L2121	제21장 제2절 구 헌정질서·기존 법규의 전환	보존자료/05_비규범자료_보존부록.md:L440	장·절 전체의 대응은 조문별 목적지의 합집합. 원 인용의 실제 대상은 4단계 문맥검토 필요
장	5	## 제5장: 입법 기관; 연방 총의회와 연방 상원 및 하원 의회	L2122–L2535	제6장 제1절 연방 의회 총칙·구성; 제6장 제2절 각 원의 조직·회기·운영; 제6장 제3절 의안제출과 입법절차; 제6장 제4절 양원조정·합동의회·합동재의; 제6장 제5절 예산·조세입법과 재정통제; 제6장 제6절 재가·공포·전자입법; 제6장 제7절 조사·감시·윤리; 제6장 제8절 의회자율권·규칙·내부분쟁; 제9장 제4절 예산의 심의·확정·임시재정; 제14장 제5절 총의회 보고·추인·연장·일몰; 제21장 제4절 별표·인용·상호참조 원칙	보존자료/05_비규범자료_보존부록.md:L448	장·절 전체의 대응은 조문별 목적지의 합집합. 원 인용의 실제 대상은 4단계 문맥검토 필요
절	5	제1절: 연방 의회 총칙·구성	L2124–L2176	제6장 제1절 연방 의회 총칙·구성; 제6장 제4절 양원조정·합동의회·합동재의	보존자료/05_비규범자료_보존부록.md:L450	장·절 전체의 대응은 조문별 목적지의 합집합. 원 인용의 실제 대상은 4단계 문맥검토 필요
절	5	제2절: 연방 의회의 조직과 운영	L2177–L2246	제6장 제2절 각 원의 조직·회기·운영; 제6장 제3절 의안제출과 입법절차; 제6장 제4절 양원조정·합동의회·합동재의	보존자료/05_비규범자료_보존부록.md:L459	장·절 전체의 대응은 조문별 목적지의 합집합. 원 인용의 실제 대상은 4단계 문맥검토 필요
절	5	제3절: 입법 절차	L2247–L2420	제6장 제3절 의안제출과 입법절차; 제6장 제5절 예산·조세입법과 재정통제; 제6장 제7절 조사·감시·윤리; 제9장 제4절 예산의 심의·확정·임시재정; 제14장 제5절 총의회 보고·추인·연장·일몰	보존자료/05_비규범자료_보존부록.md:L468	장·절 전체의 대응은 조문별 목적지의 합집합. 원 인용의 실제 대상은 4단계 문맥검토 필요
절	5	제4절: 재가·공포·전자입법	L2421–L2447	제6장 제6절 재가·공포·전자입법	보존자료/05_비규범자료_보존부록.md:L477	장·절 전체의 대응은 조문별 목적지의 합집합. 원 인용의 실제 대상은 4단계 문맥검토 필요
절	5	제5절: 감사·감시·윤리·분쟁조정 규칙	L2448–L2535	제6장 제7절 조사·감시·윤리; 제6장 제8절 의회자율권·규칙·내부분쟁; 제21장 제4절 별표·인용·상호참조 원칙	보존자료/05_비규범자료_보존부록.md:L486	장·절 전체의 대응은 조문별 목적지의 합집합. 원 인용의 실제 대상은 4단계 문맥검토 필요
장	6	## 제6장: 사법 기관; 연방 대법원과 헌법 심사	L2536–L3214	제7장 제1절 사법권·사법독립 총칙; 제7장 제2절 대법원·헌법원의 지위·관계·관할; 제7장 제3절 연방 법원체계와 심급; 제7장 제4절 헌법재판·위헌심사·권한쟁의; 제7장 제5절 재판의 기본원칙·사법접근; 제7장 제6절 판례·상고허가·전원합의체; 제7장 제7절 사법자치·법관인사·윤리; 제7장 제8절 수사·소추와 사법권의 경계; 제7장 제9절 헌정·선거·중대공직사건의 신속심리; 제13장 제7절 군사사법·복무자의 권리; 제14장 제6절 헌법원·법원의 비상사법통제; 제17장 제2절 개헌발의·헌법원 사전심사; 제21장 제1절 시행·경과규정	보존자료/05_비규범자료_보존부록.md:L495	장·절 전체의 대응은 조문별 목적지의 합집합. 원 인용의 실제 대상은 4단계 문맥검토 필요
절	6	제1절: 사법 총칙	L2538–L2576	제7장 제1절 사법권·사법독립 총칙; 제7장 제2절 대법원·헌법원의 지위·관계·관할	보존자료/05_비규범자료_보존부록.md:L497	장·절 전체의 대응은 조문별 목적지의 합집합. 원 인용의 실제 대상은 4단계 문맥검토 필요
절	6	제2절: 관할과 배당	L2577–L2748	제7장 제2절 대법원·헌법원의 지위·관계·관할; 제7장 제9절 헌정·선거·중대공직사건의 신속심리	보존자료/05_비규범자료_보존부록.md:L506	장·절 전체의 대응은 조문별 목적지의 합집합. 원 인용의 실제 대상은 4단계 문맥검토 필요
절	6	제3절: 연방 법원의 체계와 심급	L2749–L2768	제7장 제3절 연방 법원체계와 심급	보존자료/05_비규범자료_보존부록.md:L515	장·절 전체의 대응은 조문별 목적지의 합집합. 원 인용의 실제 대상은 4단계 문맥검토 필요
절	6	제4절: 헌법심사와 일반심의의 위계·기속	L2769–L2873	제7장 제2절 대법원·헌법원의 지위·관계·관할; 제7장 제4절 헌법재판·위헌심사·권한쟁의; 제17장 제2절 개헌발의·헌법원 사전심사	보존자료/05_비규범자료_보존부록.md:L524	장·절 전체의 대응은 조문별 목적지의 합집합. 원 인용의 실제 대상은 4단계 문맥검토 필요
절	6	제5절: 재판의 기본 원칙	L2874–L2958	제7장 제5절 재판의 기본원칙·사법접근	보존자료/05_비규범자료_보존부록.md:L533	장·절 전체의 대응은 조문별 목적지의 합집합. 원 인용의 실제 대상은 4단계 문맥검토 필요
절	6	제6절: 판례의 기속과 전원합의체·상고허가	L2959–L3022	제7장 제6절 판례·상고허가·전원합의체	보존자료/05_비규범자료_보존부록.md:L542	장·절 전체의 대응은 조문별 목적지의 합집합. 원 인용의 실제 대상은 4단계 문맥검토 필요
절	6	제7절: 사법자치와 조직의 독립·윤리	L3023–L3165	제7장 제2절 대법원·헌법원의 지위·관계·관할; 제7장 제3절 연방 법원체계와 심급; 제7장 제5절 재판의 기본원칙·사법접근; 제7장 제6절 판례·상고허가·전원합의체; 제7장 제7절 사법자치·법관인사·윤리; 제7장 제8절 수사·소추와 사법권의 경계; 제13장 제7절 군사사법·복무자의 권리; 제14장 제6절 헌법원·법원의 비상사법통제	보존자료/05_비규범자료_보존부록.md:L551	장·절 전체의 대응은 조문별 목적지의 합집합. 원 인용의 실제 대상은 4단계 문맥검토 필요
절	6	제8절: 수사·소추와의 분리 및 전자사법	L3166–L3214	제7장 제3절 연방 법원체계와 심급; 제7장 제5절 재판의 기본원칙·사법접근; 제7장 제8절 수사·소추와 사법권의 경계; 제21장 제1절 시행·경과규정	보존자료/05_비규범자료_보존부록.md:L560	장·절 전체의 대응은 조문별 목적지의 합집합. 원 인용의 실제 대상은 4단계 문맥검토 필요
장	7	## 제7장: 경제 기관; 연방 준비 기금과 연방 재정	L3215–L3872	제8장 제1절 준비기금의 지위·목적·독립성; 제8장 제2절 기금위원회·의장·거버넌스; 제8장 제3절 통화·신용·거시건전성; 제8장 제4절 법정통화·발권·지급결제·CBDC; 제8장 제5절 금융안정·시장인프라; 제8장 제6절 투명성·책임·감사; 제8장 제7절 비상·특별 금융권한; 제8장 제8절 국제통화·금융협력; 제9장 제1절 재정헌정의 기본원칙; 제9장 제2절 조세법정주의·세입질서; 제9장 제3절 예산의 편성·제출; 제9장 제4절 예산의 심의·확정·임시재정; 제9장 제5절 재정준칙·국채·국가신용; 제9장 제6절 재정–통화정책 조정; 제9장 제7절 공공조달·재정투명성; 제9장 제8절 결산·성과·재정감사; 제14장 제9절 정보·능력·종교·경제 분야 비상특례; 제14장 제10절 종료·복구·사후평가·배상; 제21장 제1절 시행·경과규정; 제21장 제3절 헌법상 정의·용어	보존자료/05_비규범자료_보존부록.md:L569	장·절 전체의 대응은 조문별 목적지의 합집합. 원 인용의 실제 대상은 4단계 문맥검토 필요
절	7	제1절: 연방 준비 기금의 정체·거버넌스	L3217–L3492	제8장 제1절 준비기금의 지위·목적·독립성; 제8장 제2절 기금위원회·의장·거버넌스; 제8장 제5절 금융안정·시장인프라; 제8장 제6절 투명성·책임·감사; 제8장 제7절 비상·특별 금융권한; 제9장 제3절 예산의 편성·제출; 제9장 제4절 예산의 심의·확정·임시재정; 제14장 제9절 정보·능력·종교·경제 분야 비상특례; 제14장 제10절 종료·복구·사후평가·배상; 제21장 제3절 헌법상 정의·용어	보존자료/05_비규범자료_보존부록.md:L571	장·절 전체의 대응은 조문별 목적지의 합집합. 원 인용의 실제 대상은 4단계 문맥검토 필요
절	7	제2절: 통화·거시정책 수단과 운용 루프	L3493–L3531	제8장 제3절 통화·신용·거시건전성	보존자료/05_비규범자료_보존부록.md:L580	장·절 전체의 대응은 조문별 목적지의 합집합. 원 인용의 실제 대상은 4단계 문맥검토 필요
절	7	제3절: 지급결제·금융시장 인프라	L3532–L3620	제8장 제4절 법정통화·발권·지급결제·CBDC; 제8장 제5절 금융안정·시장인프라; 제8장 제8절 국제통화·금융협력; 제9장 제2절 조세법정주의·세입질서	보존자료/05_비규범자료_보존부록.md:L589	장·절 전체의 대응은 조문별 목적지의 합집합. 원 인용의 실제 대상은 4단계 문맥검토 필요
절	7	제4절: 투명성·감사·의회 통제	L3621–L3696	제8장 제6절 투명성·책임·감사; 제9장 제7절 공공조달·재정투명성	보존자료/05_비규범자료_보존부록.md:L598	장·절 전체의 대응은 조문별 목적지의 합집합. 원 인용의 실제 대상은 4단계 문맥검토 필요
절	7	제5절: 재정·거시공조	L3697–L3839	제8장 제6절 투명성·책임·감사; 제9장 제1절 재정헌정의 기본원칙; 제9장 제3절 예산의 편성·제출; 제9장 제4절 예산의 심의·확정·임시재정; 제9장 제5절 재정준칙·국채·국가신용; 제9장 제6절 재정–통화정책 조정; 제9장 제8절 결산·성과·재정감사	보존자료/05_비규범자료_보존부록.md:L607	장·절 전체의 대응은 조문별 목적지의 합집합. 원 인용의 실제 대상은 4단계 문맥검토 필요
무번호절·구획	7	부칙	L3840–L3872	제21장 제1절 시행·경과규정	보존자료/05_비규범자료_보존부록.md:L616	장·절 전체의 대응은 조문별 목적지의 합집합. 원 인용의 실제 대상은 4단계 문맥검토 필요
장	8	## 제8장: 종교 기관; 제국도교 중앙교구와 종교	L3873–L4658	제10장 제1절 국교·신앙의 자유·협력적 분리; 제10장 제2절 중앙교구의 헌정적 지위·자치; 제10장 제3절 교계 조직·지도자·콘클라베; 제10장 제4절 종교법·종교법원·칙례; 제10장 제5절 신앙정보·종교인권·취약계층 보호; 제10장 제6절 종교의 사회기능·교육·선교·대외협력; 제10장 제7절 성지·성물·문화유산; 제10장 제8절 국가–교구 관계·재정·감사·헌정통제; 제14장 제9절 정보·능력·종교·경제 분야 비상특례; 제21장 제1절 시행·경과규정	보존자료/05_비규범자료_보존부록.md:L625	장·절 전체의 대응은 조문별 목적지의 합집합. 원 인용의 실제 대상은 4단계 문맥검토 필요
절	8	제1절: 총칙	L3875–L3955	제10장 제1절 국교·신앙의 자유·협력적 분리; 제10장 제8절 국가–교구 관계·재정·감사·헌정통제	보존자료/05_비규범자료_보존부록.md:L627	장·절 전체의 대응은 조문별 목적지의 합집합. 원 인용의 실제 대상은 4단계 문맥검토 필요
절	8	제2절: 제국도교 중앙교구의 지위 및 구성	L3956–L4108	제10장 제2절 중앙교구의 헌정적 지위·자치; 제10장 제3절 교계 조직·지도자·콘클라베; 제10장 제4절 종교법·종교법원·칙례; 제10장 제8절 국가–교구 관계·재정·감사·헌정통제	보존자료/05_비규범자료_보존부록.md:L636	장·절 전체의 대응은 조문별 목적지의 합집합. 원 인용의 실제 대상은 4단계 문맥검토 필요
절	8	제3절: 교구 준칙	L4109–L4190	제10장 제4절 종교법·종교법원·칙례; 제10장 제5절 신앙정보·종교인권·취약계층 보호; 제10장 제8절 국가–교구 관계·재정·감사·헌정통제	보존자료/05_비규범자료_보존부록.md:L645	장·절 전체의 대응은 조문별 목적지의 합집합. 원 인용의 실제 대상은 4단계 문맥검토 필요
절	8	제4절: 교리·교칙·의례·성직	L4191–L4225	제10장 제3절 교계 조직·지도자·콘클라베; 제10장 제4절 종교법·종교법원·칙례	보존자료/05_비규범자료_보존부록.md:L654	장·절 전체의 대응은 조문별 목적지의 합집합. 원 인용의 실제 대상은 4단계 문맥검토 필요
절	8	제5절: 대외·사회 기능	L4226–L4450	제10장 제5절 신앙정보·종교인권·취약계층 보호; 제10장 제6절 종교의 사회기능·교육·선교·대외협력; 제10장 제7절 성지·성물·문화유산	보존자료/05_비규범자료_보존부록.md:L663	장·절 전체의 대응은 조문별 목적지의 합집합. 원 인용의 실제 대상은 4단계 문맥검토 필요
절	8	제6절: 전자공개·기술·비상	L4451–L4530	제10장 제4절 종교법·종교법원·칙례; 제10장 제5절 신앙정보·종교인권·취약계층 보호; 제10장 제8절 국가–교구 관계·재정·감사·헌정통제; 제14장 제9절 정보·능력·종교·경제 분야 비상특례	보존자료/05_비규범자료_보존부록.md:L672	장·절 전체의 대응은 조문별 목적지의 합집합. 원 인용의 실제 대상은 4단계 문맥검토 필요
절	8	제7절: 교차·위임·부칙	L4531–L4658	제10장 제4절 종교법·종교법원·칙례; 제10장 제5절 신앙정보·종교인권·취약계층 보호; 제10장 제8절 국가–교구 관계·재정·감사·헌정통제; 제21장 제1절 시행·경과규정	보존자료/05_비규범자료_보존부록.md:L681	장·절 전체의 대응은 조문별 목적지의 합집합. 원 인용의 실제 대상은 4단계 문맥검토 필요
장	9	## 제9장: 지방 기관; 연방 정부와 지방 정부 그리고 자치권	L4659–L5273	제11장 제1절 지방체제·자치의 기본원칙; 제11장 제2절 자치단위의 종류·지위·자치헌장; 제11장 제3절 연방–자치 권한배분·보충성·연방우월; 제11장 제4절 자치입법·행정·사법권; 제11장 제5절 지방재정·조세·재정조정; 제11장 제6절 지방선거·주민참여·직접절차; 제11장 제7절 자치단위 간 협력·광역거버넌스; 제11장 제8절 연방감독·감사·자치권 구제; 제11장 제9절 자치권의 정지·개입·복구; 제11장 제10절 경계·합병·분할·관할분쟁; 제12장 제2절 개척영역·관할·편입·연방전속권; 제12장 제3절 정착사회·현지사회·과도기 대표성; 제14장 제8절 연방–지방 비상권·행정대행; 제21장 제2절 구 헌정질서·기존 법규의 전환	보존자료/05_비규범자료_보존부록.md:L690	장·절 전체의 대응은 조문별 목적지의 합집합. 원 인용의 실제 대상은 4단계 문맥검토 필요
무번호절·구획	9	총칙	L4661–L4799	제11장 제1절 지방체제·자치의 기본원칙; 제11장 제2절 자치단위의 종류·지위·자치헌장; 제11장 제3절 연방–자치 권한배분·보충성·연방우월; 제11장 제5절 지방재정·조세·재정조정; 제11장 제9절 자치권의 정지·개입·복구; 제12장 제2절 개척영역·관할·편입·연방전속권; 제12장 제3절 정착사회·현지사회·과도기 대표성	보존자료/05_비규범자료_보존부록.md:L692	장·절 전체의 대응은 조문별 목적지의 합집합. 원 인용의 실제 대상은 4단계 문맥검토 필요
절	9	제2절: 권한 배분의 체계	L4800–L4836	제11장 제3절 연방–자치 권한배분·보충성·연방우월	보존자료/05_비규범자료_보존부록.md:L701	장·절 전체의 대응은 조문별 목적지의 합집합. 원 인용의 실제 대상은 4단계 문맥검토 필요
절	9	제3절: 자치의 권능	L4837–L4980	제11장 제4절 자치입법·행정·사법권; 제11장 제5절 지방재정·조세·재정조정; 제11장 제6절 지방선거·주민참여·직접절차	보존자료/05_비규범자료_보존부록.md:L710	장·절 전체의 대응은 조문별 목적지의 합집합. 원 인용의 실제 대상은 4단계 문맥검토 필요
절	9	제4절: 협력과 주민참여	L4981–L5059	제11장 제6절 지방선거·주민참여·직접절차; 제11장 제7절 자치단위 간 협력·광역거버넌스	보존자료/05_비규범자료_보존부록.md:L719	장·절 전체의 대응은 조문별 목적지의 합집합. 원 인용의 실제 대상은 4단계 문맥검토 필요
절	9	제5절: 감독·감사	L5060–L5120	제11장 제8절 연방감독·감사·자치권 구제	보존자료/05_비규범자료_보존부록.md:L728	장·절 전체의 대응은 조문별 목적지의 합집합. 원 인용의 실제 대상은 4단계 문맥검토 필요
절	9	제6절: 비상·질서 유지	L5121–L5173	제11장 제9절 자치권의 정지·개입·복구; 제14장 제8절 연방–지방 비상권·행정대행	보존자료/05_비규범자료_보존부록.md:L737	장·절 전체의 대응은 조문별 목적지의 합집합. 원 인용의 실제 대상은 4단계 문맥검토 필요
절	9	제7절: 경계·분쟁	L5174–L5238	제11장 제10절 경계·합병·분할·관할분쟁	보존자료/05_비규범자료_보존부록.md:L746	장·절 전체의 대응은 조문별 목적지의 합집합. 원 인용의 실제 대상은 4단계 문맥검토 필요
절	9	제8절: 정보공개·표준	L5239–L5259	제11장 제4절 자치입법·행정·사법권	보존자료/05_비규범자료_보존부록.md:L755	장·절 전체의 대응은 조문별 목적지의 합집합. 원 인용의 실제 대상은 4단계 문맥검토 필요
절	9	제9절: 부칙	L5260–L5273	제21장 제2절 구 헌정질서·기존 법규의 전환	보존자료/05_비규범자료_보존부록.md:L764	장·절 전체의 대응은 조문별 목적지의 합집합. 원 인용의 실제 대상은 4단계 문맥검토 필요
장	10	## 제10장: 개척 기관; 심우주 개척과 연방 식민지 및 자치령	L5274–L6017	제12장 제1절 총칙·정의; 제12장 제2절 개척영역·관할·편입·연방전속권; 제12장 제3절 정착사회·현지사회·과도기 대표성; 제12장 제4절 검역·환경·자원·행성보호; 제12장 제5절 치안·집행·우주사법관할; 제12장 제6절 항행·관문·전략 우주인프라; 제12장 제7절 성계권역주·개척행정기관; 제12장 제8절 개척계획·재정·인력·영역확장; 제12장 제9절 분쟁·보상·편입전환; 제21장 제3절 헌법상 정의·용어	보존자료/05_비규범자료_보존부록.md:L773	장·절 전체의 대응은 조문별 목적지의 합집합. 원 인용의 실제 대상은 4단계 문맥검토 필요
절	10	제1절: 총칙·정의	L5276–L5359	제12장 제1절 총칙·정의; 제12장 제2절 개척영역·관할·편입·연방전속권; 제12장 제6절 항행·관문·전략 우주인프라	보존자료/05_비규범자료_보존부록.md:L775	장·절 전체의 대응은 조문별 목적지의 합집합. 원 인용의 실제 대상은 4단계 문맥검토 필요
절	10	제2절: 검역·환경·자원·표준	L5360–L5428	제12장 제1절 총칙·정의; 제12장 제4절 검역·환경·자원·행성보호	보존자료/05_비규범자료_보존부록.md:L784	장·절 전체의 대응은 조문별 목적지의 합집합. 원 인용의 실제 대상은 4단계 문맥검토 필요
절	10	제3절: 자치단위의 민간·현지 사회	L5429–L5460	제12장 제3절 정착사회·현지사회·과도기 대표성	보존자료/05_비규범자료_보존부록.md:L793	장·절 전체의 대응은 조문별 목적지의 합집합. 원 인용의 실제 대상은 4단계 문맥검토 필요
절	10	제4절: 안보·치안·집행	L5461–L5547	제12장 제5절 치안·집행·우주사법관할	보존자료/05_비규범자료_보존부록.md:L802	장·절 전체의 대응은 조문별 목적지의 합집합. 원 인용의 실제 대상은 4단계 문맥검토 필요
절	10	제5절: 분쟁·사법	L5548–L5570	제12장 제2절 개척영역·관할·편입·연방전속권; 제12장 제9절 분쟁·보상·편입전환	보존자료/05_비규범자료_보존부록.md:L811	장·절 전체의 대응은 조문별 목적지의 합집합. 원 인용의 실제 대상은 4단계 문맥검토 필요
절	10	제6절: 항행·관문	L5571–L5736	제12장 제3절 정착사회·현지사회·과도기 대표성; 제12장 제4절 검역·환경·자원·행성보호; 제12장 제6절 항행·관문·전략 우주인프라; 제12장 제7절 성계권역주·개척행정기관	보존자료/05_비규범자료_보존부록.md:L820	장·절 전체의 대응은 조문별 목적지의 합집합. 원 인용의 실제 대상은 4단계 문맥검토 필요
절	10	제8절: 항행·인프라 계획	L5737–L5869	제12장 제6절 항행·관문·전략 우주인프라; 제12장 제8절 개척계획·재정·인력·영역확장	보존자료/05_비규범자료_보존부록.md:L829	장·절 전체의 대응은 조문별 목적지의 합집합. 원 인용의 실제 대상은 4단계 문맥검토 필요
절	10	제9절: 전환·부칙	L5870–L6017	제12장 제9절 분쟁·보상·편입전환; 제21장 제3절 헌법상 정의·용어	보존자료/05_비규범자료_보존부록.md:L838	장·절 전체의 대응은 조문별 목적지의 합집합. 원 인용의 실제 대상은 4단계 문맥검토 필요
장	11	## 제11장: 방위 기관; 국가 방위와 국가 안보, 국가 비상 사태	L6018–L6674	제3장 제1절 헌법적 인격과 권리주체; 제9장 제7절 공공조달·재정투명성; 제12장 제4절 검역·환경·자원·행성보호; 제12장 제5절 치안·집행·우주사법관할; 제13장 제1절 국가방위의 기본원칙; 제13장 제2절 황제의 최고통수권·군사지휘체계; 제13장 제3절 연방군·합동지휘·군사기관; 제13장 제4절 전쟁선포·교전·강화·휴전; 제13장 제5절 동원·징발·방위자원; 제13장 제6절 군사안보·사이버·비전통 군사위협; 제13장 제8절 민간보호·전쟁피해·전시책임; 제13장 제9절 동맹·연합작전·대외군사협력; 제14장 제1절 비상헌정의 원칙·비상사태의 유형; 제14장 제2절 비상사태의 선언·등급·발동; 제14장 제3절 긴급황제령·비상명령·긴급행정권; 제14장 제4절 기본권 제한·비유보권; 제14장 제5절 총의회 보고·추인·연장·일몰; 제14장 제7절 국가연속성·헌정기관 승계·COG/COOP; 제14장 제9절 정보·능력·종교·경제 분야 비상특례; 제14장 제11절 비상조치의 공표·기록·통지; 제15장 제5절 공관·영사·재외신민; 제15장 제6절 제재·수출통제·대외규제; 제18장 제5절 사이버·기술·핵심인프라 보안; 제18장 제8절 민주적·사법적·감사통제와 공개; 제21장 제4절 별표·인용·상호참조 원칙	보존자료/05_비규범자료_보존부록.md:L847	장·절 전체의 대응은 조문별 목적지의 합집합. 원 인용의 실제 대상은 4단계 문맥검토 필요
절	11	제1절: 총칙·정의·구조	L6020–L6115	제3장 제1절 헌법적 인격과 권리주체; 제13장 제1절 국가방위의 기본원칙; 제14장 제1절 비상헌정의 원칙·비상사태의 유형; 제14장 제2절 비상사태의 선언·등급·발동; 제21장 제4절 별표·인용·상호참조 원칙	보존자료/05_비규범자료_보존부록.md:L849	장·절 전체의 대응은 조문별 목적지의 합집합. 원 인용의 실제 대상은 4단계 문맥검토 필요
절	11	제2절: 지휘·통제·선포·명령의 체계	L6116–L6217	제13장 제2절 황제의 최고통수권·군사지휘체계; 제13장 제4절 전쟁선포·교전·강화·휴전; 제14장 제1절 비상헌정의 원칙·비상사태의 유형; 제14장 제2절 비상사태의 선언·등급·발동; 제14장 제3절 긴급황제령·비상명령·긴급행정권; 제14장 제7절 국가연속성·헌정기관 승계·COG/COOP; 제18장 제8절 민주적·사법적·감사통제와 공개	보존자료/05_비규범자료_보존부록.md:L858	장·절 전체의 대응은 조문별 목적지의 합집합. 원 인용의 실제 대상은 4단계 문맥검토 필요
절	11	제3절: 합동상황실 및 경보체계	L6218–L6264	제13장 제3절 연방군·합동지휘·군사기관; 제14장 제7절 국가연속성·헌정기관 승계·COG/COOP; 제14장 제11절 비상조치의 공표·기록·통지	보존자료/05_비규범자료_보존부록.md:L867	장·절 전체의 대응은 조문별 목적지의 합집합. 원 인용의 실제 대상은 4단계 문맥검토 필요
절	11	제4절: 보고·추인·일몰·권리·동원	L6265–L6374	제12장 제4절 검역·환경·자원·행성보호; 제13장 제5절 동원·징발·방위자원; 제14장 제4절 기본권 제한·비유보권; 제14장 제5절 총의회 보고·추인·연장·일몰; 제15장 제5절 공관·영사·재외신민	보존자료/05_비규범자료_보존부록.md:L876	장·절 전체의 대응은 조문별 목적지의 합집합. 원 인용의 실제 대상은 4단계 문맥검토 필요
절	11	제5절: 경보·공개·특례	L6375–L6507	제12장 제5절 치안·집행·우주사법관할; 제13장 제4절 전쟁선포·교전·강화·휴전; 제13장 제6절 군사안보·사이버·비전통 군사위협; 제13장 제9절 동맹·연합작전·대외군사협력; 제14장 제9절 정보·능력·종교·경제 분야 비상특례; 제14장 제11절 비상조치의 공표·기록·통지; 제18장 제5절 사이버·기술·핵심인프라 보안	보존자료/05_비규범자료_보존부록.md:L885	장·절 전체의 대응은 조문별 목적지의 합집합. 원 인용의 실제 대상은 4단계 문맥검토 필요
절	11	제6절: 합동작전·기관·기구구	L6508–L6635	제9장 제7절 공공조달·재정투명성; 제13장 제3절 연방군·합동지휘·군사기관; 제13장 제5절 동원·징발·방위자원; 제13장 제8절 민간보호·전쟁피해·전시책임; 제14장 제7절 국가연속성·헌정기관 승계·COG/COOP	보존자료/05_비규범자료_보존부록.md:L894	장·절 전체의 대응은 조문별 목적지의 합집합. 원 인용의 실제 대상은 4단계 문맥검토 필요
절	11	제7절: 재정·조달·사법	L6636–L6674	제13장 제1절 국가방위의 기본원칙; 제14장 제5절 총의회 보고·추인·연장·일몰; 제14장 제7절 국가연속성·헌정기관 승계·COG/COOP; 제15장 제6절 제재·수출통제·대외규제	보존자료/05_비규범자료_보존부록.md:L903	장·절 전체의 대응은 조문별 목적지의 합집합. 원 인용의 실제 대상은 4단계 문맥검토 필요
장	12	## 제12장: 외교 기관; 국외 주체와의 조약 및 외교	L6675–L7622	제14장 제10절 종료·복구·사후평가·배상; 제15장 제1절 외교권·국가대표·조약 총칙; 제15장 제2절 조약의 체결·비준·국내효력·종료; 제15장 제3절 안보·동맹·집단방위; 제15장 제4절 경제·통상·투자외교; 제15장 제5절 공관·영사·재외신민; 제15장 제6절 제재·수출통제·대외규제; 제15장 제7절 국제공조·비밀외교; 제21장 제3절 헌법상 정의·용어	보존자료/05_비규범자료_보존부록.md:L912	장·절 전체의 대응은 조문별 목적지의 합집합. 원 인용의 실제 대상은 4단계 문맥검토 필요
절	12	제1절: 외교·조약 총칙	L6677–L6771	제15장 제1절 외교권·국가대표·조약 총칙; 제15장 제2절 조약의 체결·비준·국내효력·종료	보존자료/05_비규범자료_보존부록.md:L914	장·절 전체의 대응은 조문별 목적지의 합집합. 원 인용의 실제 대상은 4단계 문맥검토 필요
절	12	제2절: 체결·이행·종료	L6772–L7148	제15장 제2절 조약의 체결·비준·국내효력·종료; 제15장 제4절 경제·통상·투자외교	보존자료/05_비규범자료_보존부록.md:L923	장·절 전체의 대응은 조문별 목적지의 합집합. 원 인용의 실제 대상은 4단계 문맥검토 필요
절	12	제3절: 안보·동맹	L7149–L7204	제15장 제3절 안보·동맹·집단방위	보존자료/05_비규범자료_보존부록.md:L932	장·절 전체의 대응은 조문별 목적지의 합집합. 원 인용의 실제 대상은 4단계 문맥검토 필요
절	12	제4절: 경제·통상·투자	L7205–L7263	제15장 제4절 경제·통상·투자외교	보존자료/05_비규범자료_보존부록.md:L941	장·절 전체의 대응은 조문별 목적지의 합집합. 원 인용의 실제 대상은 4단계 문맥검토 필요
절	12	제5절: 영사·공관·재외신민	L7264–L7347	제15장 제5절 공관·영사·재외신민; 제15장 제7절 국제공조·비밀외교	보존자료/05_비규범자료_보존부록.md:L950	장·절 전체의 대응은 조문별 목적지의 합집합. 원 인용의 실제 대상은 4단계 문맥검토 필요
절	12	제6절: 제재·통제·규제 대응	L7348–L7413	제15장 제6절 제재·수출통제·대외규제	보존자료/05_비규범자료_보존부록.md:L959	장·절 전체의 대응은 조문별 목적지의 합집합. 원 인용의 실제 대상은 4단계 문맥검토 필요
절	12	제7절: 국제공조·비밀외교	L7414–L7622	제14장 제10절 종료·복구·사후평가·배상; 제15장 제2절 조약의 체결·비준·국내효력·종료; 제15장 제7절 국제공조·비밀외교; 제21장 제3절 헌법상 정의·용어	보존자료/05_비규범자료_보존부록.md:L968	장·절 전체의 대응은 조문별 목적지의 합집합. 원 인용의 실제 대상은 4단계 문맥검토 필요
장	13	## 제13장: 선거 기관; 선거 제도 및 신민 참정권, 국내 정당 제도	L7623–L8919	제6장 제2절 각 원의 조직·회기·운영; 제6장 제7절 조사·감시·윤리; 제14장 제9절 정보·능력·종교·경제 분야 비상특례; 제16장 제1절 연방 선거감독청; 제16장 제2절 선거권·피선거권·선거 기본원칙; 제16장 제3절 선거관리·투개표·보안·투명성; 제16장 제4절 최고평의회 의장·부의장 선거; 제16장 제5절 상원·하원 선거; 제16장 제6절 자치단위·기타 헌정선거; 제16장 제7절 신민투표·신민발안·청원; 제16장 제8절 정당·정치적 결사; 제16장 제9절 선거운동·언론·정치자금·윤리; 제16장 제10절 선거분쟁·위법행위·사법통제	보존자료/05_비규범자료_보존부록.md:L977	장·절 전체의 대응은 조문별 목적지의 합집합. 원 인용의 실제 대상은 4단계 문맥검토 필요
절	13	제1절: 선거 기관	L7625–L7688	제16장 제1절 연방 선거감독청	보존자료/05_비규범자료_보존부록.md:L979	장·절 전체의 대응은 조문별 목적지의 합집합. 원 인용의 실제 대상은 4단계 문맥검토 필요
절	13	제2절: 공개·감사·감찰	L7689–L7847	제16장 제1절 연방 선거감독청; 제16장 제3절 선거관리·투개표·보안·투명성	보존자료/05_비규범자료_보존부록.md:L988	장·절 전체의 대응은 조문별 목적지의 합집합. 원 인용의 실제 대상은 4단계 문맥검토 필요
절	13	제3절: 연방 내 선거 공통 규정·총칙	L7848–L8167	제16장 제2절 선거권·피선거권·선거 기본원칙; 제16장 제3절 선거관리·투개표·보안·투명성; 제16장 제10절 선거분쟁·위법행위·사법통제	보존자료/05_비규범자료_보존부록.md:L997	장·절 전체의 대응은 조문별 목적지의 합집합. 원 인용의 실제 대상은 4단계 문맥검토 필요
절	13	제4절: 위임·고시·검증	L8168–L8231	제16장 제3절 선거관리·투개표·보안·투명성	보존자료/05_비규범자료_보존부록.md:L1006	장·절 전체의 대응은 조문별 목적지의 합집합. 원 인용의 실제 대상은 4단계 문맥검토 필요
절	13	제5절: 선전·정보 규율	L8232–L8281	제16장 제3절 선거관리·투개표·보안·투명성; 제16장 제9절 선거운동·언론·정치자금·윤리	보존자료/05_비규범자료_보존부록.md:L1015	장·절 전체의 대응은 조문별 목적지의 합집합. 원 인용의 실제 대상은 4단계 문맥검토 필요
절	13	제6절: 보건·안전·능력	L8282–L8346	제16장 제3절 선거관리·투개표·보안·투명성; 제16장 제9절 선거운동·언론·정치자금·윤리	보존자료/05_비규범자료_보존부록.md:L1024	장·절 전체의 대응은 조문별 목적지의 합집합. 원 인용의 실제 대상은 4단계 문맥검토 필요
절	13	제7절: 방송·형사특례·표준시간	L8347–L8390	제16장 제2절 선거권·피선거권·선거 기본원칙; 제16장 제3절 선거관리·투개표·보안·투명성; 제16장 제9절 선거운동·언론·정치자금·윤리; 제16장 제10절 선거분쟁·위법행위·사법통제	보존자료/05_비규범자료_보존부록.md:L1033	장·절 전체의 대응은 조문별 목적지의 합집합. 원 인용의 실제 대상은 4단계 문맥검토 필요
절	13	제8절: 연방 최고평의회 선거	L8391–L8431	제16장 제4절 최고평의회 의장·부의장 선거	보존자료/05_비규범자료_보존부록.md:L1042	장·절 전체의 대응은 조문별 목적지의 합집합. 원 인용의 실제 대상은 4단계 문맥검토 필요
절	13	제9절: 연방 총의회 상·하원 선거	L8432–L8665	제6장 제2절 각 원의 조직·회기·운영; 제6장 제7절 조사·감시·윤리; 제14장 제9절 정보·능력·종교·경제 분야 비상특례; 제16장 제5절 상원·하원 선거; 제16장 제9절 선거운동·언론·정치자금·윤리; 제16장 제10절 선거분쟁·위법행위·사법통제	보존자료/05_비규범자료_보존부록.md:L1051	장·절 전체의 대응은 조문별 목적지의 합집합. 원 인용의 실제 대상은 4단계 문맥검토 필요
절	13	제10절: 제국도교 대리대표자 선거	L8666–L8706	제16장 제6절 자치단위·기타 헌정선거	보존자료/05_비규범자료_보존부록.md:L1060	장·절 전체의 대응은 조문별 목적지의 합집합. 원 인용의 실제 대상은 4단계 문맥검토 필요
절	13	제11절: 자치단위 선거	L8707–L8753	제16장 제6절 자치단위·기타 헌정선거	보존자료/05_비규범자료_보존부록.md:L1069	장·절 전체의 대응은 조문별 목적지의 합집합. 원 인용의 실제 대상은 4단계 문맥검토 필요
절	13	제12절: 신민투표(일반·중대·헌법)	L8754–L8770	제16장 제7절 신민투표·신민발안·청원	보존자료/05_비규범자료_보존부록.md:L1078	장·절 전체의 대응은 조문별 목적지의 합집합. 원 인용의 실제 대상은 4단계 문맥검토 필요
절	13	제13절: 방송·토론·공영배정	L8771–L8796	제16장 제9절 선거운동·언론·정치자금·윤리	보존자료/05_비규범자료_보존부록.md:L1087	장·절 전체의 대응은 조문별 목적지의 합집합. 원 인용의 실제 대상은 4단계 문맥검토 필요
절	13	제14절: 집행·감사·윤리·제재(정당·후원·회계)	L8797–L8834	제16장 제9절 선거운동·언론·정치자금·윤리	보존자료/05_비규범자료_보존부록.md:L1096	장·절 전체의 대응은 조문별 목적지의 합집합. 원 인용의 실제 대상은 4단계 문맥검토 필요
절	13	제15절: 정당제도	L8835–L8902	제16장 제8절 정당·정치적 결사; 제16장 제9절 선거운동·언론·정치자금·윤리	보존자료/05_비규범자료_보존부록.md:L1105	장·절 전체의 대응은 조문별 목적지의 합집합. 원 인용의 실제 대상은 4단계 문맥검토 필요
절	13	제16절: 신민발안·청원	L8903–L8919	제16장 제7절 신민투표·신민발안·청원	보존자료/05_비규범자료_보존부록.md:L1114	장·절 전체의 대응은 조문별 목적지의 합집합. 원 인용의 실제 대상은 4단계 문맥검토 필요
장	14	## 제14장: 헌법 기관; 연방 헌법 개헌과 국체 보존	L8920–L9345	제17장 제1절 개헌원칙·개헌한계·영구조항; 제17장 제2절 개헌발의·헌법원 사전심사; 제17장 제3절 총의회 심사·조정·의결; 제17장 제4절 신민투표·권역 이중다수; 제17장 제5절 황제 재가·공포·발효; 제17장 제6절 경과규정·무효·정리입법; 제21장 제3절 헌법상 정의·용어; 제21장 제4절 별표·인용·상호참조 원칙	보존자료/05_비규범자료_보존부록.md:L1123	장·절 전체의 대응은 조문별 목적지의 합집합. 원 인용의 실제 대상은 4단계 문맥검토 필요
절	14	제1절: 개헌 절차 총칙·한계와 국체 보존 원칙	L8922–L8977	제17장 제1절 개헌원칙·개헌한계·영구조항	보존자료/05_비규범자료_보존부록.md:L1125	장·절 전체의 대응은 조문별 목적지의 합집합. 원 인용의 실제 대상은 4단계 문맥검토 필요
절	14	제2절: 개시 기준 및 형식요건	L8978–L9030	제17장 제2절 개헌발의·헌법원 사전심사; 제17장 제5절 황제 재가·공포·발효	보존자료/05_비규범자료_보존부록.md:L1134	장·절 전체의 대응은 조문별 목적지의 합집합. 원 인용의 실제 대상은 4단계 문맥검토 필요
절	14	제3절: 심사·조정·표결	L9031–L9068	제17장 제3절 총의회 심사·조정·의결	보존자료/05_비규범자료_보존부록.md:L1143	장·절 전체의 대응은 조문별 목적지의 합집합. 원 인용의 실제 대상은 4단계 문맥검토 필요
절	14	제4절: 신민투표	L9069–L9164	제17장 제4절 신민투표·권역 이중다수	보존자료/05_비규범자료_보존부록.md:L1152	장·절 전체의 대응은 조문별 목적지의 합집합. 원 인용의 실제 대상은 4단계 문맥검토 필요
절	14	제5절: 공표·발효·경과	L9165–L9193	제17장 제5절 황제 재가·공포·발효; 제17장 제6절 경과규정·무효·정리입법	보존자료/05_비규범자료_보존부록.md:L1161	장·절 전체의 대응은 조문별 목적지의 합집합. 원 인용의 실제 대상은 4단계 문맥검토 필요
절	14	제6절: 데이터·표준·투명성	L9194–L9220	제17장 제5절 황제 재가·공포·발효	보존자료/05_비규범자료_보존부록.md:L1170	장·절 전체의 대응은 조문별 목적지의 합집합. 원 인용의 실제 대상은 4단계 문맥검토 필요
절	14	제7절: 위임 및 준거	L9221–L9252	제21장 제4절 별표·인용·상호참조 원칙	보존자료/05_비규범자료_보존부록.md:L1179	장·절 전체의 대응은 조문별 목적지의 합집합. 원 인용의 실제 대상은 4단계 문맥검토 필요
절	14	제8절: 보칙·윤리·책임	L9253–L9345	제17장 제3절 총의회 심사·조정·의결; 제17장 제4절 신민투표·권역 이중다수; 제17장 제5절 황제 재가·공포·발효; 제17장 제6절 경과규정·무효·정리입법; 제21장 제3절 헌법상 정의·용어	보존자료/05_비규범자료_보존부록.md:L1188	장·절 전체의 대응은 조문별 목적지의 합집합. 원 인용의 실제 대상은 4단계 문맥검토 필요
장	15	## 제15장: 정보 기관; 연방 내 정보 및 비전통 안보	L9346–L9950	제2장 제6절 전자공표·국가기록·디지털 헌정질서; 제18장 제1절 정보기관의 지위·원칙·정보기본권; 제18장 제2절 조직·관할·기관 간 협력; 제18장 제3절 정보수집·감시·영장·권리보호; 제18장 제4절 전략정보·징후·경보; 제18장 제5절 사이버·기술·핵심인프라 보안; 제18장 제6절 대외공작·국제정보협력; 제18장 제7절 비전통안보; 제18장 제8절 민주적·사법적·감사통제와 공개; 제21장 제1절 시행·경과규정	보존자료/05_비규범자료_보존부록.md:L1197	장·절 전체의 대응은 조문별 목적지의 합집합. 원 인용의 실제 대상은 4단계 문맥검토 필요
절	15	제1절: 기관의 지위·통제의 총칙	L9348–L9464	제18장 제1절 정보기관의 지위·원칙·정보기본권; 제18장 제3절 정보수집·감시·영장·권리보호; 제18장 제8절 민주적·사법적·감사통제와 공개	보존자료/05_비규범자료_보존부록.md:L1199	장·절 전체의 대응은 조문별 목적지의 합집합. 원 인용의 실제 대상은 4단계 문맥검토 필요
절	15	제2절:직제·분장 및 합동운영	L9465–L9552	제18장 제2절 조직·관할·기관 간 협력; 제18장 제3절 정보수집·감시·영장·권리보호; 제18장 제8절 민주적·사법적·감사통제와 공개	보존자료/05_비규범자료_보존부록.md:L1208	장·절 전체의 대응은 조문별 목적지의 합집합. 원 인용의 실제 대상은 4단계 문맥검토 필요
절	15	제3절: I&W(징후 및 경보) 체계	L9553–L9566	제18장 제4절 전략정보·징후·경보	보존자료/05_비규범자료_보존부록.md:L1217	장·절 전체의 대응은 조문별 목적지의 합집합. 원 인용의 실제 대상은 4단계 문맥검토 필요
절	15	제4절: 작전 권한 및 특수 기관	L9567–L9621	제18장 제3절 정보수집·감시·영장·권리보호	보존자료/05_비규범자료_보존부록.md:L1226	장·절 전체의 대응은 조문별 목적지의 합집합. 원 인용의 실제 대상은 4단계 문맥검토 필요
절	15	제5절: 사이버·기술·핵심 인프라 보안	L9622–L9672	제18장 제5절 사이버·기술·핵심인프라 보안	보존자료/05_비규범자료_보존부록.md:L1235	장·절 전체의 대응은 조문별 목적지의 합집합. 원 인용의 실제 대상은 4단계 문맥검토 필요
절	15	제6절: 공시·데이터·평가·KPI	L9673–L9782	제2장 제6절 전자공표·국가기록·디지털 헌정질서; 제18장 제3절 정보수집·감시·영장·권리보호; 제18장 제8절 민주적·사법적·감사통제와 공개	보존자료/05_비규범자료_보존부록.md:L1244	장·절 전체의 대응은 조문별 목적지의 합집합. 원 인용의 실제 대상은 4단계 문맥검토 필요
절	15	제7절: 대외공작·국제협력·비밀외교	L9783–L9867	제18장 제2절 조직·관할·기관 간 협력; 제18장 제6절 대외공작·국제정보협력; 제18장 제8절 민주적·사법적·감사통제와 공개	보존자료/05_비규범자료_보존부록.md:L1253	장·절 전체의 대응은 조문별 목적지의 합집합. 원 인용의 실제 대상은 4단계 문맥검토 필요
절	15	제8절: 비전통 안보 협력·대응	L9868–L9950	제18장 제7절 비전통안보; 제21장 제1절 시행·경과규정	보존자료/05_비규범자료_보존부록.md:L1262	장·절 전체의 대응은 조문별 목적지의 합집합. 원 인용의 실제 대상은 4단계 문맥검토 필요
장	16	## 제16장: 감사 기관; 연방 기구 투명성 보장	L9951–L10396	제14장 제9절 정보·능력·종교·경제 분야 비상특례; 제19장 제1절 감사원의 지위·독립성; 제19장 제2절 원장·조직·예산; 제19장 제3절 감사권한·범위·정보접근; 제19장 제4절 감사절차·피감사자 권리·신고자 보호; 제19장 제5절 감사결과·시정·C/E·이행점검; 제19장 제6절 사법통제·기관 간 연계; 제19장 제7절 감사정보·투명성·공개; 제21장 제1절 시행·경과규정; 제21장 제2절 구 헌정질서·기존 법규의 전환	보존자료/05_비규범자료_보존부록.md:L1271	장·절 전체의 대응은 조문별 목적지의 합집합. 원 인용의 실제 대상은 4단계 문맥검토 필요
절	16	제1절: 지위·독립성	L9953–L10004	제19장 제1절 감사원의 지위·독립성; 제19장 제2절 원장·조직·예산	보존자료/05_비규범자료_보존부록.md:L1273	장·절 전체의 대응은 조문별 목적지의 합집합. 원 인용의 실제 대상은 4단계 문맥검토 필요
절	16	제2절: 수장의 임면·예산 자율	L10005–L10036	제19장 제2절 원장·조직·예산	보존자료/05_비규범자료_보존부록.md:L1282	장·절 전체의 대응은 조문별 목적지의 합집합. 원 인용의 실제 대상은 4단계 문맥검토 필요
절	16	제3절: 권한·범위·정보접근	L10037–L10157	제19장 제3절 감사권한·범위·정보접근; 제19장 제4절 감사절차·피감사자 권리·신고자 보호	보존자료/05_비규범자료_보존부록.md:L1291	장·절 전체의 대응은 조문별 목적지의 합집합. 원 인용의 실제 대상은 4단계 문맥검토 필요
절	16	제4절: 절차·보고·공개의 원칙	L10158–L10213	제19장 제4절 감사절차·피감사자 권리·신고자 보호; 제19장 제7절 감사정보·투명성·공개	보존자료/05_비규범자료_보존부록.md:L1300	장·절 전체의 대응은 조문별 목적지의 합집합. 원 인용의 실제 대상은 4단계 문맥검토 필요
절	16	제5절: 이행·사법통제의 원칙	L10214–L10324	제14장 제9절 정보·능력·종교·경제 분야 비상특례; 제19장 제4절 감사절차·피감사자 권리·신고자 보호; 제19장 제5절 감사결과·시정·C/E·이행점검; 제19장 제6절 사법통제·기관 간 연계	보존자료/05_비규범자료_보존부록.md:L1309	장·절 전체의 대응은 조문별 목적지의 합집합. 원 인용의 실제 대상은 4단계 문맥검토 필요
절	16	제6절: 기관 간 연동의 원칙	L10325–L10382	제19장 제2절 원장·조직·예산; 제19장 제4절 감사절차·피감사자 권리·신고자 보호; 제19장 제6절 사법통제·기관 간 연계	보존자료/05_비규범자료_보존부록.md:L1318	장·절 전체의 대응은 조문별 목적지의 합집합. 원 인용의 실제 대상은 4단계 문맥검토 필요
절	16	제7절: 부칙	L10383–L10396	제21장 제1절 시행·경과규정; 제21장 제2절 구 헌정질서·기존 법규의 전환	보존자료/05_비규범자료_보존부록.md:L1327	장·절 전체의 대응은 조문별 목적지의 합집합. 원 인용의 실제 대상은 4단계 문맥검토 필요
장	17	## 제17장: 능력자 감독 기관; 연방 내 모든 유형의 능력자 관리감독	L10397–L11030	제14장 제9절 정보·능력·종교·경제 분야 비상특례; 제20장 제1절 능력자 감독체계의 지위·정의; 제20장 제2절 능력·위험·책임의 헌법원칙; 제20장 제3절 감독기관의 조직·권한; 제20장 제4절 등록·등급·면허·교육·훈련; 제20장 제5절 능력 사용의 제한·금지·공공질서; 제20장 제6절 차원안전·초월현상·장치·의식·차원재난; 제20장 제7절 능력정보·정신적 자유·개인정보·권리구제; 제20장 제8절 비상동원·국가방위·국외활동; 제20장 제9절 책임·분쟁·사법심사·배상; 제21장 제1절 시행·경과규정; 제21장 제4절 별표·인용·상호참조 원칙	보존자료/05_비규범자료_보존부록.md:L1336	장·절 전체의 대응은 조문별 목적지의 합집합. 원 인용의 실제 대상은 4단계 문맥검토 필요
절	17	제1절: 능력자 감독 기관의 지위·통제의 총칙	L10399–L10452	제14장 제9절 정보·능력·종교·경제 분야 비상특례; 제20장 제1절 능력자 감독체계의 지위·정의; 제20장 제2절 능력·위험·책임의 헌법원칙	보존자료/05_비규범자료_보존부록.md:L1338	장·절 전체의 대응은 조문별 목적지의 합집합. 원 인용의 실제 대상은 4단계 문맥검토 필요
절	17	제2절: 조직과 권한	L10453–L10534	제20장 제3절 감독기관의 조직·권한	보존자료/05_비규범자료_보존부록.md:L1347	장·절 전체의 대응은 조문별 목적지의 합집합. 원 인용의 실제 대상은 4단계 문맥검토 필요
절	17	제3절: 등록·등급·면허 및 훈련·배치치	L10535–L10644	제20장 제4절 등록·등급·면허·교육·훈련; 제20장 제5절 능력 사용의 제한·금지·공공질서; 제20장 제6절 차원안전·초월현상·장치·의식·차원재난; 제20장 제7절 능력정보·정신적 자유·개인정보·권리구제; 제20장 제8절 비상동원·국가방위·국외활동	보존자료/05_비규범자료_보존부록.md:L1356	장·절 전체의 대응은 조문별 목적지의 합집합. 원 인용의 실제 대상은 4단계 문맥검토 필요
절	17	제4절: 사용 제한·금지 구역 및 공공질서의 보호	L10645–L10741	제20장 제5절 능력 사용의 제한·금지·공공질서; 제20장 제6절 차원안전·초월현상·장치·의식·차원재난; 제20장 제7절 능력정보·정신적 자유·개인정보·권리구제	보존자료/05_비규범자료_보존부록.md:L1365	장·절 전체의 대응은 조문별 목적지의 합집합. 원 인용의 실제 대상은 4단계 문맥검토 필요
절	17	제5절: 차원 사건 및 장치·의식의 안전조치	L10742–L10780	제20장 제6절 차원안전·초월현상·장치·의식·차원재난	보존자료/05_비규범자료_보존부록.md:L1374	장·절 전체의 대응은 조문별 목적지의 합집합. 원 인용의 실제 대상은 4단계 문맥검토 필요
절	17	제6절: 책임·기록·감사·정보	L10781–L10887	제20장 제2절 능력·위험·책임의 헌법원칙; 제20장 제4절 등록·등급·면허·교육·훈련; 제20장 제6절 차원안전·초월현상·장치·의식·차원재난; 제20장 제7절 능력정보·정신적 자유·개인정보·권리구제; 제20장 제9절 책임·분쟁·사법심사·배상	보존자료/05_비규범자료_보존부록.md:L1383	장·절 전체의 대응은 조문별 목적지의 합집합. 원 인용의 실제 대상은 4단계 문맥검토 필요
절	17	제7절: 비상동원·국외 활동·전시 억지	L10888–L10933	제14장 제9절 정보·능력·종교·경제 분야 비상특례; 제20장 제5절 능력 사용의 제한·금지·공공질서; 제20장 제8절 비상동원·국가방위·국외활동	보존자료/05_비규범자료_보존부록.md:L1392	장·절 전체의 대응은 조문별 목적지의 합집합. 원 인용의 실제 대상은 4단계 문맥검토 필요
절	17	제8절: 분쟁 조정·사법심사·벌칙 및 경과조치	L10934–L11030	제20장 제5절 능력 사용의 제한·금지·공공질서; 제20장 제9절 책임·분쟁·사법심사·배상; 제21장 제1절 시행·경과규정; 제21장 제4절 별표·인용·상호참조 원칙	보존자료/05_비규범자료_보존부록.md:L1401	장·절 전체의 대응은 조문별 목적지의 합집합. 원 인용의 실제 대상은 4단계 문맥검토 필요
장	18	## 제18장: 기타 내용 및 부칙	L11031–L11308	제21장 제3절 헌법상 정의·용어	보존자료/05_비규범자료_보존부록.md:L1410	장·절 전체의 대응은 조문별 목적지의 합집합. 원 인용의 실제 대상은 4단계 문맥검토 필요
